id	book_key	source_file	name	role	is_filter	complexity_grade	timeframe	likely_existing_rule	description_160
R00-01	ranges	reference/brooks/mined/ranges/00_front_matter.json	TrendBar	Entry	False	trivial	any		Shared primitive: the current bar has a body that is at least a fraction of its range and closed up (long) / down (short).
R00-02	ranges	reference/brooks/mined/ranges/00_front_matter.json	DojiBar	Entry	False	trivial	any	BodyBelowAtrFraction	Shared primitive: the current bar's body is at most a small fraction of its range.
R00-03	ranges	reference/brooks/mined/ranges/00_front_matter.json	InsideBar	Entry	False	trivial	any	InsideBar	Shared primitive: the current bar's range is contained within the prior bar's range.
R00-04	ranges	reference/brooks/mined/ranges/00_front_matter.json	OutsideBar	Entry	False	trivial	any		Shared primitive: the current bar's range engulfs the prior bar's range.
R00-05	ranges	reference/brooks/mined/ranges/00_front_matter.json	OutsideUpBar	Entry	False	trivial	any		An outside bar that closed up (long) / down (short, outside down bar).
R00-06	ranges	reference/brooks/mined/ranges/00_front_matter.json	OutsideDownBar	Entry	False	trivial	any		Standalone primitive kept for the book's naming even though it is the mirror of R00-05; some entry bars in a strong bear trend's low 2 setups are explicitly out
R00-07	ranges	reference/brooks/mined/ranges/00_front_matter.json	DoubleInsideBar_ii	Entry	False	trivial	any		Two consecutive inside bars: bar[0] is inside bar[1], and bar[1] is inside bar[2]. A breakout-mode setup, direction-agnostic (breaks either way).
R00-08	ranges	reference/brooks/mined/ranges/00_front_matter.json	TripleInsideBar_iii	Entry	False	trivial	any		Three consecutive inside bars (the ii pattern extended one bar further back).
R00-09	ranges	reference/brooks/mined/ranges/00_front_matter.json	InsideOutsideInside_ioi	Entry	False	trivial	any		Three consecutive bars: bar[1] is an outside bar versus bar[2], and bar[0] is an inside bar versus bar[1].
R00-10	ranges	reference/brooks/mined/ranges/00_front_matter.json	OutsideInsideOutside_oio	Entry	False	trivial	any		Three consecutive bars: bar[1] is inside bar[2], bar[0] is an outside bar versus bar[1] (both bar[1]-vs-bar[2] and bar[0]-vs-bar[1] are the book's outside/insid
R00-11	ranges	reference/brooks/mined/ranges/00_front_matter.json	OutsideOutside_oo	Entry	False	trivial	any		Two consecutive outside bars where the second bar's range exceeds the first's.
R00-12	ranges	reference/brooks/mined/ranges/00_front_matter.json	ShavedBody	Entry	False	trivial	any		The bar has (near) zero tail at its top (long side test: close or open equals the high within tolerance) and/or at its bottom.
R00-13	ranges	reference/brooks/mined/ranges/00_front_matter.json	PauseBar	Entry	False	trivial	any		In an up-trend, the current bar's high does not meaningfully exceed the prior bar's high (at/below it, or only a few ticks above a strong prior trend bar). A ty
R00-14	ranges	reference/brooks/mined/ranges/00_front_matter.json	PullbackBar	Entry	False	trivial	any		Shared primitive: in an uptrend, the current bar's low is below the prior bar's low by at least one tick (mirror: high above the prior bar's high in a downtrend
R00-15	ranges	reference/brooks/mined/ranges/00_front_matter.json	ReversalBarMinimum	Entry	True	trivial	any	CloseRangePosition	A candidate bull (bear) reversal signal bar must at least close above its own open, or close above (below) its own midpoint, in a bear (bull) leg.
R00-16	ranges	reference/brooks/mined/ranges/00_front_matter.json	ReversalBarTailQuality	Entry	True	trivial	any		Quality filter on a bull reversal signal bar: its lower tail is a substantial fraction of the bar's range and its upper tail is small (mirror for bear reversal 
R00-17	ranges	reference/brooks/mined/ranges/00_front_matter.json	LowBarOverlapWithPrior	Entry	True	simple	any	ThinAreaLowBarOverlap	Quality filter: the signal bar overlaps the prior N bars' combined range by at most a fraction F.
R00-18	ranges	reference/brooks/mined/ranges/00_front_matter.json	Ledge	Entry	False	simple	any		Within the last N bars, at least two bars share the same low within a tick tolerance (bull ledge; mirror: same high, bear ledge).
R00-19	ranges	reference/brooks/mined/ranges/00_front_matter.json	Barbwire	Entry	True	moderate	any		Over the last N (>=3) bars, the bars largely overlap (a trading range) and at least one is a doji: a choppy, low-edge context that should suppress fresh with-tr
R00-20	ranges	reference/brooks/mined/ranges/00_front_matter.json	TradingRangeBar	Entry	True	trivial	any		Shared primitive: the current bar's range overlaps the prior bar's range by at least a fraction F of the prior bar's range.
R00-21	ranges	reference/brooks/mined/ranges/00_front_matter.json	TightTradingRange	Entry	True	simple	any		Over the last N bars, consecutive bars overlap heavily (a stricter, longer-window version of TradingRangeBar): stand aside from with-trend stop entries.
R00-22	ranges	reference/brooks/mined/ranges/00_front_matter.json	OpeningGap	Entry	False	moderate	intraday-only		The first bar of the session opens beyond the prior day's extreme (above yesterday's high for an up gap, below yesterday's low for a down gap).
R00-23	ranges	reference/brooks/mined/ranges/00_front_matter.json	MovingAverageGapBar	Entry	False	moderate	any		Shared primitive: the current bar's low is above the EMA (long) / high is below the EMA (short) -- the bar does not touch the 20-bar EMA.
R00-24	ranges	reference/brooks/mined/ranges/00_front_matter.json	TwentyMovingAverageGapBars	Entry	True	moderate	any		At least N consecutive bars have all been moving-average gap bars in the same direction -- a strong-trend context filter; once the streak ends (a bar finally to
R00-25	ranges	reference/brooks/mined/ranges/00_front_matter.json	GapReversal	Entry	False	moderate	intraday-only		After an opening gap up, a subsequent bar trades at least one tick below the low of the first bar of the session (mirror: gap down, trades above the first bar's
R00-26	ranges	reference/brooks/mined/ranges/00_front_matter.json	MicroMeasuringGap	Entry	False	trivial	any		For a strong bull trend bar at index b, the bar after it (b-1) does not overlap the bar before it (b+1): low[b-1] is at or above high[b+1]. A sign-of-strength p
R00-27	ranges	reference/brooks/mined/ranges/00_front_matter.json	SwingHigh	Entry	False	moderate	any		Shared primitive: a confirmed swing high pivot, verified one bar after it forms (its high is at or above both neighbors).
R00-28	ranges	reference/brooks/mined/ranges/00_front_matter.json	SwingLow	Entry	False	moderate	any		Shared primitive: mirror of SwingHigh, confirmed one bar after it forms.
R00-29	ranges	reference/brooks/mined/ranges/00_front_matter.json	SwingExtremeExceedsPrior	Entry	True	moderate	any		The most recently confirmed swing high is higher than the one before it (bull structure); mirror: most recent swing low is lower than the one before it (bear st
R00-30	ranges	reference/brooks/mined/ranges/00_front_matter.json	SwingRetracementHoldsTrend	Entry	True	moderate	any		The most recently confirmed swing low is higher than the one before it (bull trend intact); mirror: most recent swing high is lower than the one before it (bear
R00-31	ranges	reference/brooks/mined/ranges/00_front_matter.json	DoubleTop	Entry	False	moderate	any		The current bar's high is within a tick tolerance of a prior swing high within the lookback window (mirror: DoubleBottom on lows).
R00-32	ranges	reference/brooks/mined/ranges/00_front_matter.json	DoubleBottom	Entry	False	moderate	any		Mirror of DoubleTop on swing lows.
R00-33	ranges	reference/brooks/mined/ranges/00_front_matter.json	TrendingClosesConsecutive	Entry	True	simple	any	ConsecutiveUpBars	Each of the last N bars closed above (long) / below (short) the prior bar's close -- a strength/context filter (also stated for highs and lows, 'trending highs 
R00-34	ranges	reference/brooks/mined/ranges/00_front_matter.json	TrendingSwings	Entry	True	hard	any		Over the last M confirmed swings, each swing high is higher than the one before it AND each swing low is higher than the one before it (bull); mirror for bear.
R00-35	ranges	reference/brooks/mined/ranges/00_front_matter.json	BreakoutBeyondSwingPoint	Entry	False	moderate	any	CloseAbovePriorHighestHigh	Shared primitive: the current bar's high (low) closes/extends beyond the most recent confirmed swing high (low).
R00-36	ranges	reference/brooks/mined/ranges/00_front_matter.json	BreakoutPullbackWindow	Entry	True	moderate	any		Context filter: the market is within N bars of a breakout and has pulled back (a PullbackBar has occurred) without yet resuming -- flags the setup as a breakout
R00-37	ranges	reference/brooks/mined/ranges/00_front_matter.json	BreakoutTestNearEntry	Entry	True	moderate	any		Context filter: since the breakout, price has come back within a tick tolerance of the breakout entry price (a test of the breakeven stop), with no bar-count li
R00-38	ranges	reference/brooks/mined/ranges/00_front_matter.json	FailedFailureResumes	Entry	False	hard	any		After a breakout failed (price traded back through the breakout point), the market now trades back above a recent prior bar's high within a few bars, resuming t
R00-39	ranges	reference/brooks/mined/ranges/00_front_matter.json	MicroTrendLineBreakout	Entry	False	hard	any		A short trend line fit through 2-10 recent bars is briefly broken by one bar and then price returns to the trend-line side, setting up a with-trend entry (or, i
R00-40	ranges	reference/brooks/mined/ranges/00_front_matter.json	ShrinkingStairsMomentumWaning	Entry	True	hard	any		Filter: over the last N breakouts to a new trend extreme, each breakout's size (new extreme minus prior extreme) is smaller than the one before it -- momentum i
R00-41	ranges	reference/brooks/mined/ranges/00_front_matter.json	NTickFailedBreakout	Exit	False	moderate	any		A with-trend entry that reached only N ticks beyond the signal bar's trigger before the next bar's low fell back below the signal bar's low (long side) -- a fai
R00-42	ranges	reference/brooks/mined/ranges/00_front_matter.json	ThreePushWedge	Entry	False	hard	any		Three consecutive swing highs (or lows), each extending further than the last, with the connecting trend line and trend channel line converging -- a reversal or
R00-43	ranges	reference/brooks/mined/ranges/00_front_matter.json	MicroTrendChannelLine	Entry	False	hard	any		Shared primitive: a short channel line fit through the highs (bear) or lows (bull) of the last 3-5 consecutive bars.
R00-44	ranges	reference/brooks/mined/ranges/00_front_matter.json	TrendChannelLineOvershoot	Entry	False	hard	any		The current bar's high (bull channel line) trades beyond the projected trend channel line -- a climax-warning signal, often preceding a reversal.
R00-45	ranges	reference/brooks/mined/ranges/00_front_matter.json	TrendChannelLineUndershoot	Entry	True	hard	any		The current bar approaches the projected trend channel line within a tolerance but reverses without reaching it -- a sign of weakening momentum inside the chann
R00-46	ranges	reference/brooks/mined/ranges/00_front_matter.json	MicroChannel	Entry	True	hard	any		Filter: over the last N bars, most bars touch (within tolerance) both the micro trend line and the micro trend channel line, and at most K PullbackBars occurred
R00-47	ranges	reference/brooks/mined/ranges/00_front_matter.json	TrendFromOpen	Entry	True	hard	intraday-only		Filter/context: the session's directional extreme was set within the first few bars and has not been challenged for most of the session -- a strong with-trend-o
R00-48	ranges	reference/brooks/mined/ranges/00_front_matter.json	AlwaysInDirection	Entry	True	research	any		Global regime concept gating every entry: the market's presumed always-in direction, read here as a proxy -- bullish when most of the last N bars closed above t
R00-49	ranges	reference/brooks/mined/ranges/00_front_matter.json	BuyClimaxAfterConsecutiveTrendBars	Exit	False	simple	daily-ok	ConsecutiveCloseExit	Take (partial or full) profits on a long when the last N bars were all bull trend bars after a protracted prior bull run -- a buy-climax exhaustion signal (mirr
R00-50	ranges	reference/brooks/mined/ranges/00_front_matter.json	DeepPullbackTreatedAsNewTrend	Entry	True	hard	any		Filter: once a countertrend pullback has retraced at least X% of the prior trend's range (trend start to trend extreme), stop assuming with-trend continuation i
R00-51	ranges	reference/brooks/mined/ranges/00_front_matter.json	ReversalRequiresTrendLineBreakThenTest	Entry	True	hard	any		Filter: permit a countertrend/reversal entry only if, within the last N bars, price broke the prevailing trend line with a strong (large-bodied) countertrend mo
R00-52	ranges	reference/brooks/mined/ranges/00_front_matter.json	SecondSignalPreferredOverFirst	Entry	True	research	any		Filter: prefer (or require) the second occurrence of a given setup pattern within N bars of its first occurrence over taking the first occurrence -- used pervas
R00-53	ranges	reference/brooks/mined/ranges/00_front_matter.json	SecondMovingAverageGapBarSetup	Entry	True	hard	any		After a first MovingAverageGapBar, if the subsequent pullback toward the EMA fails to reach it and price resumes away from the EMA, the next reversal back towar
R00-54	ranges	reference/brooks/mined/ranges/00_front_matter.json	TrailStopBelowLastHigherLow	Exit	False	moderate	any	TrailingStop	For an open long, once a new swing high forms, move the protective stop up to just below the most recently confirmed higher swing low (mirror for shorts: below 
R00-55	ranges	reference/brooks/mined/ranges/00_front_matter.json	NoPullbackStreakTrendStrength	Entry	True	simple	any		Filter: no PullbackBar has occurred in the last N bars -- a strong-trend confirmation used to favor with-trend entries and disfavor countertrend attempts.
R00-56	ranges	reference/brooks/mined/ranges/00_front_matter.json	NoConsecutiveClosesOppositeEma	Entry	True	moderate	any		Filter: over the last N bars, no two consecutive trend-bar closes fell on the opposite side of the EMA from the prevailing trend -- a strong-trend confirmation 
R00-57	ranges	reference/brooks/mined/ranges/00_front_matter.json	VolumeSpikeBreakoutConfirmation	Entry	True	simple	any	VolumeAboveAverageMultiple	Filter: the breakout bar's volume is at least K times the average volume of the recent N bars -- raises confidence in with-trend follow-through.
R00-58	ranges	reference/brooks/mined/ranges/00_front_matter.json	FirstPullbackDelayedBars	Entry	True	moderate	any		Filter: the first PullbackBar after a breakout does not occur until at least N bars after the breakout -- a sign-of-strength condition for the breakout's qualit
R00-59	ranges	reference/brooks/mined/ranges/00_front_matter.json	FirstPullbackShortAndShallow	Entry	True	moderate	any		Filter: the pullback following a breakout lasts at most N bars and its worst excursion does not reach back to the breakout point -- a further sign-of-strength c
R00-60	ranges	reference/brooks/mined/ranges/00_front_matter.json	PullbackLegCounter	Entry	False	hard	any		Shared primitive: while a pullback (sideways/down move in a bull trend) is in progress, count each bar whose high exceeds the prior bar's high as ending one leg
R00-61	ranges	reference/brooks/mined/ranges/00_front_matter.json	PullbackLegNEntry	Entry	False	hard	any		Enter long when the pullback leg counter reaches exactly N and the current bar's high breaks above the prior bar's high (the High-N signal bar); mirror: enter s
R00-62	ranges	reference/brooks/mined/ranges/00_front_matter.json	PullbackLegNFailureShiftsControl	Entry	True	research	any		Context signal: if a triggered Low-N short (typically N=4) is stopped out (a later bar's high exceeds the signal bar's high), treat it as evidence the prevailin
RP1-01	ranges	reference/brooks/mined/ranges/01-part_i_breakouts_transitioning_into_a_new_trend.json	AlwaysInTrendContext	Entry	True	research	any		Shared primitive: a persistent regime state, whether the market's inferred ‘always-in’ direction is long or short. Used throughout the chapter to gate which sid
RP1-02	ranges	reference/brooks/mined/ranges/01-part_i_breakouts_transitioning_into_a_new_trend.json	SignificantBreakoutBar	Entry	False	trivial	any		Shared primitive: the current bar is a large trend bar with small tails on both ends — Brooks's test for a breakout that is likely to have follow-through.
RP1-03	ranges	reference/brooks/mined/ranges/01-part_i_breakouts_transitioning_into_a_new_trend.json	BreakoutPoint	Entry	False	simple	any	CloseAbovePriorHigh	Shared primitive: the bar closes beyond the highest high (or lowest low) of the prior N bars — the breakout point that later chapters remember and test.
RP1-04	ranges	reference/brooks/mined/ranges/01-part_i_breakouts_transitioning_into_a_new_trend.json	BreakoutPullbackTest	Entry	False	moderate	any		After a breakout at bar b, a later bar's low returns to within the breakout-gap area around the remembered breakout point without trading meaningfully below it 
RP1-05	ranges	reference/brooks/mined/ranges/01-part_i_breakouts_transitioning_into_a_new_trend.json	NestedRangeBreakoutFilter	Entry	True	simple	any	CloseAbovePriorHighestHigh	Filter: only trust an upside breakout as the start of a new trend (buy the close / use a wide stop) once it also clears a much longer lookback high; a breakout 
RP1-06	ranges	reference/brooks/mined/ranges/01-part_i_breakouts_transitioning_into_a_new_trend.json	WeakBreakoutBarBlocksFollowThrough	Entry	True	moderate	any		Filter: if the bar that made the breakout is not itself a significant trend bar in the breakout direction (e.g. it is a reversal or doji bar), treat the breakou
RP1-07	ranges	reference/brooks/mined/ranges/01-part_i_breakouts_transitioning_into_a_new_trend.json	SpikeHeightMeasuredMoveTarget	Exit	False	moderate	any		After a with-trend breakout spike, project a target beyond the breakout point equal to the height of the spike that produced it; exit (or take partial profits o
RP1-08	ranges	reference/brooks/mined/ranges/01-part_i_breakouts_transitioning_into_a_new_trend.json	FadeWeakReversalAgainstStrongerSpike	Entry	False	moderate	any		In a bull trend, a bear trend bar whose range is small relative to the bull spike that preceded it is likely to fail as a reversal; buy at its close (or above i
RP1-09	ranges	reference/brooks/mined/ranges/01-part_i_breakouts_transitioning_into_a_new_trend.json	BearBarInBullTrendFirstTarget	Exit	False	moderate	any		After buying the close of a bear bar per RP1-08, the first exit target is that same bar's high.
RP1-10	ranges	reference/brooks/mined/ranges/01-part_i_breakouts_transitioning_into_a_new_trend.json	BearBarInBullTrendMeasuredMoveTarget	Exit	False	moderate	any		Second exit target after RP1-09: project the height of the bear entry bar above its own high.
RP1-11	ranges	reference/brooks/mined/ranges/01-part_i_breakouts_transitioning_into_a_new_trend.json	ReversalBarVolumeMultipleConfirmation	Entry	True	simple	any	VolumeAboveAverageMultiple	Filter: a reversal bar's volume must be at least K times the N-bar average bar volume for the reversal to be considered reliable.
RP1-12	ranges	reference/brooks/mined/ranges/01-part_i_breakouts_transitioning_into_a_new_trend.json	ReversalBarAbsoluteVolumeThreshold	Entry	True	trivial	intraday-only		Filter: a reversal bar's volume must exceed a fixed absolute contract count — a second, instrument-specific volume test distinct from the relative-multiple test
RP1-13	ranges	reference/brooks/mined/ranges/01-part_i_breakouts_transitioning_into_a_new_trend.json	ChannelGapTestContinuation	Entry	False	hard	any		After a breakout spike is followed by a tight trend channel, price testing back down into the area of (and slightly below) the first channel bar's low, while st
RP1-14	ranges	reference/brooks/mined/ranges/01-part_i_breakouts_transitioning_into_a_new_trend.json	ConsecutiveBuyClimaxesExpectCorrection	Entry	True	research	any		Filter: after the Nth consecutive buy climax (a bull spike with little or no intervening correction), stop adding to longs and expect a two-legged correction ra
RP1-15	ranges	reference/brooks/mined/ranges/01-part_i_breakouts_transitioning_into_a_new_trend.json	TwoLegTenBarCorrectionMinimum	Entry	True	research	any		Filter: after a correction begins (per RP1-14), withhold new with-trend entries until at least minCorrectionBars have passed and minLegs legs of the correction 
RP1-16	ranges	reference/brooks/mined/ranges/01-part_i_breakouts_transitioning_into_a_new_trend.json	TrendLineAndMABreakEnablesCountertrend	Entry	True	hard	any		Filter: permit aggressive countertrend entries at the next test of the trend extreme only once a pullback has closed below both the trend line and the moving av
RP1-17	ranges	reference/brooks/mined/ranges/01-part_i_breakouts_transitioning_into_a_new_trend.json	MinorTrendBreakoutWithinPullbackFade	Entry	True	hard	any		Filter: when a minor countertrend pullback within a larger trend breaks above (bear-trend case: below) its own first or second internal swing, do not buy that b
RP1-18	ranges	reference/brooks/mined/ranges/01-part_i_breakouts_transitioning_into_a_new_trend.json	ShrinkingTrendPullbacksIndicateMaturity	Entry	True	research	any		Filter: once recent pullbacks within a trend grow beyond a fraction of ATR, treat the trend as maturing into a trading range and fade new-high/new-low breakouts
RP1-19	ranges	reference/brooks/mined/ranges/01-part_i_breakouts_transitioning_into_a_new_trend.json	BreakoutTestEntryAtPriorBarHigh	Entry	False	moderate	any		After a significant breakout bar, if the following bar's low comes back down to the high of the bar that preceded the breakout, buy there with a limit order and
R01-01	ranges	reference/brooks/mined/ranges/01_example_of_how_to_trade_a_breakout.json	BullTrendBar	Entry	False	trivial	any		Shared primitive: the current bar is a bull trend bar (closed up, body is most of its range).
R01-02	ranges	reference/brooks/mined/ranges/01_example_of_how_to_trade_a_breakout.json	TrailingStopBelowRecentStrongTrendBar	Exit	False	moderate	any		While long, trail the protective stop to just below the low of the most recent large-range bull trend bar, instead of a fixed distance.
R01-03	ranges	reference/brooks/mined/ranges/01_example_of_how_to_trade_a_breakout.json	TrailingStopInMicroMeasuringGap	Exit	False	hard	any		Trail the protective stop into the most recent micro measuring gap: a two-bar-apart gap where a bar's low sits above the high of the bar two bars earlier.
R01-04	ranges	reference/brooks/mined/ranges/01_example_of_how_to_trade_a_breakout.json	AddOnDuringContinuingSpike	Entry	False	moderate	any		While already long and the spike continues (each new bar is another significant trend bar making a higher high), add to the position rather than waiting for a p
R01-05	ranges	reference/brooks/mined/ranges/01_example_of_how_to_trade_a_breakout.json	RestingStopAboveSpikeHigh	Entry	False	simple	any	HighestHighBreakout	While flat or looking to enter with-trend during a strong spike, keep a resting buy stop one tick above the recent spike high active, so a sudden resumption is 
R01-06	ranges	reference/brooks/mined/ranges/01_example_of_how_to_trade_a_breakout.json	BreakoutEntryRequiresPriorTrendStrength	Entry	True	simple	any		Filter: only take the raw stop entry above a swing high (skipping the pullback entry) once recent bars already show strong with-trend character; otherwise prefe
R01-07	ranges	reference/brooks/mined/ranges/01_example_of_how_to_trade_a_breakout.json	FailedBearBreakoutBullBodyConfirmation	Entry	False	trivial	any		After a bear trend bar in a bull trend, if the very next bar has any bull body (even a small one), treat the bear breakout as likely failed and buy its close an
R01-08	ranges	reference/brooks/mined/ranges/01_example_of_how_to_trade_a_breakout.json	NearEmaAugmentsReversalOdds	Entry	True	moderate	any		Filter: the failed-bear-breakout confirmation (R01-07) is more reliable when the confirming bar sits at or near the EMA.
R01-09	ranges	reference/brooks/mined/ranges/01_example_of_how_to_trade_a_breakout.json	FirstPullbackAfterNewLegUnlikelyToReverse	Entry	True	moderate	any		Filter: the first pullback after a fresh, strong trend leg begins rarely reverses the trend; increase confidence buying it (with-trend) rather than fading it.
R01-10	ranges	reference/brooks/mined/ranges/01_example_of_how_to_trade_a_breakout.json	SignalBarBodyMatchesTradeDirection	Entry	True	trivial	any		Filter: a breakout-pullback signal bar is more reliable when its own body closes in the trade direction (a bull body for a long setup) rather than a bear or doj
R01-11	ranges	reference/brooks/mined/ranges/01_example_of_how_to_trade_a_breakout.json	MovingAverageGapBar	Entry	False	moderate	any		Shared primitive: a bar whose entire range sits on one side of the EMA without touching it — used as evidence of countertrend strength and as a stand-alone sign
R01-12	ranges	reference/brooks/mined/ranges/01_example_of_how_to_trade_a_breakout.json	GapMidpointOrFirstLegHighMeasuredMove	Exit	False	hard	any		After a breakout gap forms, project a measured move from whichever of two anchors is nearer — the gap's midpoint or the high of the first leg up to the breakout
R01-13	ranges	reference/brooks/mined/ranges/01_example_of_how_to_trade_a_breakout.json	ThirdConsecutiveClimaxLateSessionAvoidCountertrend	Entry	True	research	intraday-only		Filter: after the Nth consecutive buy climax, avoid initiating a countertrend short if too little of the session remains for a full multi-bar, two-legged correc
R02-01	ranges	reference/brooks/mined/ranges/02_signs_of_strength_in_a_breakout.json	BreakoutBarBodyDominance	Entry	True	trivial	any		Sign of strength: the breakout bar is a large-bodied trend bar with small or no tails.
R02-02	ranges	reference/brooks/mined/ranges/02_signs_of_strength_in_a_breakout.json	BreakoutVolumeMultiple	Entry	True	simple	any	VolumeAboveAverageMultiple	Sign of strength: the breakout bar's volume is a large multiple of the recent average.
R02-03	ranges	reference/brooks/mined/ranges/02_signs_of_strength_in_a_breakout.json	SpikeBreaksMultipleResistanceLevels	Entry	True	hard	any		Sign of strength: within the spike, price clears several distinct resistance levels (EMA, a swing high, a trend line) by more than a minimal margin.
R02-04	ranges	reference/brooks/mined/ranges/02_signs_of_strength_in_a_breakout.json	FollowThroughBarSize	Entry	True	simple	any		Sign of strength: the bar(s) immediately after the breakout bar have with-trend bodies at least as large as the recent average body.
R02-05	ranges	reference/brooks/mined/ranges/02_signs_of_strength_in_a_breakout.json	SpikeLengthWithoutPullback	Entry	True	moderate	any		Sign of strength: the spike runs for several bars with no pullback longer than one bar.
R02-06	ranges	reference/brooks/mined/ranges/02_signs_of_strength_in_a_breakout.json	BreakoutClearsScalpDistance	Entry	True	simple	any		Sign of strength: price clears the breakout swing high by at least a scalper's-profit distance.
R02-07	ranges	reference/brooks/mined/ranges/02_signs_of_strength_in_a_breakout.json	SpikeBarLowNearPriorClose	Entry	True	simple	any		Sign of strength: somewhere in the spike, a bar's low barely dipped below the prior bar's close (almost no give-back).
R02-08	ranges	reference/brooks/mined/ranges/02_signs_of_strength_in_a_breakout.json	SpikeBarOpenAbovePriorClose	Entry	True	simple	any		Sign of strength: somewhere in the spike, a bar gapped open above the prior close.
R02-09	ranges	reference/brooks/mined/ranges/02_signs_of_strength_in_a_breakout.json	SpikeBarStrongClose	Entry	True	simple	any	CloseRangePosition	Sign of strength: somewhere in the spike, a bar closed at or within a tick of its own high.
R02-10	ranges	reference/brooks/mined/ranges/02_signs_of_strength_in_a_breakout.json	MicroGapAfterTrendBar	Entry	True	moderate	any		Sign of strength: a three-bar micro gap forms around a trend bar — the bar following it never trades back into the range of the bar preceding it.
R02-11	ranges	reference/brooks/mined/ranges/02_signs_of_strength_in_a_breakout.json	TrendResumptionContext	Entry	True	research	any		Sign of strength: the breakout occurs as a trend resumption or a higher-low test after a trend-line break, rather than in a neutral context.
R02-12	ranges	reference/brooks/mined/ranges/02_signs_of_strength_in_a_breakout.json	RecentStrongTrendDays	Entry	True	research	daily-ok	TrendDayWithTrendOnly	Sign of strength: several of the recent daily bars qualify as strong trend days.
R02-13	ranges	reference/brooks/mined/ranges/02_signs_of_strength_in_a_breakout.json	TrendBarDominanceInRange	Entry	True	moderate	any	TailBarCountDominance	Sign of strength: over the trading range preceding the breakout, bull trend bars clearly outnumber bear trend bars.
R02-14	ranges	reference/brooks/mined/ranges/02_signs_of_strength_in_a_breakout.json	FirstPullbackDelayed	Entry	True	moderate	any		Sign of strength: no meaningful pullback occurs until at least N bars into the breakout.
R02-15	ranges	reference/brooks/mined/ranges/02_signs_of_strength_in_a_breakout.json	FirstPullbackShortDuration	Entry	True	moderate	any		Sign of strength: the first pullback is brief and was not triggered by a strong reversal bar.
R02-16	ranges	reference/brooks/mined/ranges/02_signs_of_strength_in_a_breakout.json	FirstPullbackShallow	Entry	True	moderate	any		Sign of strength: the first pullback's low stays above both the breakout point and the entry price.
R02-17	ranges	reference/brooks/mined/ranges/02_signs_of_strength_in_a_breakout.json	BreakoutReversesManyBars	Entry	True	simple	any	CloseAbovePriorHighestHigh	Sign of strength, graded by degree: count how many of the last N bars' highs and closes the breakout bar's close reverses; a close-based reversal count is a str
R02-18	ranges	reference/brooks/mined/ranges/02_signs_of_strength_in_a_breakout.json	WeakBreakoutBarSmallBodyLargeTail	Entry	True	trivial	any		Sign of weakness: the breakout bar has only a modest body and a prominent tail against the breakout direction.
R02-19	ranges	reference/brooks/mined/ranges/02_signs_of_strength_in_a_breakout.json	StrongBearReversalAfterBreakout	Entry	True	moderate	any		Sign of weakness: the bar right after the breakout bar is a full-bodied bear reversal or inside bar closing near its low.
R02-20	ranges	reference/brooks/mined/ranges/02_signs_of_strength_in_a_breakout.json	UnfavorableRallyContext	Entry	True	research	any		Sign of weakness: the leg leading into the breakout already shows two-sided character (bear bars, overlap, tails, pullbacks).
R02-21	ranges	reference/brooks/mined/ranges/02_signs_of_strength_in_a_breakout.json	PriorTradingRangeDays	Entry	True	research	daily-ok		Sign of weakness: recent daily bars have been range-bound rather than trending (mirrors R02-12).
R02-22	ranges	reference/brooks/mined/ranges/02_signs_of_strength_in_a_breakout.json	NoMicroGapOverlap	Entry	True	moderate	any		Sign of weakness: no micro gap forms around the trend bar — the following bar trades back into the range of the bar preceding it (mirrors R02-10).
R02-23	ranges	reference/brooks/mined/ranges/02_signs_of_strength_in_a_breakout.json	FirstPullbackTooEarly	Entry	True	moderate	any		Sign of weakness: a pullback shows up almost immediately after the breakout (mirrors R02-14's delayed-pullback strength sign).
R02-24	ranges	reference/brooks/mined/ranges/02_signs_of_strength_in_a_breakout.json	FirstPullbackTooLong	Entry	True	moderate	any		Sign of weakness: the first pullback runs long instead of resolving in one or two bars (mirrors R02-15).
R02-25	ranges	reference/brooks/mined/ranges/02_signs_of_strength_in_a_breakout.json	StalledResumptionLowerHigh	Entry	True	hard	any		Sign of weakness: the attempted resumption after the pullback fails to make a new high and instead prints a lower high with a bear signal bar.
R02-26	ranges	reference/brooks/mined/ranges/02_signs_of_strength_in_a_breakout.json	BarelyClearsResistanceThenReverses	Entry	True	hard	any		Sign of weakness: the spike barely exceeds a resistance level before immediately reversing.
R02-27	ranges	reference/brooks/mined/ranges/02_signs_of_strength_in_a_breakout.json	BarelyClearsMultipleLevelsWithoutBreaking	Entry	True	hard	any		Sign of weakness: the spike clears only the nearest of several nearby resistance levels and pulls back before reaching the next one.
R02-28	ranges	reference/brooks/mined/ranges/02_signs_of_strength_in_a_breakout.json	ScalpProfitNotAchievedBeforePullback	Entry	True	moderate	any		Sign of weakness: price never travels far enough beyond the swing-high breakout to reach a scalp target before pulling back (mirrors R02-06's strength sign).
R02-29	ranges	reference/brooks/mined/ranges/02_signs_of_strength_in_a_breakout.json	PullbackBelowBreakoutPointNoGap	Entry	True	moderate	any		Sign of weakness: the pullback trades below the breakout point, and the spike never formed one of the micro gaps that would otherwise mark it as strong.
R02-30	ranges	reference/brooks/mined/ranges/02_signs_of_strength_in_a_breakout.json	PullbackBelowSpikeStart	Entry	True	moderate	any		Sign of weakness: the pullback erases the entire spike, trading below where the spike began.
R02-31	ranges	reference/brooks/mined/ranges/02_signs_of_strength_in_a_breakout.json	PullbackHitsBreakeven	Entry	True	trivial	any		Sign of weakness: the pullback trades back to the position's own entry price.
R02-32	ranges	reference/brooks/mined/ranges/02_signs_of_strength_in_a_breakout.json	BreakoutStrengthComposite	Entry	True	research	any		Composite named by Brooks himself: score a breakout by how many of the individual signs of strength (R02-01..R02-17) are present, and require at least a minimum
R02-33	ranges	reference/brooks/mined/ranges/02_signs_of_strength_in_a_breakout.json	StrictBreakoutDefinition	Entry	False	simple	any	HighestHighBreakout	Primitive: the loosest possible breakout test — a new high (or low) versus a very long lookback window, approximating ‘any prior bar’.
R02-34	ranges	reference/brooks/mined/ranges/02_signs_of_strength_in_a_breakout.json	SpikeMeasuredMoveOpenToClose	Exit	False	moderate	any		After a strong spike from bar s to bar e, project a measured move using the spike's open-to-close height (rather than its high-low range) added beyond the spike
R02-35	ranges	reference/brooks/mined/ranges/02_signs_of_strength_in_a_breakout.json	ReversalWithoutTouchingResistanceIsStrongSign	Entry	True	hard	any		Filter: a reversal that begins before price even reaches a nearby remembered resistance level is a stronger with-trend signal than one that waits for the level 
R02-36	ranges	reference/brooks/mined/ranges/02_signs_of_strength_in_a_breakout.json	FinalHourForcedLiquidationBreakout	Entry	True	research	intraday-only		Filter/context: a fresh break to a new extreme in the final hour of a strong trend day is more likely forced liquidation than fresh conviction, and typically la
R02-37	ranges	reference/brooks/mined/ranges/02_signs_of_strength_in_a_breakout.json	ThreePushChannelReversalSetup	Entry	True	hard	any		Filter/context: once a trend channel has made its third push (swing extreme) in the same direction, expect at least a reversal attempt or correction.
R03-01	ranges	reference/brooks/mined/ranges/03_initial_breakout.json	BreakoutFollowThroughWeaknessBar	Entry	True	moderate	any		Filter: the bar right after a short breakout is itself weak (small body, doji, inside bar, large tail, or opposite color) — a sign the breakout may fail.
R03-02	ranges	reference/brooks/mined/ranges/03_initial_breakout.json	MultipleMeasuredMoveTargetsWatchNearest	Exit	False	hard	any		When several measured-move candidates (open-to-close, open-to-high, low-to-close, low-to-high of the spike, all projected forward) are in play, take profits at 
R03-03	ranges	reference/brooks/mined/ranges/03_initial_breakout.json	WedgeMeasuredMoveTarget	Exit	False	hard	any		After a failed three-push wedge, project a measured move from the wedge's start low to its top, added again above the top.
R03-04	ranges	reference/brooks/mined/ranges/03_initial_breakout.json	BreakevenStopAfterProfitThreshold	Exit	False	trivial	any		Once open profit reaches a fixed tick threshold, move the protective stop to the entry price.
R03-05	ranges	reference/brooks/mined/ranges/03_initial_breakout.json	ShortFadeAtThirdPushWedgeHigh	Entry	False	hard	any		When a buy setup forms right at a third-push wedge high in a strong trend, fade it: short above the failing buy signal bar's high rather than buying it.
R03-06	ranges	reference/brooks/mined/ranges/03_initial_breakout.json	DojiSignalBarLessReliable	Entry	True	trivial	any		Filter: a doji bar is a weaker signal bar than a trend bar; reduce confidence in (or skip) entries whose signal bar is a doji.
R03-07	ranges	reference/brooks/mined/ranges/03_initial_breakout.json	TrappedBuyerStopRunShort	Entry	False	moderate	any		After a strong trend bar fails to trigger its own continuation (the next bar never exceeds its high), place a sell stop just below its low to catch the stop-run
R03-08	ranges	reference/brooks/mined/ranges/03_initial_breakout.json	Barbwire	Entry	True	hard	any		Shared primitive: a short run of small, heavily overlapping bars including at least one doji — a tight, directionless micro-range Brooks calls barbwire.
R03-09	ranges	reference/brooks/mined/ranges/03_initial_breakout.json	FadeSmallBarAtBarbwireExtreme	Entry	False	moderate	any		Inside barbwire, fade (short) a small bar that trades up to the range's recent high, or fade (buy) one that trades down to its recent low.
R03-10	ranges	reference/brooks/mined/ranges/03_initial_breakout.json	FinalFlagFailedBreakoutReversal	Entry	True	research	any		Filter/context: a horizontal micro-range (barbwire) late in a trend is a candidate final flag; wait for a breakout attempt out of it to fail and re-enter in the
R03-11	ranges	reference/brooks/mined/ranges/03_initial_breakout.json	ReversalBarMinimumCloseAboveMidpoint	Entry	True	trivial	any	CloseRangePosition	Shared primitive: the minimum bar-level test for a bull reversal bar is simply that it closed in the upper half of its own range.
R03-12	ranges	reference/brooks/mined/ranges/03_initial_breakout.json	CandlestickTrapFade	Entry	False	hard	any		In an intact bear trend (no trend-line break yet), a large-range, small-bodied bar with a long tail against the trend (a classic bullish 'hammer'/reversal candl
R03-13	ranges	reference/brooks/mined/ranges/03_initial_breakout.json	InsideBodyBar	Entry	False	trivial	any	InsideBar	Shared primitive: a weaker variant of an inside bar where only the body (not the full high-low range) sits inside the prior bar's body.
R03-14	ranges	reference/brooks/mined/ranges/03_initial_breakout.json	ExpectStopRunBeforeSecondLeg	Entry	True	research	any		Filter/context: after the first leg of a two-legged move, expect a brief counter-trend stop run before the second leg begins; avoid treating that stop run as a 
R03-15	ranges	reference/brooks/mined/ranges/03_initial_breakout.json	OutsideBarResetsLegCounter	Entry	True	moderate	any		When a strong outside bar breaks the market into a new trend, reset any pullback/leg counter (H1/H2, L1/L2 style) so the outside bar's extreme becomes the new t
R04-01	ranges	reference/brooks/mined/ranges/04_breakout_entries_in_existing_strong_trends.json	TrendStrengthGaugeAtNewExtreme	Entry	True	moderate	any		Ongoing trend-strength gauge, re-evaluated at each new extreme: the trend is still strong only if recent breakouts beyond a prior extreme travel far enough, soo
R04-02	ranges	reference/brooks/mined/ranges/04_breakout_entries_in_existing_strong_trends.json	TrendBarResetsPushCount	Entry	True	moderate	any		An exceptionally strong, large-range trend bar resets the push/leg counter used to judge how extended a channel is — it becomes push #1 again rather than a cont
R04-03	ranges	reference/brooks/mined/ranges/04_breakout_entries_in_existing_strong_trends.json	AvoidBreakoutBuyAfterTrendLineBreakRetest	Entry	True	hard	any		Filter: block a with-trend breakout buy when it is really just a higher-high retest of a recent extreme that occurs after the trend line has already been broken
R04-04	ranges	reference/brooks/mined/ranges/04_breakout_entries_in_existing_strong_trends.json	ShortAtPriorHighWhenBreakoutWeak	Entry	False	moderate	any		When the bar breaking above a prior swing high is itself a weak breakout bar (small body, large tail), fade it by shorting at or slightly above that prior high 
R04-05	ranges	reference/brooks/mined/ranges/04_breakout_entries_in_existing_strong_trends.json	ScaleInFadeAtSuccessiveSwingHighs	Entry	False	moderate	any		Fade successive with-trend breakouts above prior swing highs by adding to a short at each new swing high, rather than taking one entry.
R04-06	ranges	reference/brooks/mined/ranges/04_breakout_entries_in_existing_strong_trends.json	ExitFadePositionOnBreakoutRetest	Exit	False	moderate	any		Exit the entire scaled-in fade position (R04-05) with a single limit order back at the first entry's price, once the market pulls back to retest the original br
R04-07	ranges	reference/brooks/mined/ranges/04_breakout_entries_in_existing_strong_trends.json	NextDayFollowThroughAfterTrendDay	Entry	True	research	daily-ok	TrendDayWithTrendOnly	Filter/context: after a strong trend-from-open day, bias today with-trend, expecting today's close to finish above today's open, or at least a marginal new high
R04-08	ranges	reference/brooks/mined/ranges/04_breakout_entries_in_existing_strong_trends.json	PauseBar	Entry	False	simple	any		Shared primitive: a bar with a noticeably smaller range than the recent average — a brief stall that Brooks treats as a possible reversal/continuation setup.
R04-09	ranges	reference/brooks/mined/ranges/04_breakout_entries_in_existing_strong_trends.json	BuyAbovePauseBarNearPriorHigh	Entry	False	moderate	any		Buy above a pause bar that forms just below a significant prior high (e.g. yesterday's high), anticipating short covering and re-entry by longs who exited too e
R04-10	ranges	reference/brooks/mined/ranges/04_breakout_entries_in_existing_strong_trends.json	NoCloseBelowEmaForNBars	Entry	True	moderate	any		Sign of strength: no bar has closed below the EMA for at least N bars — evidence the trend remains strong.
R04-11	ranges	reference/brooks/mined/ranges/04_breakout_entries_in_existing_strong_trends.json	FirstCloseBelowEmaTwoBarReversalInsideBar	Entry	False	hard	any		In a bull trend that has just posted its first close below the EMA in a long time, a two-bar reversal (down then up) whose second bar is a bull inside bar is a 
R05-01	ranges	reference/brooks/mined/ranges/05_failed_breakouts_breakout_pullbacks_and.json	BullBreakoutAboveSwingHigh	Entry	False	simple	any	CloseAbovePriorHighestHigh	Shared primitive: the current bar closes above the highest high of the prior N bars (breakoutPoint = that highest high).
R05-02	ranges	reference/brooks/mined/ranges/05_failed_breakouts_breakout_pullbacks_and.json	FirstPullbackBarAfterBreakout	Entry	False	moderate	any		Shared primitive: since the most recent bull breakout bar, the first bar whose low is below the prior bar's low marks the start of the pullback.
R05-03	ranges	reference/brooks/mined/ranges/05_failed_breakouts_breakout_pullbacks_and.json	BullReversalBar	Entry	False	simple	any		Shared primitive: the current bar makes a new low over a short window yet closes strongly in the upper part of its range and above its open (a bull reversal bar
R05-04	ranges	reference/brooks/mined/ranges/05_failed_breakouts_breakout_pullbacks_and.json	BreakoutPullbackTestBuyEntry	Entry	False	hard	any		After a bull breakout and pullback, once the pullback low comes within toleranceTicks of the breakout point, buy one tick above the current (signal) bar's high.
R05-05	ranges	reference/brooks/mined/ranges/05_failed_breakouts_breakout_pullbacks_and.json	FailedBreakoutReversalEntry	Entry	False	moderate	any		Within failureWindowBars bars after a bull breakout, a strong bear reversal bar forms and closes back below the breakout point: enter short (the breakout has fa
R05-06	ranges	reference/brooks/mined/ranges/05_failed_breakouts_breakout_pullbacks_and.json	ReverseToLongOnBullReversalAfterFailedFade	Entry	False	moderate	any	FlatOrOpenLossExceeds	While short from a failed-breakout fade entry, if the very next bar is a strong bull reversal bar, reverse the position to long.
R05-07	ranges	reference/brooks/mined/ranges/05_failed_breakouts_breakout_pullbacks_and.json	StrongTrendCharacteristicsFilter	Entry	True	hard	any		Context filter: trust a with-trend breakout's follow-through more when recent bars show several consecutive trend bars with small overlap and small tails.
R05-08	ranges	reference/brooks/mined/ranges/05_failed_breakouts_breakout_pullbacks_and.json	TightRangeOneBarBreakoutUnreliable	Entry	True	research	any		Filter: treat a breakout from a narrow (tight) recent range as low-confidence; require confirmation before trusting it as a trend start.
R05-09	ranges	reference/brooks/mined/ranges/05_failed_breakouts_breakout_pullbacks_and.json	OpeningBreakoutFadeTendency	Entry	True	research	intraday-only		Filter/context: near the session open, treat a sharp breakout as more likely to fail and reverse into an opposite trend day than to continue.
R05-10	ranges	reference/brooks/mined/ranges/05_failed_breakouts_breakout_pullbacks_and.json	FadeExhaustedCounterSpikeAtSupport	Entry	False	hard	daily-ok		In an established bull trend, after a sharp countertrend bear spike of spikeBars or more consecutive bear trend bars reaches a support level (moving average), b
R05-11	ranges	reference/brooks/mined/ranges/05_failed_breakouts_breakout_pullbacks_and.json	ConsecutiveClimaxTwoLegCorrectionFilter	Entry	True	research	any		Filter: after climaxesRequired consecutive sell (or buy) climax bars, expect a correction of at least minCorrectionBars bars with at least two legs; block fresh
R05-12	ranges	reference/brooks/mined/ranges/05_failed_breakouts_breakout_pullbacks_and.json	DoubleTopBearReversalEntry	Entry	False	hard	any		Long-side mirror (double bottom): the current swing low is approximately equal to a prior swing low within toleranceTicks and the bar reverses up; enter long (m
R05-13	ranges	reference/brooks/mined/ranges/05_failed_breakouts_breakout_pullbacks_and.json	TwoBarReversalPrimitive	Entry	False	trivial	any		Shared primitive: a bear trend bar followed by a bull trend bar (or bull inside bar) of comparable size that closes back above the bear bar's midpoint.
R05-14	ranges	reference/brooks/mined/ranges/05_failed_breakouts_breakout_pullbacks_and.json	ProtectiveStopBelowEntryBarLow	Exit	False	moderate	any		Exit the long if price trades below the low of the bar on which the position was entered (a natural stop/failure level distinct from the signal bar).
R05-15	ranges	reference/brooks/mined/ranges/05_failed_breakouts_breakout_pullbacks_and.json	BreakevenStopBuffer	Exit	False	moderate	any	ProfitProtector	Once the position has been profitable by at least triggerTicks, move the stop for the remainder of the position to entry price minus bufferTicks (a 'breakeven' 
R05-16	ranges	reference/brooks/mined/ranges/05_failed_breakouts_breakout_pullbacks_and.json	TrailingStopBeyondFailedTestBar	Exit	False	moderate	any		After a breakout-pullback test bar fails to violate the trade (price does not make a new extreme through it), move the protective stop just beyond that test bar
R05-17	ranges	reference/brooks/mined/ranges/05_failed_breakouts_breakout_pullbacks_and.json	PullbackLegCountPrimitive	Entry	False	hard	any		Shared primitive: count the number of distinct down-legs (pullback legs) since the last swing high in an up move, where a new leg begins each time price makes a
R05-18	ranges	reference/brooks/mined/ranges/05_failed_breakouts_breakout_pullbacks_and.json	H1PullbackBuyEntry	Entry	False	hard	any		In an up leg, after exactly one pullback leg since the most recent swing high, buy one tick above the high of the pullback (signal) bar.
R05-19	ranges	reference/brooks/mined/ranges/05_failed_breakouts_breakout_pullbacks_and.json	H2PullbackBuyEntry	Entry	False	hard	any		In an up leg, after exactly two pullback legs since the most recent swing high, buy one tick above the high of the second pullback (signal) bar.
R05-20	ranges	reference/brooks/mined/ranges/05_failed_breakouts_breakout_pullbacks_and.json	StairsPatternHigherLowFilter	Entry	True	moderate	any		Filter: confirm a bull 'stairs' structure is intact by requiring the most recent pullback low to stay above the prior swing low (a rising sequence of higher low
R05-21	ranges	reference/brooks/mined/ranges/05_failed_breakouts_breakout_pullbacks_and.json	WedgeThirdPushRetestTarget	Exit	False	hard	any		After a three-push wedge top forms, expect the subsequent pullback/reversal to retest the top of the second push, and beyond that the bottom of the first pullba
R05-22	ranges	reference/brooks/mined/ranges/05_failed_breakouts_breakout_pullbacks_and.json	SpikeTopRetestAfterChannelBreak	Exit	False	hard	any		After a spike-and-channel bull trend's channel breaks (a close below the channel line), expect the decline to retest the top of the original spike, then the bot
R05-23	ranges	reference/brooks/mined/ranges/05_failed_breakouts_breakout_pullbacks_and.json	FinalFlagChannelProjectionContinuation	Exit	False	research	any		After a trend reversal where the prior trend's final flag was itself a shallow channel, project that channel's slope forward as an approximate boundary/target-c
R06-01	ranges	reference/brooks/mined/ranges/06_gaps.json	GapPrimitive	Entry	False	trivial	any		Shared primitive: a true gap between consecutive bars (bar's low above prior bar's high for a bull gap, or high below prior bar's low for a bear gap).
R06-02	ranges	reference/brooks/mined/ranges/06_gaps.json	OpenAboveCloseGapPrimitive	Entry	False	trivial	any		Shared primitive: the current bar's open is above the prior bar's close (a weaker, intrabar-only 'gap' usable on any timeframe, not just at session boundaries).
R06-03	ranges	reference/brooks/mined/ranges/06_gaps.json	ConsecutiveOpenGapsStrengthFilter	Entry	True	simple	any		Filter: treat the trend as strong when N consecutive bull trend bars each opened above the prior bar's close (mirrored for bear).
R06-04	ranges	reference/brooks/mined/ranges/06_gaps.json	TrendBarActsAsGapPrimitive	Entry	False	moderate	any		Shared primitive: a trend bar b functions as a gap when the bar after it does not overlap the bar before it (low[b-1] and high[b+1] leave a gap), even though no
R06-05	ranges	reference/brooks/mined/ranges/06_gaps.json	MicroMeasuringGapTarget	Exit	False	hard	any		Around any single trend bar b (or any three consecutive same-direction trend bars) with a gap per R06-04: gapMid = (high[b-1] + low[b+1]) / 2; legStart = lowest
R06-06	ranges	reference/brooks/mined/ranges/06_gaps.json	EarlyDayGapTargetUnreliableFilter	Entry	True	research	intraday-only		Filter: distrust a gap-based measured-move target (do not fade/take profits there) when today's range so far is a small fraction of the average daily range, sin
R06-07	ranges	reference/brooks/mined/ranges/06_gaps.json	GapDistanceFractionOfADRFilter	Entry	True	moderate	daily-ok		Filter: trust a gap-based measured-move target more when the leg height up to the gap falls within [minFrac, maxFrac] of the average daily range.
R06-08	ranges	reference/brooks/mined/ranges/06_gaps.json	GapFilledSignalsWeakness	Exit	False	moderate	any		Once a bull gap's bottom (the high of the bar before the gap) is closed below, treat the gap as filled/exhaustion and exit the remaining long swing.
R06-09	ranges	reference/brooks/mined/ranges/06_gaps.json	FirstEmaGapBarShortEntry	Entry	False	hard	any		In a bear trend, the first bar of a countertrend rally whose low closes above the EMA is a 'first moving average gap bar'; sell one tick below its low, trailing
R06-10	ranges	reference/brooks/mined/ranges/06_gaps.json	SecondEmaGapBarRetryEntry	Entry	False	hard	any		If the R06-09 short is stopped out, re-enter short one tick below the low of the next qualifying bar (a second EMA gap bar).
R06-11	ranges	reference/brooks/mined/ranges/06_gaps.json	EmaGapReversalFadeInRange	Entry	False	moderate	any		In a trading-range day, after price dips below the EMA and a strong bull reversal bar closes with its high still below the EMA, buy above that bar for a scalp b
R06-12	ranges	reference/brooks/mined/ranges/06_gaps.json	MovingAverageScalpTarget	Exit	False	moderate	any		Exit/take profit on a scalp position when price reaches the EMA.
R06-13	ranges	reference/brooks/mined/ranges/06_gaps.json	IslandTopReversalEntry	Entry	False	hard	any		After a bull gap up is followed within maxIslandBars bars by a bear gap down whose range does not overlap the first gap (an island top), enter/hold short on a r
R06-14	ranges	reference/brooks/mined/ranges/06_gaps.json	MagnetProximityIncreasesReversalOdds	Entry	True	research	any		Context filter: weight reversal/target-completion entries more heavily as price gets within nearTicks of a known magnet level (an unfilled gap midpoint, breakou
R06-15	ranges	reference/brooks/mined/ranges/06_gaps.json	AggressiveMicroGapLimitEntry	Entry	False	moderate	any		Immediately after a breakout trend bar closes (per R06-04), place an aggressive limit entry one tick above the high of the bar before the breakout bar, with a t
R06-16	ranges	reference/brooks/mined/ranges/06_gaps.json	DoNotFadeFreshBreakoutGap	Entry	True	moderate	any		Filter: for withinBars bars after a fresh breakout gap forms, block countertrend (fade) entries and do not treat the gap's projection as a profit-taking target.
RP2-01	ranges	reference/brooks/mined/ranges/07-part_ii_magnets_support_and_resistance.json	PriorDayExtremeLevel	Entry	False	moderate	intraday-only		Shared primitive: the prior session's high, low, open, or close acts as a support/resistance magnet level for the current session.
RP2-02	ranges	reference/brooks/mined/ranges/07-part_ii_magnets_support_and_resistance.json	DailyPivotLevel	Entry	False	research	intraday-only		Shared primitive: the classic floor-trader daily pivot, (priorDayHigh + priorDayLow + priorDayClose) / 3, acts as a support/resistance magnet.
RP2-03	ranges	reference/brooks/mined/ranges/07-part_ii_magnets_support_and_resistance.json	FibonacciRetracementLevel	Entry	False	hard	any		Shared primitive: a Fibonacci retracement/projection ratio (e.g., 38.2%, 50%, 61.8%) of the most recent swing acts as a support/resistance magnet.
RP2-04	ranges	reference/brooks/mined/ranges/07-part_ii_magnets_support_and_resistance.json	TradeTowardUnreachedMagnetOnlyFilter	Entry	True	research	any		Filter: while a known price magnet lies within magnetRangeTicks ahead in the current direction and has not yet been touched, permit only entries toward that mag
RP2-05	ranges	reference/brooks/mined/ranges/07-part_ii_magnets_support_and_resistance.json	WeakMoveTowardMagnetAgainstTrendFade	Entry	False	hard	any		When price approaches a known magnet counter to the larger trend with weak (small-bodied, overlapping) bars, enter with the larger trend expecting a reversal at
RP2-06	ranges	reference/brooks/mined/ranges/07-part_ii_magnets_support_and_resistance.json	SecondReversalAtMagnetEntry	Entry	False	hard	any		After price first overshoots a magnet and reverses, then resumes and overshoots the magnet a second time, a strong reversal bar on the second overshoot is a rel
RP2-07	ranges	reference/brooks/mined/ranges/07-part_ii_magnets_support_and_resistance.json	SupportWeakensAfterRepeatedTestsFilter	Entry	True	moderate	any		Filter: count touches of a support/resistance level within toleranceTicks over lookback bars; once the touch count reaches touchesForWeakening, reduce confidenc
RP2-08	ranges	reference/brooks/mined/ranges/07-part_ii_magnets_support_and_resistance.json	SupportResistanceRoleFlipPrimitive	Entry	False	moderate	any		Shared primitive: once a remembered support level is broken (closed below), relabel it as a resistance level for future tests from below (and mirror for resista
RP2-09	ranges	reference/brooks/mined/ranges/07-part_ii_magnets_support_and_resistance.json	SlopingChannelCounterFlagBias	Entry	True	hard	any		Filter/context: regardless of the larger trend, treat any currently rising channel as a bear flag (expect an eventual downside break to trade) and any falling c
RP2-10	ranges	reference/brooks/mined/ranges/07-part_ii_magnets_support_and_resistance.json	TakeProfitAtInitialRiskMultiple	Exit	False	moderate	any	TakeProfitWithRatioStop	Take (partial) profits once open profit reaches at least riskMultiple times the position's initial risk (entry price minus the initial protective stop).
RP2-11	ranges	reference/brooks/mined/ranges/07-part_ii_magnets_support_and_resistance.json	TopsFromRangesBottomsFromClimaxesFilter	Entry	True	research	daily-ok		Context asymmetry filter: weight climax-based reversal entries (large trend bars, exhaustion gaps) more heavily near suspected bottoms, and weight range/double-
R07-01	ranges	reference/brooks/mined/ranges/07_measured_moves_based_on_the_size_of_the_first.json	SpikePauseBarPrimitive	Entry	False	moderate	any	DojiBar	Shared primitive: a spike (run of consecutive same-direction trend bars) is deemed to have ended at the bar before the first 'pause' bar - a doji, a bar with a 
R07-02	ranges	reference/brooks/mined/ranges/07_measured_moves_based_on_the_size_of_the_first.json	SpikeOpenToCloseMeasuredMoveTarget	Exit	False	moderate	any		Primary measured-move formula: spikeHeight = close[lastSpikeBar] - open[firstSpikeBar]; target = close[lastSpikeBar] + spikeHeight; take profit on the long when
R07-03	ranges	reference/brooks/mined/ranges/07_measured_moves_based_on_the_size_of_the_first.json	SpikeAlternateMeasurementVariants	Exit	False	moderate	any		Compute the alternate spike-height references (low-of-first-bar to high-of-last-bar; open-of-first to high-of-last; including the pause bar) as additional, usua
R07-04	ranges	reference/brooks/mined/ranges/07_measured_moves_based_on_the_size_of_the_first.json	ProtectiveStopBeyondSpikeStart	Exit	False	moderate	any		Exit the long if price trades below the low of the identified spike's start (a wider, spike-anchored alternative to a signal-bar or entry-bar stop).
R07-05	ranges	reference/brooks/mined/ranges/07_measured_moves_based_on_the_size_of_the_first.json	ChannelHeightEqualsSpikeHeightTarget	Exit	False	moderate	any		After a spike ends and a channel begins, expect the channel's own height to approximate the spike's height; once price extends spikeHeight beyond the end of the
R07-06	ranges	reference/brooks/mined/ranges/07_measured_moves_based_on_the_size_of_the_first.json	ChannelBottomRetestAfterMeasuredMove	Exit	False	moderate	any		After price reaches the spike/channel measured-move target (R07-05) and reverses, project the correction's target at the bottom of the channel that followed the
R07-07	ranges	reference/brooks/mined/ranges/07_measured_moves_based_on_the_size_of_the_first.json	Leg1EqualsLeg2MeasuredMoveTarget	Exit	False	hard	any		The classic leg-1-equals-leg-2 (AB=CD) measured move: given swing points A (leg 1 start), B (leg 1 end), C (pullback end/leg 2 start), target D = C + (B - A); t
R07-08	ranges	reference/brooks/mined/ranges/07_measured_moves_based_on_the_size_of_the_first.json	NestedLegMeasuredMoveTarget	Exit	False	hard	any		Apply the leg-1-equals-leg-2 construction one level up: treat an entire two-legged move (A to D, itself made of smaller legs AB and CD) as the new 'leg 1', and 
R07-09	ranges	reference/brooks/mined/ranges/07_measured_moves_based_on_the_size_of_the_first.json	TradingRangeMidpointMeasuredMoveTarget	Exit	False	hard	any		While a pullback trading range is still developing, continuously project target = 2 x rangeMidpoint - pullbackStart, updating rangeMidpoint each bar as the rang
R07-10	ranges	reference/brooks/mined/ranges/07_measured_moves_based_on_the_size_of_the_first.json	AmbiguousLegStartMultipleTargetsFilter	Exit	True	research	any		When the true start of leg 1 is ambiguous among multiple plausible swing points, compute a leg-1=leg-2 target from each candidate start and watch all of them, r
R07-11	ranges	reference/brooks/mined/ranges/07_measured_moves_based_on_the_size_of_the_first.json	TradingRangeExtremeFavorsReversionFilter	Entry	True	research	any		Filter: inside an identified trading range, favor long entries near the range's low and short entries near the range's high (fade the extremes) over betting on 
R07-12	ranges	reference/brooks/mined/ranges/07_measured_moves_based_on_the_size_of_the_first.json	OpenMiddleRangeCloseNearOpenTarget	Exit	False	research	intraday-only		On a session whose developing range is close to its recent average and whose open sits near the middle of that range, treat the session open as a late-day magne
R08-01	ranges	reference/brooks/mined/ranges/08_measured_moves_based_on_gaps_and_trading_ranges.json	BullTrendBar	Entry	False	trivial	any		Shared primitive: the current bar is a bull trend bar (closed up, body is most of the range).
R08-02	ranges	reference/brooks/mined/ranges/08_measured_moves_based_on_gaps_and_trading_ranges.json	LargeTrendBar	Entry	False	simple	any	BarRangeAboveStd	Shared primitive: a bull trend bar whose range is at least K times the N-bar ATR.
R08-03	ranges	reference/brooks/mined/ranges/08_measured_moves_based_on_gaps_and_trading_ranges.json	DojiBar	Entry	False	trivial	any	BodyBelowAtrFraction	Shared primitive: the current bar has a tiny body relative to its range.
R08-04	ranges	reference/brooks/mined/ranges/08_measured_moves_based_on_gaps_and_trading_ranges.json	GapUpBar	Entry	False	trivial	daily-ok		The current bar gapped above the prior bar (true gap). Used as a continuation entry and as the trigger that defines a measuring gap.
R08-05	ranges	reference/brooks/mined/ranges/08_measured_moves_based_on_gaps_and_trading_ranges.json	GapMidpointMeasuredMoveTarget	Exit	False	hard	daily-ok		After a gap-up bar g, gapMid = (low[g] + high[g+1]) / 2; legStart = lowest low over legLookback bars ending at g; target = gapMid + (gapMid - legStart). Exit th
R08-06	ranges	reference/brooks/mined/ranges/08_measured_moves_based_on_gaps_and_trading_ranges.json	BreakoutAboveSwingHigh	Entry	False	simple	any	CloseAbovePriorHighestHigh	Shared primitive: the bar closes above the highest high of the prior N bars (breakout point = that highest high).
R08-07	ranges	reference/brooks/mined/ranges/08_measured_moves_based_on_gaps_and_trading_ranges.json	BreakoutGapHolds	Entry	False	moderate	any		The prior bar was a large-trend-bar breakout above the N-bar high and this bar's low stayed above the breakout point: an intraday measuring gap has formed; ente
R08-08	ranges	reference/brooks/mined/ranges/08_measured_moves_based_on_gaps_and_trading_ranges.json	GapTopFromFirstNonTrendBar	Entry	False	moderate	any		Primitive for the measuring-gap top: after the breakout bar, scan forward; the first bar that is not a large bull trend bar (small bull, bear body, or doji) def
R08-09	ranges	reference/brooks/mined/ranges/08_measured_moves_based_on_gaps_and_trading_ranges.json	MeasuringGapTarget	Exit	False	hard	any		gapMid = (breakoutPoint + gapTop) / 2 where gapTop = low of the first pullback/pause bar within pullbackWindowBars of the breakout; legStart = lowest low over l
R08-10	ranges	reference/brooks/mined/ranges/08_measured_moves_based_on_gaps_and_trading_ranges.json	BreakoutBarMidpointTarget	Exit	False	moderate	any		Fallback measured move when the breakout point or pullback is unclear: mid = (high[b] + low[b]) / 2 of the breakout bar; target = mid + (mid - legStart).
R08-11	ranges	reference/brooks/mined/ranges/08_measured_moves_based_on_gaps_and_trading_ranges.json	NegativeGapUnreliableTarget	Entry	True	moderate	any		Filter: only rely on a measuring-gap target (or only swing for it) when the pullback low after the breakout stayed above the breakout point (positive gap).
R08-12	ranges	reference/brooks/mined/ranges/08_measured_moves_based_on_gaps_and_trading_ranges.json	NegativeGapRangeHeightTarget	Exit	False	moderate	any		When the gap is negative, target = breakoutPoint + (breakoutPoint - rangeBottom), rangeBottom = lowest low of the trading range before the breakout.
R08-13	ranges	reference/brooks/mined/ranges/08_measured_moves_based_on_gaps_and_trading_ranges.json	TradingRangeHeightTarget	Exit	False	moderate	any		After a breakout above an N-bar range, target = rangeHigh + (rangeHigh - rangeLow); exit long when the high reaches it.
R08-14	ranges	reference/brooks/mined/ranges/08_measured_moves_based_on_gaps_and_trading_ranges.json	CountertrendOnlyAtMeasuredMove	Entry	True	hard	any		Filter for countertrend (short) entries in a bull leg: permit them only once the high has reached the measured-move target area.
R08-15	ranges	reference/brooks/mined/ranges/08_measured_moves_based_on_gaps_and_trading_ranges.json	CountertrendRequiresPriorTrendLineBreak	Entry	True	hard	any		Filter: a countertrend entry is allowed only if within the last N bars a countertrend move closed beyond the trend line drawn through the prior two swing lows (
R08-16	ranges	reference/brooks/mined/ranges/08_measured_moves_based_on_gaps_and_trading_ranges.json	TwoLegsThenTwoLegCorrection	Exit	False	research	any		After two with-trend legs reach the measured-move area, exit the with-trend swing (and expect a two-legged countertrend move that often tests the breakout point
R08-17	ranges	reference/brooks/mined/ranges/08_measured_moves_based_on_gaps_and_trading_ranges.json	CountertrendTargetAtBreakoutPoint	Exit	False	moderate	any		For a countertrend short taken at a measured-move target (long side: a countertrend long taken at a downside target), the profit target is the earlier breakout 
R08-18	ranges	reference/brooks/mined/ranges/08_measured_moves_based_on_gaps_and_trading_ranges.json	ThinAreaLowBarOverlap	Entry	False	simple	any		Primitive/continuation: over the last N bars each bar overlaps its prior bar by at most F of the prior bar's range (a thin, one-sided breakout leg).
R08-19	ranges	reference/brooks/mined/ranges/08_measured_moves_based_on_gaps_and_trading_ranges.json	NoFadeAfterConsecutiveTrendBars	Entry	True	simple	any	ConsecutiveUpBars	Filter blocking countertrend shorts when the signal bar is the Nth (or later) consecutive bull trend bar; long side: block countertrend longs after N consecutiv
R08-20	ranges	reference/brooks/mined/ranges/08_measured_moves_based_on_gaps_and_trading_ranges.json	ClimacticConsecutiveTrendBarsExit	Exit	False	simple	daily-ok	ConsecutiveCloseExit	Take (partial or full) profits on a long when the bar is the Nth consecutive bull trend bar after a protracted trend.
R08-21	ranges	reference/brooks/mined/ranges/08_measured_moves_based_on_gaps_and_trading_ranges.json	TwoBarReversal	Entry	False	trivial	daily-ok		Shared primitive: a bear trend bar followed by a bull trend bar of comparable size that closes above the bear bar's midpoint (bull two-bar reversal).
R08-22	ranges	reference/brooks/mined/ranges/08_measured_moves_based_on_gaps_and_trading_ranges.json	SpikeHeightMeasuredMove	Exit	False	moderate	any		After a spike of N consecutive bull trend bars ending at bar e and starting at bar s, target = high[e] + (high[e] - low[s]); exit long when the high reaches it.
R08-23	ranges	reference/brooks/mined/ranges/08_measured_moves_based_on_gaps_and_trading_ranges.json	LateSessionMeasuredMoveUnlikely	Entry	True	moderate	intraday-only	TimeWindow	Filter: do not initiate a measured-move swing when fewer than N bars remain in the session.
R08-24	ranges	reference/brooks/mined/ranges/08_measured_moves_based_on_gaps_and_trading_ranges.json	TrendDayWithTrendOnly	Entry	True	research	intraday-only		Filter: on a trend day (session close-to-date far from session open, most closes on one side of the EMA), take only with-trend entries.
R08-25	ranges	reference/brooks/mined/ranges/08_measured_moves_based_on_gaps_and_trading_ranges.json	EmaGapBarAsCountertrendStrength	Entry	True	moderate	any		Filter: allow a countertrend swing (long in a bear trend) only if within the last N bars a bar formed entirely above the EMA (a moving-average gap bar).
R08-26	ranges	reference/brooks/mined/ranges/08_measured_moves_based_on_gaps_and_trading_ranges.json	LowerHighAfterMajorTrendLineBreak	Entry	False	hard	any		Long side (mirror of the book's short): after a countertrend rally broke the major bear trend line, the next test of the trend low forms a higher low with a bul
R08-27	ranges	reference/brooks/mined/ranges/08_measured_moves_based_on_gaps_and_trading_ranges.json	DoubleBottomBullFlagBreakoutTarget	Exit	False	hard	any		After a breakout above a double-bottom bull flag, target = flagTop + (flagTop - flagBottom); exit long when the high reaches it.
R08-28	ranges	reference/brooks/mined/ranges/08_measured_moves_based_on_gaps_and_trading_ranges.json	HorizontalWedgeFlagIsFinalFlag	Entry	True	hard	any		Filter/context: a three-push flag that is nearly horizontal (its highs and lows within a small ATR band) late in a trend flags a possible final flag; treat the 
R09-01	ranges	reference/brooks/mined/ranges/09_reversals_often_end_at_signal_bars_from_prior.json	BullReversalBarAtNewLow	Entry	False	simple	any		Shared primitive: a bull reversal signal bar attempt within a bear leg -- the bar makes a new N-bar low intraday but closes in the upper fraction of its own ran
R09-02	ranges	reference/brooks/mined/ranges/09_reversals_often_end_at_signal_bars_from_prior.json	FailedReversalAttempt	Entry	False	hard	any		Shared primitive: a BullReversalBarAtNewLow whose stop entry triggered but the trend resumed -- price made a new low below the signal bar's low within failureWi
R09-03	ranges	reference/brooks/mined/ranges/09_reversals_often_end_at_signal_bars_from_prior.json	FailedReversalSignalBarExtremeAsTarget	Exit	False	hard	any		Once a genuine reversal begins, the target/magnet is the highest high among all FailedReversalAttempt (bull) signal bars recorded during the prior bear leg; exi
R09-04	ranges	reference/brooks/mined/ranges/09_reversals_often_end_at_signal_bars_from_prior.json	DoubleTopAtFailedReversalLevel	Entry	True	hard	any		Filter/trigger: once price reaches the FailedReversalSignalBarExtremeAsTarget level and prints a bear reversal bar there, treat it as a probable double top and 
R09-05	ranges	reference/brooks/mined/ranges/09_reversals_often_end_at_signal_bars_from_prior.json	ReversalOnlyAtKeyTechnicalConfluence	Entry	True	research	any		Filter: only treat a reversal pattern as high-probability when it forms at a remembered magnet level (measured-move target, trend line, higher-time-frame moving
R10-01	ranges	reference/brooks/mined/ranges/10_other_magnets.json	CountertrendOnlyAfterPriorStrengthNearMagnet	Entry	True	research	any		Filter, generalized from R08-15: at any magnet level, permit a countertrend entry only if there was prior countertrend strength (e.g. an earlier trend-line brea
R10-02	ranges	reference/brooks/mined/ranges/10_other_magnets.json	TrendLineRetestMagnet	Exit	False	hard	any		A drawn trend line (through the two most recent swing lows in a bull trend) is a magnet: price is often drawn back to test it before the trend resumes or breaks
R10-03	ranges	reference/brooks/mined/ranges/10_other_magnets.json	TrendChannelLineRetestMagnet	Exit	False	hard	any		A trend channel line (parallel to the trend line, drawn through the extreme swing on the trend side) is a magnet: price is often drawn to test it, marking possi
R10-04	ranges	reference/brooks/mined/ranges/10_other_magnets.json	SpikeChannelStartRetest	Exit	False	hard	any		After a spike-into-channel trend transition, the bar where the channel began (the first bar after the spike's momentum eased) is a magnet the market usually ret
R10-05	ranges	reference/brooks/mined/ranges/10_other_magnets.json	PriorSessionHighLowOpenCloseMagnet	Exit	False	moderate	intraday-only		Yesterday's session high, low, open, and close act as magnets/targets for the current session's price.
R10-06	ranges	reference/brooks/mined/ranges/10_other_magnets.json	RecentSwingExtremeMagnet	Exit	False	simple	any	CloseAbovePriorHighestHigh	A recent swing high or low (within the last N bars/days) is a magnet the market is often drawn back to test, frequently forming a double top or double bottom th
R10-07	ranges	reference/brooks/mined/ranges/10_other_magnets.json	EarlierBreakoutPointRetest	Exit	False	moderate	any		An earlier breakout point (the level a trend broke out above/below) remains a magnet the market is often drawn back to retest.
R10-08	ranges	reference/brooks/mined/ranges/10_other_magnets.json	OwnEntryPriceRetest	Exit	False	trivial	any		The trader's own entry price is itself a magnet -- price commonly returns to test it, a natural place to move a stop to breakeven or add to a position.
R10-09	ranges	reference/brooks/mined/ranges/10_other_magnets.json	GapFillRetestMagnet	Exit	False	moderate	any		A price gap (a true gap between bars, or a moving-average gap bar) is a magnet: the market is often drawn back to fill/retest it later.
R10-10	ranges	reference/brooks/mined/ranges/10_other_magnets.json	PriorTradingRangeExtremesAndMidpointMagnet	Exit	False	research	any		The top, bottom, and approximate middle of an earlier trading range (today's or a prior day's, including tight ranges/barbwire) are frequently retested; a secon
R10-11	ranges	reference/brooks/mined/ranges/10_other_magnets.json	FinalFlagRetestThenOppositeBreakout	Entry	False	hard	any		After a breakout from a final flag, price commonly returns to retest the flag and then breaks out through its opposite side -- a reversal signal.
R10-12	ranges	reference/brooks/mined/ranges/10_other_magnets.json	NotableBarOppositeExtreme	Entry	False	simple	any		Shared primitive: the opposite extreme of a recent notable bar (a huge/large trend bar, or a signal/entry bar) is where protective stops commonly rest and there
R10-13	ranges	reference/brooks/mined/ranges/10_other_magnets.json	StopRunPastNotableBarExtremeThenReverse	Entry	False	moderate	any		The market probes a few ticks past a NotableBarOppositeExtreme (running the protective stops resting there) and then closes back on the trend side of it -- a wi
R10-14	ranges	reference/brooks/mined/ranges/10_other_magnets.json	FixedTickOrDollarProfitTarget	Exit	False	trivial	any	TakeProfit	Exit when open profit reaches a fixed tick/dollar amount -- a small target for a scalp, a larger one for a swing.
R10-15	ranges	reference/brooks/mined/ranges/10_other_magnets.json	StopDistanceEqualsTargetDistance	Exit	False	trivial	any		Exit target set at the same distance (in ticks) as the trade's initial protective stop, scaled by a multiple.
R10-16	ranges	reference/brooks/mined/ranges/10_other_magnets.json	HigherTimeframeSwingAndMaMagnet	Exit	False	research	any		Swing highs/lows, bar extremes, moving averages, gaps, and trend lines computed on a higher time frame (daily/weekly/monthly) of the same instrument act as magn
R10-17	ranges	reference/brooks/mined/ranges/10_other_magnets.json	FibonacciRetracementMagnet	Exit	False	hard	any		Fibonacci retracement/extension levels (e.g. 50%, 61.8%, 127%, 161.8%) of the most recent swing act as magnets for pullbacks and projections.
R10-18	ranges	reference/brooks/mined/ranges/10_other_magnets.json	RoundNumberMagnet	Exit	False	trivial	any		Round-number price levels (multiples of roundStep) act as magnets; price is often drawn to the nearest one and may overshoot slightly beyond it before pulling b
RP3-01	ranges	reference/brooks/mined/ranges/11-part_iii_pullbacks_trends_converting_to_trading_ranges.json	PullbackBarStrict	Entry	False	trivial	any		Shared primitive, narrow definition: in a bull trend, the current bar's low is at least one tick below the prior bar's low.
RP3-02	ranges	reference/brooks/mined/ranges/11-part_iii_pullbacks_trends_converting_to_trading_ranges.json	PullbackBarBroad	Entry	False	trivial	any	InsideBar	Shared primitive, broad definition: a pause in trend momentum -- the current bar is an inside bar, or a trend bar against the prevailing trend color, or a doji.
RP3-03	ranges	reference/brooks/mined/ranges/11-part_iii_pullbacks_trends_converting_to_trading_ranges.json	TwoLeggedPullback	Entry	True	research	any		Filter/context: a pullback commonly has two (sometimes one or three) legs; traders fade the breakout of the pullback's first leg and expect the trend to resume 
RP3-04	ranges	reference/brooks/mined/ranges/11-part_iii_pullbacks_trends_converting_to_trading_ranges.json	DeepRetracementFlipsTrendBias	Entry	True	moderate	any		Filter: once a pullback has retraced at least R percent of the prior leg's range (measured from the leg's start to its extreme), stop treating it as a pullback 
RP3-05	ranges	reference/brooks/mined/ranges/11-part_iii_pullbacks_trends_converting_to_trading_ranges.json	MinimumRewardToRiskFilter	Entry	True	trivial	any		Filter: only take a signal if its planned reward (distance from entry to target) is at least a multiple of its planned risk (distance from entry to protective s
RP3-06	ranges	reference/brooks/mined/ranges/11-part_iii_pullbacks_trends_converting_to_trading_ranges.json	MicroChannel	Entry	False	simple	any		Shared primitive: over the last N bars, each bar's body is the same color and consecutive bars overlap only slightly (a tight, small-tailed channel), with N at 
RP3-07	ranges	reference/brooks/mined/ranges/11-part_iii_pullbacks_trends_converting_to_trading_ranges.json	MicroChannelBreakoutEntry	Entry	False	moderate	any		In a strong trend, enter on a stop beyond the extreme of a bear MicroChannel (buy) when it breaks with a with-trend bar, without waiting for a further pullback.
RP3-08	ranges	reference/brooks/mined/ranges/11-part_iii_pullbacks_trends_converting_to_trading_ranges.json	PauseBarBreakoutEntry	Entry	False	moderate	any		In the early stages of a strong trend (one or more large trend bars just occurred), buy a stop one tick above a small pause bar whose high sits within a few tic
RP3-09	ranges	reference/brooks/mined/ranges/11-part_iii_pullbacks_trends_converting_to_trading_ranges.json	FollowThroughBarConfirmsReversal	Entry	True	moderate	any		Filter: after a potential reversal (one or two strong bars against the established trend), require the very next bar to also close in the new direction before t
RP3-10	ranges	reference/brooks/mined/ranges/11-part_iii_pullbacks_trends_converting_to_trading_ranges.json	TrailingStopBelowRecentSwingLow	Exit	False	hard	any	TrailingStop	In a bull trend, trail the protective stop to just below the most recent confirmed swing low each time a new trend high forms.
RP3-11	ranges	reference/brooks/mined/ranges/11-part_iii_pullbacks_trends_converting_to_trading_ranges.json	ExitOnSecondWithTrendResumptionAttemptFailure	Exit	False	research	any		Exit a position held in the old trend direction once the market's second attempt to resume that trend fails (e.g. a second high-2/low-2-style resumption attempt
RP3-12	ranges	reference/brooks/mined/ranges/11-part_iii_pullbacks_trends_converting_to_trading_ranges.json	BreakoutPullbackAfterStrongChannelBreak	Entry	False	hard	any		When a trend channel is too steep/tight to trade its first trend-line breakout, skip that first breakout and instead wait for a pullback that retests the channe
RP3-13	ranges	reference/brooks/mined/ranges/11-part_iii_pullbacks_trends_converting_to_trading_ranges.json	StrongTrendPrefersMarketEntryOverPullbackWait	Entry	True	simple	any	ConsecutiveUpBars	Filter: once a trend has shown N consecutive same-direction closes with minimal overlap, favor entering at the market (or on minimal one/two-tick dips) each bar
RP3-14	ranges	reference/brooks/mined/ranges/11-part_iii_pullbacks_trends_converting_to_trading_ranges.json	TradingRangeInTrendFavorsWithTrendBreakout	Entry	True	research	any		Filter: while price is inside a trading range that formed within an established larger trend, weight breakout attempts in the direction of that larger trend mor
R11-01	ranges	reference/brooks/mined/ranges/11_first_pullback_sequence_bar_minor_trend_line.json	ShrinkingBullBodies	Entry	True	trivial	any		Shared primitive, stage 1 of the bull-trend weakening sequence: the current bull bar's body is smaller than the prior bull bar's body.
R11-02	ranges	reference/brooks/mined/ranges/11_first_pullback_sequence_bar_minor_trend_line.json	GrowingTopTails	Entry	True	trivial	any		Stage 2: a bar has a nonzero top tail, and the top tail grows larger than the prior bar's top tail.
R11-03	ranges	reference/brooks/mined/ranges/11_first_pullback_sequence_bar_minor_trend_line.json	IncreasingBarOverlap	Entry	True	simple	any		Stage 3: the current bar's overlap with the prior bar (as a fraction of the prior bar's range) exceeds the overlap fraction measured lagBars earlier.
R11-04	ranges	reference/brooks/mined/ranges/11_first_pullback_sequence_bar_minor_trend_line.json	SmallBodyOrDojiBar	Entry	True	trivial	any	BodyBelowAtrFraction	Stage 4: the current bar's body is a small fraction of its own range.
R11-05	ranges	reference/brooks/mined/ranges/11_first_pullback_sequence_bar_minor_trend_line.json	OppositeColorBar	Entry	True	trivial	any		Stage 5: the current bar closes against the prevailing trend's color (a bear body in a bull trend).
R11-06	ranges	reference/brooks/mined/ranges/11_first_pullback_sequence_bar_minor_trend_line.json	HighAtOrBelowPriorHigh	Entry	True	trivial	any		Stage 6: the current bar fails to make a new high.
R11-07	ranges	reference/brooks/mined/ranges/11_first_pullback_sequence_bar_minor_trend_line.json	LowNearOrAbovePriorLow	Entry	True	trivial	any		Stage 7: the current bar's low sits at or only a few ticks above the prior bar's low.
R11-08	ranges	reference/brooks/mined/ranges/11_first_pullback_sequence_bar_minor_trend_line.json	LowBelowPriorLow	Entry	True	trivial	any		Stage 8: the current bar makes a new low relative to the prior bar -- the first true pullback bar.
R11-09	ranges	reference/brooks/mined/ranges/11_first_pullback_sequence_bar_minor_trend_line.json	OneLeggedPullbackHigh1	Entry	False	trivial	any		The first, mildest pullback type: a single pullback bar whose high stays below the prior bar's high; buy a stop above its high.
R11-10	ranges	reference/brooks/mined/ranges/11_first_pullback_sequence_bar_minor_trend_line.json	AggressiveLimitEntryBelowPullbackLow	Entry	False	moderate	any		Aggressive alternative to R11-09: during a one-legged pullback, rest a limit buy a few ticks below the prior (pre-pullback) bar's low instead of waiting for the
R11-11	ranges	reference/brooks/mined/ranges/11_first_pullback_sequence_bar_minor_trend_line.json	TwoLeggedPullbackHigh2WithDuration	Entry	False	research	any		A two-legged pullback (ABC / high 2) whose total duration falls within a book-typical range of bars.
R11-12	ranges	reference/brooks/mined/ranges/11_first_pullback_sequence_bar_minor_trend_line.json	ThreeLeggedPullbackWedgeOrTriangle	Entry	False	hard	any		A three-legged pullback forming a wedge bull flag or triangle, lasting within a book-typical bar range.
R11-13	ranges	reference/brooks/mined/ranges/11_first_pullback_sequence_bar_minor_trend_line.json	MinorTrendLineBreak	Entry	False	hard	any		The current bar closes beyond a minor trend line (drawn through the two most recent, closely spaced swing lows in a bull trend).
R11-14	ranges	reference/brooks/mined/ranges/11_first_pullback_sequence_bar_minor_trend_line.json	MovingAverageTouchGapBarSetup	Entry	False	moderate	any		The current bar's low touches or dips into the 20-bar EMA after a pullback, a classic support test (the '20 gap bar' setup, developed fully in Chapter 13).
R11-15	ranges	reference/brooks/mined/ranges/11_first_pullback_sequence_bar_minor_trend_line.json	RallyToNewHighContainsOppositeColorBars	Entry	True	moderate	any		Stage marker: the leg that makes the next new high itself contains one or more opposite-color (bear) trend bars, a sign the trend is weakening even while still 
R11-16	ranges	reference/brooks/mined/ranges/11_first_pullback_sequence_bar_minor_trend_line.json	CloseBelowMovingAverage	Entry	True	simple	any		Stage marker: a bar closes below the 20-bar EMA in an established bull trend, deeper than a mere touch.
R11-17	ranges	reference/brooks/mined/ranges/11_first_pullback_sequence_bar_minor_trend_line.json	MovingAverageGapBar	Entry	True	simple	any		Shared primitive: the entire bar (its high, not just the close) sits below the 20-bar EMA -- a moving-average gap bar, a materially deeper sign of weakness than
R11-18	ranges	reference/brooks/mined/ranges/11_first_pullback_sequence_bar_minor_trend_line.json	MajorTrendLineBreak	Entry	False	hard	any		The current bar closes beyond a major trend line -- drawn through swing lows spanning a much longer lookback than MinorTrendLineBreak, marking the more signific
R11-19	ranges	reference/brooks/mined/ranges/11_first_pullback_sequence_bar_minor_trend_line.json	SecondLegDownAfterMaGapBarBeforeReclaim	Entry	True	research	any		Filter/expectation: after the first MovingAverageGapBar, expect a second down-leg before the market reclaims the EMA -- caution against expecting an immediate w
R11-20	ranges	reference/brooks/mined/ranges/11_first_pullback_sequence_bar_minor_trend_line.json	MultiplePullbacksInFinalRallyWithOppositeBodies	Entry	True	hard	any		Stage marker: the final rally to a new extreme contains two or more short pullbacks (2-3 bars each) with increasingly prominent opposite-color bodies -- a late-
R11-21	ranges	reference/brooks/mined/ranges/11_first_pullback_sequence_bar_minor_trend_line.json	LargerTwoLeggedPullbackFormsLowerLow	Entry	True	hard	any		A late-stage, longer two-legged pullback (>10 bars) whose second leg breaks below the most recent prominent higher low, printing the trend's first lower low.
R11-22	ranges	reference/brooks/mined/ranges/11_first_pullback_sequence_bar_minor_trend_line.json	TradingRangeEquilibriumBullBearBalance	Entry	True	research	any		Final stage marker: price is in a trading range and the counts/sizes of bull and bear bars over the range are roughly balanced -- the hallmark that the trend ha
R11-23	ranges	reference/brooks/mined/ranges/11_first_pullback_sequence_bar_minor_trend_line.json	FailedRangeBreakoutFormsLargerRange	Entry	True	moderate	any		The final weakening stage: a breakout above the trading range fails and price re-enters the range, expanding it -- the clearest sign the trend has converted int
R11-24	ranges	reference/brooks/mined/ranges/11_first_pullback_sequence_bar_minor_trend_line.json	SuspiciousOfRepeatedHigh1AfterHigh2	Entry	True	research	any		Filter: withhold a fresh high-1 entry that follows an already-completed high-1(s)-then-high-2 sequence without an intervening larger pullback, since it may be a
R11-25	ranges	reference/brooks/mined/ranges/11_first_pullback_sequence_bar_minor_trend_line.json	MaTouchFailureExpectsDeeperPullback	Entry	True	moderate	any		Filter: once price has failed to reclaim the EMA within N bars of touching it, withhold with-trend long entries and expect a deeper pullback before the old high
R11-26	ranges	reference/brooks/mined/ranges/11_first_pullback_sequence_bar_minor_trend_line.json	TradingRangeEntryNearRangeExtremeOnly	Entry	True	research	any		Filter: inside a trading range/flag that formed after a run of winning with-trend trades, permit a with-trend entry only near the range's far (trend-origin) ext
R11-27	ranges	reference/brooks/mined/ranges/11_first_pullback_sequence_bar_minor_trend_line.json	IncreasingMovingAveragePenetrationAcrossPullbacks	Entry	True	hard	any		Filter: if each successive pullback penetrates the moving average more deeply than the last, be cautious about fading (countertrend) that penetration -- success
R11-28	ranges	reference/brooks/mined/ranges/11_first_pullback_sequence_bar_minor_trend_line.json	HigherTimeframeSequentialMovingAveragePullback	Exit	False	research	any		Higher-timeframe EMAs (15/30/60 minute) act as a sequence of successively larger magnets: the first pullback to reach a given higher-timeframe EMA is usually fo
R12-01	ranges	reference/brooks/mined/ranges/12_double_top_bear_flags_and_double_bottom_bull.json	DoubleBottomPattern	Entry	False	hard	any		Shared primitive: two down-legs whose lows land within a small tolerance of each other (the second may slightly undershoot or overshoot the first), separated by
R12-02	ranges	reference/brooks/mined/ranges/12_double_top_bear_flags_and_double_bottom_bull.json	DoubleBottomAsBullFlagContinuation	Entry	True	research	any		Context classification: a DoubleBottomPattern that forms as a pullback within an already-established bull trend is a higher-reliability with-trend continuation 
R12-03	ranges	reference/brooks/mined/ranges/12_double_top_bear_flags_and_double_bottom_bull.json	PriorMomentumBiasesBreakoutDirection	Entry	True	moderate	any	ConsecutiveUpBars	Filter: when a small trading range can break out as either a double top bear flag or a double bottom bull flag, favor the direction of the strong momentum move 
R12-04	ranges	reference/brooks/mined/ranges/12_double_top_bear_flags_and_double_bottom_bull.json	HeadAndShouldersContinuationPattern	Entry	False	hard	any		A three-swing head-and-shoulders pattern (left shoulder, head, right shoulder) whose right-shoulder area forms a double top/bottom with an earlier swing; trade 
R12-05	ranges	reference/brooks/mined/ranges/12_double_top_bear_flags_and_double_bottom_bull.json	FailedDoubleBottomBreakdownEntry	Entry	False	moderate	any		When a DoubleBottomPattern fails immediately (price reverses back down through it within a bar or two of forming), enter short on a stop one tick below the doub
R12-06	ranges	reference/brooks/mined/ranges/12_double_top_bear_flags_and_double_bottom_bull.json	FailedDoubleBottomMeasuredMoveTarget	Exit	False	moderate	any		After a FailedDoubleBottomBreakdownEntry, target = doubleBottomLevel - baseHeight, where baseHeight is the height of the trading range/base that contained the d
R12-07	ranges	reference/brooks/mined/ranges/12_double_top_bear_flags_and_double_bottom_bull.json	FailedBreakdownBecomesThreePushWedgeEntry	Entry	False	moderate	any		When the FailedDoubleBottomBreakdownEntry's own breakdown fails (price closes back above the prior bar's high within a bar or two), treat the double bottom plus
R12-08	ranges	reference/brooks/mined/ranges/12_double_top_bear_flags_and_double_bottom_bull.json	BullFlagBreakoutEntry	Entry	False	trivial	any	CloseAbovePriorHigh	Shared primitive: generic with-trend flag breakout -- buy a stop one tick above the prior (signal) bar's high, protective stop one tick below its low.
R12-09	ranges	reference/brooks/mined/ranges/12_double_top_bear_flags_and_double_bottom_bull.json	TightenStopToEntryBarIfTrendBar	Exit	False	moderate	any		Stop-management primitive: once the entry bar (the bar that triggered the breakout fill) closes, tighten the protective stop to one tick below its low only if t
R12-10	ranges	reference/brooks/mined/ranges/12_double_top_bear_flags_and_double_bottom_bull.json	ContinuationPatternsPreferredOverReversalsInTrend	Entry	True	research	any		Filter: within an established trend, weight with-trend continuation patterns (flags, including double top/bottom flags) more favorably than countertrend reversa
R12-11	ranges	reference/brooks/mined/ranges/12_double_top_bear_flags_and_double_bottom_bull.json	ConsecutiveClimaxesImplyCountertrendCorrection	Entry	True	research	any		Filter: after two or more consecutive climactic spikes (each a burst of several same-direction trend bars) with minimal intervening pullback, expect at least a 
R12-12	ranges	reference/brooks/mined/ranges/12_double_top_bear_flags_and_double_bottom_bull.json	WiderSwingStopWhenNoMaCloseBreak	Exit	False	moderate	any		Stop-management filter: keep a wider swing-position protective stop (rather than a tight breakeven stop) as long as there has been no bar closing on the wrong s
R12-13	ranges	reference/brooks/mined/ranges/12_double_top_bear_flags_and_double_bottom_bull.json	BuyStopAboveFirstCloseBelowMaBar	Entry	False	moderate	any		In a strong bull trend, buy a stop above the high of the first bar to close below the moving average since the trend began.
R12-14	ranges	reference/brooks/mined/ranges/12_double_top_bear_flags_and_double_bottom_bull.json	BuyStopAboveFirstMaGapBar	Entry	False	moderate	any		In a strong bull trend, buy a stop above the high of the first moving-average gap bar (a bar entirely below the EMA) since the trend began.
R12-15	ranges	reference/brooks/mined/ranges/12_double_top_bear_flags_and_double_bottom_bull.json	BarbwireFailedLow2ScalpBuy	Entry	False	hard	any		Inside barbwire (a tight, overlapping-bar trading range), buy a stop below a low-2 (two-legged) short-setup signal bar, anticipating that its downside breakout 
R12-16	ranges	reference/brooks/mined/ranges/12_double_top_bear_flags_and_double_bottom_bull.json	FirstBarbwireBreakoutLikelyFails	Entry	True	hard	any		Filter: fade (rather than follow) the first trend-bar breakout attempt out of barbwire, expecting it to fail and reverse back into the range.
R12-17	ranges	reference/brooks/mined/ranges/12_double_top_bear_flags_and_double_bottom_bull.json	DoubleTrappedTradersImplyStrongerBreakout	Entry	True	moderate	any		Filter: within a small trading range, once BOTH a failed downside breakout (trapping bears) and a failed upside breakout (trapping bulls) have occurred, expect 
R13-01	ranges	reference/brooks/mined/ranges/13_twenty_gap_bars.json	TwentyGapBarSetup	Entry	True	moderate	any		Shared primitive: a persistent counter of consecutive bars whose high-low range has not touched the N-bar EMA; the setup is armed once the counter reaches a thr
R13-02	ranges	reference/brooks/mined/ranges/13_twenty_gap_bars.json	MovingAverageGapBarPrimitive	Entry	False	simple	any		Shared primitive: in a bull trend, the bar's entire range sits below the EMA (no overlap) -- the bar has crossed fully through and past the moving average.
R13-03	ranges	reference/brooks/mined/ranges/13_twenty_gap_bars.json	FirstGapBarFadeEntry	Entry	False	moderate	any		After a 20-gap-bar setup, the first moving-average gap bar triggers a with-trend fade: buy one tick above its high, betting the trend resumes toward its prior e
R13-04	ranges	reference/brooks/mined/ranges/13_twenty_gap_bars.json	SecondGapBarFadeEntry	Entry	False	moderate	any		If the first gap-bar fade entry fails (stops out without the market testing the trend's prior extreme), take the next moving-average gap bar occurrence the same
R13-05	ranges	reference/brooks/mined/ranges/13_twenty_gap_bars.json	NoThirdGapBarFadeFilter	Entry	True	moderate	any		Block a third consecutive gap-bar fade attempt after two have already failed; treat the market as forming a channel rather than a with-trend bounce.
R13-06	ranges	reference/brooks/mined/ranges/13_twenty_gap_bars.json	ClimaxBeforeSetupInvalidatesGap	Entry	True	research	any		Suppress the 20-gap-bar fade if a climax occurred at or before the start of the 20-bar no-touch stretch; expect at least a two-legged correction instead of a si
R13-07	ranges	reference/brooks/mined/ranges/13_twenty_gap_bars.json	GapBarAfterTrendReversalFailFilter	Entry	True	research	any	AlwaysInDirection	Suppress the moving-average gap-bar fade if a strong trend-direction reversal has just occurred; the gap bar belongs to the prior, now-ended trend.
R14-01	ranges	reference/brooks/mined/ranges/14_first_moving_average_gap_bars.json	MovingAverageGapBarGeneral	Entry	False	simple	any		Shared primitive: in a bull trend or sideways market, the bar's entire range sits below the EMA (no overlap). Same test as chapter 13's R13-02, redefined here w
R14-02	ranges	reference/brooks/mined/ranges/14_first_moving_average_gap_bars.json	FirstMovingAverageGapBarSwingEntry	Entry	False	hard	any		In a strong trend, the first gap bar (R14-01) since the trend began sets up a swing buy one tick above its high, targeting a test of the trend's prior extreme.
R14-03	ranges	reference/brooks/mined/ranges/14_first_moving_average_gap_bars.json	SecondAttemptGapBarEntry	Entry	False	moderate	any		If a first gap-bar attempt does not hold and the pullback continues, the next bar whose high exceeds the prior bar's high while still below the EMA is a higher-
R14-04	ranges	reference/brooks/mined/ranges/14_first_moving_average_gap_bars.json	ScalpVsSwingStrengthFilter	Entry	True	research	any	AlwaysInDirection	Classify a gap-bar entry's intended objective (swing toward the trend extreme vs. a scalp back to the EMA) based on whether the trend is strong.
R14-05	ranges	reference/brooks/mined/ranges/14_first_moving_average_gap_bars.json	InsufficientRoomToEmaFilter	Entry	True	simple	any		Block a scalp-style gap-bar fade if the distance from the current close to the EMA is below a minimum tick threshold.
R14-06	ranges	reference/brooks/mined/ranges/14_first_moving_average_gap_bars.json	GapAfterStrongTrendTestOfExtremeTarget	Exit	False	hard	any		After a first-gap-bar swing entry triggers, target a test of the trend's prior extreme, then expect at least a two-legged correction (take partial profits / tig
R15-01	ranges	reference/brooks/mined/ranges/15_key_inflection_times_of_the_day_that_set_up.json	KeyInflectionTimeWindow	Entry	True	simple	intraday-only	TimeWindow	Shared primitive: flag bars within one bar of a short list of specific clock times (7:00, 7:30, 11:00, 11:30, 12:00 PST) as elevated-probability breakout/revers
R15-02	ranges	reference/brooks/mined/ranges/15_key_inflection_times_of_the_day_that_set_up.json	LateMorningStopRunFade	Entry	False	hard	intraday-only		On an established trend day, near the 11:00-11:30 PST window, a sharp countertrend panic spike that reverses is a fade entry back in the trend's direction.
R15-03	ranges	reference/brooks/mined/ranges/15_key_inflection_times_of_the_day_that_set_up.json	NextDayOppositeDirectionAfterStopRun	Entry	True	research	intraday-only		After a late-session stop-run breaks a significant trend line and runs to a new extreme, favor a countertrend entry in the first hour of the following session.
R15-04	ranges	reference/brooks/mined/ranges/15_key_inflection_times_of_the_day_that_set_up.json	TradingRangeDayLateBoundaryTrap	Entry	True	research	intraday-only		On a trading-range day, a breakout through the opposite extreme of the day's range near the 11:30 window that fails traps traders on both sides; favor a fade ba
R15-05	ranges	reference/brooks/mined/ranges/15_key_inflection_times_of_the_day_that_set_up.json	TradingRangeDayCloseNearMiddleTarget	Exit	False	research	intraday-only		On a trading-range day, expect/target the session close near the middle of the day's range rather than at either extreme; use this as a profit-taking guide for 
R16-01	ranges	reference/brooks/mined/ranges/16_counting_the_legs_of_trends_and_trading_ranges.json	TwoLegMoveTendency	Entry	True	research	any	PullbackLegCounter	General context: any move and its correction tend to complete in exactly two legs, recursively at every scale -- the assumption underlying the high 2 / low 2 ba
R16-02	ranges	reference/brooks/mined/ranges/16_counting_the_legs_of_trends_and_trading_ranges.json	SubdivisionInTightChannelCaution	Entry	True	hard	any		If the two apparent legs of a correction sit in a tight channel/wedge and together run fewer bars than a minimum fraction of the pattern they are correcting, tr
R16-03	ranges	reference/brooks/mined/ranges/16_counting_the_legs_of_trends_and_trading_ranges.json	BreakoutTestMeasuredMoveExpectation	Exit	False	hard	any		After a breakout point is retested to within a small tolerance (a 'perfect' breakout test), project a measured-move target equal in size to the leg that precede
R16-04	ranges	reference/brooks/mined/ranges/16_counting_the_legs_of_trends_and_trading_ranges.json	FailedDoubleTopFuelsBreakoutContinuation	Entry	True	hard	any		When a double-top bear-flag level is broken to the upside (the double top fails), treat the resulting breakout as reinforced and more likely to run, since trade
R17-01	ranges	reference/brooks/mined/ranges/17_bar_counting_high_and_low_1_2_3_and_4_patterns.json	HighLowBarCounter	Entry	False	moderate	any	PullbackLegCounter	Shared primitive: a persistent counter (highCount) of completed pullback legs since the trend last made a fresh N-bar high. Each bar whose high exceeds the imme
R17-02	ranges	reference/brooks/mined/ranges/17_bar_counting_high_and_low_1_2_3_and_4_patterns.json	TrendLineBreakConfirmsCount	Entry	True	hard	any		Require at least a minor trend-line break between successive counted bars before trusting the next count number as tradable; without one, treat the sequence as 
R17-03	ranges	reference/brooks/mined/ranges/17_bar_counting_high_and_low_1_2_3_and_4_patterns.json	HighOneEntry	Entry	False	moderate	any		Buy one tick above the high of the signal bar that just advanced HighLowBarCounter to 1.
R17-04	ranges	reference/brooks/mined/ranges/17_bar_counting_high_and_low_1_2_3_and_4_patterns.json	HighTwoEntry	Entry	False	moderate	any		Buy one tick above the high of the signal bar that just advanced HighLowBarCounter to 2.
R17-05	ranges	reference/brooks/mined/ranges/17_bar_counting_high_and_low_1_2_3_and_4_patterns.json	HighThreeWedgeEntry	Entry	False	moderate	any		Buy one tick above the high of the signal bar that just advanced HighLowBarCounter to 3; functionally a wedge/triangle bull-flag entry (three pushes down).
R17-06	ranges	reference/brooks/mined/ranges/17_bar_counting_high_and_low_1_2_3_and_4_patterns.json	HighFourEntry	Entry	False	moderate	any		Buy one tick above the high of the signal bar that just advanced HighLowBarCounter to 4.
R17-07	ranges	reference/brooks/mined/ranges/17_bar_counting_high_and_low_1_2_3_and_4_patterns.json	ClimaxFilterBlocksCountEntry	Entry	True	research	any		Never take a High 1 buy after a significant recent buy climax, nor a Low 1 short after a significant sell climax -- a climax exhausts the very trend the count i
R17-08	ranges	reference/brooks/mined/ranges/17_bar_counting_high_and_low_1_2_3_and_4_patterns.json	SpikeAndTrendRequiredForCount	Entry	True	hard	any	StrongTrendCharacteristicsFilter	Require both a strong recent spike (several consecutive trend bars with small overlap) and an established trend (not merely a trading-range spike) before trusti
R17-09	ranges	reference/brooks/mined/ranges/17_bar_counting_high_and_low_1_2_3_and_4_patterns.json	TrendDirectionGateForCounts	Entry	True	research	any	AlwaysInDirection	Block High 1/2 buy setups while in a clear bear trend, and Low 1/2 short setups while in a clear bull trend; both remain valid inside a trading range.
R17-10	ranges	reference/brooks/mined/ranges/17_bar_counting_high_and_low_1_2_3_and_4_patterns.json	FadeCountBreakoutWithStrongTrend	Entry	False	hard	any	AlwaysInLong	In a strong, established trend, fade every opposite-direction count-worthy bar directly instead of waiting for a labeled Low N/High N: short at (or a few ticks 
R17-11	ranges	reference/brooks/mined/ranges/17_bar_counting_high_and_low_1_2_3_and_4_patterns.json	TradingRangeBoundaryCountFade	Entry	False	research	any		In a trading-range context, a High 2 setup that forms above the EMA and near the top of the range is more likely to fail; fade it instead with a limit short at/
R17-12	ranges	reference/brooks/mined/ranges/17_bar_counting_high_and_low_1_2_3_and_4_patterns.json	FailedCountSetupEarlyExit	Exit	False	moderate	any		Exit a High N long (or Low N short) if price trades back below (above) the signal bar's low (high) before the position has reached at least a minimal scalper's 
R17-13	ranges	reference/brooks/mined/ranges/17_bar_counting_high_and_low_1_2_3_and_4_patterns.json	ReverseOnOpposingCountTrigger	Exit	False	moderate	any	FlatOrOpenLossExceeds	While long against a developing opposite trend, exit (and optionally reverse) the moment an opposing Low 2/Low 3 short setup itself triggers; mirrored for a sho
R17-14	ranges	reference/brooks/mined/ranges/17_bar_counting_high_and_low_1_2_3_and_4_patterns.json	SmallSignalBarWiderProtectiveStop	Exit	False	moderate	any		When the High N/Low N signal bar is small (near-doji), widen the protective stop to a few ticks beyond the signal bar's extreme instead of exactly one tick, cap
R17-15	ranges	reference/brooks/mined/ranges/17_bar_counting_high_and_low_1_2_3_and_4_patterns.json	CorrectionAdequacyBeforeReCounting	Entry	True	hard	any		After a climax or wedge extreme, require the corrective move to run at least half as many bars as the pattern it is correcting, and to show two clear legs, befo
R17-16	ranges	reference/brooks/mined/ranges/17_bar_counting_high_and_low_1_2_3_and_4_patterns.json	CountertrendMicroSignalMustFailFirst	Entry	True	hard	any	BreakoutPullbackTestBuyEntry	If a High 1/Low 1-shaped bar forms in the direction of a pullback (against the larger trend) rather than with the trend, do not trade it directly; require it to
R17-17	ranges	reference/brooks/mined/ranges/17_bar_counting_high_and_low_1_2_3_and_4_patterns.json	MeasuredMoveFromFailedCountBreakout	Exit	False	hard	any		When a failed High 2 breaks down with a strong (measuring-gap) bar, project a measured-move target using the height of the failed pattern.
R18-01	ranges	reference/brooks/mined/ranges/18_wedge_and_other_three_push_pullbacks.json	ThreePushWedgePattern	Entry	True	hard	any		A wedge is a countertrend move of at least three swing pushes (each push a local extreme against the prevailing direction), typically contained between a conver
R18-02	ranges	reference/brooks/mined/ranges/18_wedge_and_other_three_push_pullbacks.json	WedgePullbackWithTrendEntry	Entry	False	hard	any		In an established trend, once a wedge pullback (three-push countertrend move) completes, enter with-trend on the first reversal signal bar back in the trend dir
R18-03	ranges	reference/brooks/mined/ranges/18_wedge_and_other_three_push_pullbacks.json	WedgeReversalSecondEntryFilter	Entry	True	research	any		When a wedge forms as a countertrend reversal pattern (not a with-trend pullback), skip the first breakout entry and wait for a second entry (e.g., a breakout p
R18-04	ranges	reference/brooks/mined/ranges/18_wedge_and_other_three_push_pullbacks.json	WedgeFlagDurationFilter	Entry	True	moderate	any		A with-trend wedge flag is typically 10 to 20 bars long from its first push to its completion; treat wedges outside this range as less typical.
R18-05	ranges	reference/brooks/mined/ranges/18_wedge_and_other_three_push_pullbacks.json	ReversalPatternMinDurationFilter	Entry	True	hard	any		A reversal pattern (as opposed to a with-trend wedge pullback) is only considered strong enough to reverse the trend if it has lasted at least N bars and has a 
R18-06	ranges	reference/brooks/mined/ranges/18_wedge_and_other_three_push_pullbacks.json	NoBuyOnGapAboveSignalBar	Entry	True	trivial	any		For a with-trend buy-stop entry above a signal bar's high, only take the entry if the entry bar's open is below the signal bar's high (no gap up through the sto
R18-07	ranges	reference/brooks/mined/ranges/18_wedge_and_other_three_push_pullbacks.json	SpikeAndChannelMinimumTargetExit	Exit	False	hard	any		In a spike-and-channel wedge pullback, the minimum profit target for a long scalp is the price level marking the start of the channel (the extreme reached right
R18-08	ranges	reference/brooks/mined/ranges/18_wedge_and_other_three_push_pullbacks.json	TwoLegMeasuredMoveExit	Exit	False	hard	any		For a two-legged move, project a measured-move target for the second leg equal in size to the first leg, added from the start of the second leg.
R18-09	ranges	reference/brooks/mined/ranges/18_wedge_and_other_three_push_pullbacks.json	WedgeSlopeDeterminesBias	Entry	True	hard	any		A wedge's expected breakout direction is set by its slope, independent of prior trend context: an up-sloping wedge is treated as bearish (expect a downside brea
R18-10	ranges	reference/brooks/mined/ranges/18_wedge_and_other_three_push_pullbacks.json	AvoidEagerHigh2EntryAfterStrongSpike	Entry	True	research	any		In a wedge bull-flag setup, if both the first and second down-pushes show strong momentum, skip the eager buy at the high-2 breakout and instead wait for a pull
R19-01	ranges	reference/brooks/mined/ranges/19_dueling_lines_wedge_pullback_to_the_trend_line.json	DuelingLinesPullbackEnd	Entry	True	hard	any		A pullback ends where two independent lines coincide at the same price near the current bar -- e.g., the pullback's own (falling) trend channel line intersectin
R19-02	ranges	reference/brooks/mined/ranges/19_dueling_lines_wedge_pullback_to_the_trend_line.json	DuelingLinesWedgeConfluenceEntry	Entry	False	hard	any		The most reliable dueling-lines setup: the pullback itself has a wedge/three-push shape inside a channel, and its signal bar pokes through the major trend line 
R19-03	ranges	reference/brooks/mined/ranges/19_dueling_lines_wedge_pullback_to_the_trend_line.json	SteepPullbackRequiresSecondEntry	Entry	True	research	any		When the countertrend pullback leg into a dueling-lines confluence is steep, skip the first reversal signal and wait for a second entry (e.g., a subsequent high
R19-04	ranges	reference/brooks/mined/ranges/19_dueling_lines_wedge_pullback_to_the_trend_line.json	HorizontalSupportDuelingLinesDoubleBottom	Entry	False	hard	any		When the long-term support at a dueling-lines pullback end is a horizontal line across a prior swing low, the pullback's low can print near that same level, for
R19-05	ranges	reference/brooks/mined/ranges/19_dueling_lines_wedge_pullback_to_the_trend_line.json	BearTrendDayOpenNearHighCloseNearLow	Entry	True	trivial	daily-ok	CloseRangePosition	On a daily bar, a session that opens near its high and closes near its low reads as a bear trend day on the daily chart, even if the intraday action was actuall
R20-01	ranges	reference/brooks/mined/ranges/20_reversal_patterns_double_tops_and_bottoms_and.json	DoubleTopBottomPattern	Entry	True	hard	any		A double top is two swing highs at approximately the same price separated by a pullback low (the 'dip'); a double bottom is the mirror image, two swing lows sep
R20-02	ranges	reference/brooks/mined/ranges/20_reversal_patterns_double_tops_and_bottoms_and.json	DoubleTopBreakoutShortEntry	Entry	False	hard	any		The book's standard (literal) double-top entry: sell stop one tick below the low of the pullback dip between the two tops.
R20-03	ranges	reference/brooks/mined/ranges/20_reversal_patterns_double_tops_and_bottoms_and.json	HeadAndShouldersPattern	Entry	True	hard	any		A head-and-shoulders top is a three-push pattern (a specialization of the wedge/three-push primitive) whose middle push (the head) is more extreme than the two 
R20-04	ranges	reference/brooks/mined/ranges/20_reversal_patterns_double_tops_and_bottoms_and.json	HeadAndShouldersNecklineBreakoutEntry	Entry	False	hard	any		The standard (literal) head-and-shoulders entry: sell stop one tick below the neckline for a top, buy stop one tick above the neckline for a bottom.
R20-05	ranges	reference/brooks/mined/ranges/20_reversal_patterns_double_tops_and_bottoms_and.json	FailedReversalPatternContinuationEntry	Entry	False	hard	any		When a double-top/bottom or head-and-shoulders pattern forms as a pause within an established larger trend and its countertrend breakout (the double-top dip-low
R20-06	ranges	reference/brooks/mined/ranges/20_reversal_patterns_double_tops_and_bottoms_and.json	AvoidNaiveReversalPatternCountertrendEntry	Entry	True	research	any		Because double tops/bottoms and head-and-shoulders patterns are trading ranges that continue the larger trend far more often than they reverse it, do not take e
R20-07	ranges	reference/brooks/mined/ranges/20_reversal_patterns_double_tops_and_bottoms_and.json	ReversalPatternHeightMeasuredMoveTarget	Exit	False	hard	any		After a with-trend breakout of a double-top/bottom or head-and-shoulders continuation pattern, project a measured-move target equal to the pattern's height (its
RP4-01	ranges	reference/brooks/mined/ranges/21-part_iv_trading_ranges.json	TradingRangeContext	Entry	True	research	any		The market is in a trading range: an area of two-sided (both-directions) trading, as opposed to trending. Shared primitive that most of this chapter's candidate
RP4-02	ranges	reference/brooks/mined/ranges/21-part_iv_trading_ranges.json	TrendChannelVsTradingRangeSlopeFilter	Entry	True	hard	any		A sloping range is still a trading range only while its containing lines' slope stays below some magnitude; beyond that it should be classified as a trend chann
RP4-03	ranges	reference/brooks/mined/ranges/21-part_iv_trading_ranges.json	StopRunReversalBar	Entry	False	moderate	any		One or more strong trend bars break below (long case: below, mirrored for short) a recent swing low, then the very next bar reverses and closes back above that 
RP4-04	ranges	reference/brooks/mined/ranges/21-part_iv_trading_ranges.json	FewConsecutiveTrendBarsFilter	Entry	True	simple	any	ConsecutiveUpBars	A trading-range clue: trend bars occur often, but runs of 3-4 or more consecutive same-direction trend bars are rare; a run at or beyond that length argues agai
RP4-05	ranges	reference/brooks/mined/ranges/21-part_iv_trading_ranges.json	BarOverlapFractionFilter	Entry	True	trivial	any		A trading-range clue: the current bar's range overlaps at least half of the prior bar's range; three or more such overlapping bars in a row strengthens the trad
RP4-06	ranges	reference/brooks/mined/ranges/21-part_iv_trading_ranges.json	FlatMovingAverageFilter	Entry	True	moderate	any		A trading-range clue: the moving average's slope over the last few bars is close to zero (neither clearly rising nor falling).
RP4-07	ranges	reference/brooks/mined/ranges/21-part_iv_trading_ranges.json	FailedSpikeBreakoutVacuumReversal	Entry	False	hard	any		Within an established trading range, a strong spike (one or more large trend bars) beyond the range's top or bottom fails to hold and reverses back inside the r
RP4-08	ranges	reference/brooks/mined/ranges/21-part_iv_trading_ranges.json	TradingRangeSetupLocationFilter	Entry	True	hard	any		Inside a trading range, a High1/High2 buy setup is only valid near the BOTTOM of the range (not the top), and a Low1/Low2 short setup is only valid near the TOP
RP4-09	ranges	reference/brooks/mined/ranges/21-part_iv_trading_ranges.json	FinalLegChannelReversalBuySetup	Entry	False	hard	any		In a bull-trend trading range, the final leg down to the range's bottom is usually a channel (not a single spike); buy the reversal up from that bottom, or the 
RP4-10	ranges	reference/brooks/mined/ranges/21-part_iv_trading_ranges.json	SignalBarNotTooLargeNearRangeExtremeFilter	Entry	True	simple	any		A range-extreme reversal entry is only taken if its signal bar's range is not too large relative to recent bars -- an oversized signal bar would push the entry 
RP4-11	ranges	reference/brooks/mined/ranges/21-part_iv_trading_ranges.json	WaitForStopEntryReversalRatherThanFadeClose	Entry	True	research	any		Rather than fading a breakout bar's close directly (an advanced, aggressive entry), wait for the market to reverse back into the range and enter on a stop as it
RP4-12	ranges	reference/brooks/mined/ranges/21-part_iv_trading_ranges.json	TradingRangeBreakoutStopBelowRangeLow	Exit	False	simple	any		For a with-trend buy on a trading-range's upside breakout, place the protective stop well below the bottom of the trading range (not just below the signal bar),
RP4-13	ranges	reference/brooks/mined/ranges/21-part_iv_trading_ranges.json	TradingRangeBreakoutEntryGatedByTrendResumption	Entry	True	research	any		Only take a trading-range's with-trend breakout entry when the larger trend has clearly already started to resume before the breakout occurs; otherwise prefer e
RP4-14	ranges	reference/brooks/mined/ranges/21-part_iv_trading_ranges.json	TightRangeStopEntryAvoidance	Entry	True	moderate	any		When the trading range's height is at or below a small threshold (the book's Emini example: 3-4 points), avoid stop-entry breakout/reversal trades; prefer limit
RP4-15	ranges	reference/brooks/mined/ranges/21-part_iv_trading_ranges.json	MicroChannelSecondEntryFilter	Entry	True	hard	any		When the leg testing the top or bottom of the range is itself a tight (micro) channel, do not take the naive fade against it; wait instead for a pullback from t
RP4-16	ranges	reference/brooks/mined/ranges/21-part_iv_trading_ranges.json	RecentDirectionalPressureConfirmation	Entry	True	moderate	any		A range-extreme reversal setup is more reliable when, within the prior N bars, there is additional evidence of directional pressure at that level -- multiple ba
RP4-17	ranges	reference/brooks/mined/ranges/21-part_iv_trading_ranges.json	MiddleOfDayMiddleOfRangeCautionFilter	Entry	True	moderate	intraday-only		During the middle third of the trading session (the book's example: 8:30-10:30 a.m. PST) while price sits near the middle of the day's range, expect choppy, low
RP4-18	ranges	reference/brooks/mined/ranges/21-part_iv_trading_ranges.json	ClimaxImpliesTradingRangeTransition	Entry	True	research	any		A sharp spike in one direction immediately followed by a sharp spike in the opposite direction (a buy or sell climax) is typically followed by a transition into
RP4-19	ranges	reference/brooks/mined/ranges/21-part_iv_trading_ranges.json	ConsecutiveClimaxReversalOddsFilter	Entry	True	hard	any		Two or more consecutive climaxes in the same direction raise the odds of at least a two-legged pullback lasting a minimum number of bars (toward the moving aver
RP4-20	ranges	reference/brooks/mined/ranges/21-part_iv_trading_ranges.json	DoubleFailedBreakoutImpliesOppositeDirection	Entry	True	moderate	any		After the market has attempted and failed to break out of a trading range in one direction at least twice, the odds favor it next attempting a breakout in the o
RP4-21	ranges	reference/brooks/mined/ranges/21-part_iv_trading_ranges.json	EndOfDayRangeReversalFilter	Entry	True	moderate	intraday-only		In a trending trading range day, the market often attempts to reverse the day's final trading range in the last one to two hours of the session; look for a coun
RP4-22	ranges	reference/brooks/mined/ranges/21-part_iv_trading_ranges.json	TrailingStopBelowRecentSwingLow	Exit	False	moderate	any		As a with-trend rally progresses, trail the protective stop to just below the most recently formed swing low (mirrored: above the most recent swing high in a do
RP4-23	ranges	reference/brooks/mined/ranges/21-part_iv_trading_ranges.json	StopBelowPriorBarLowForSpikeEntry	Exit	False	trivial	any		For an entry taken during a strong spike (e.g., buying the close of the spike's second bar), place the initial protective stop below the low of the bar immediat
RP4-24	ranges	reference/brooks/mined/ranges/21-part_iv_trading_ranges.json	AlwaysInFlipEntry	Entry	False	research	any		As soon as the always-in direction is judged to have flipped to long, buy at least a small position immediately (at market, or on a minor pullback) rather than 
RP4-25	ranges	reference/brooks/mined/ranges/21-part_iv_trading_ranges.json	SpikeHeightMeasuredMoveTarget	Exit	False	hard	any		After a spike (a fast, mostly one-directional leg), project a measured-move target equal to the spike's own height (its start extreme to its end extreme), added
R21-01	ranges	reference/brooks/mined/ranges/21_example_of_how_to_trade_a_trading_range.json	TradingRangeEquidistantScalpTarget	Exit	False	trivial	any	TakeProfitWithRatioStop	In a trading range, size the profit target to be at least as large as the initial risk (an 'equidistant move'), so the trade's win rate need not be high to be p
R21-02	ranges	reference/brooks/mined/ranges/21_example_of_how_to_trade_a_trading_range.json	ExtendedRangeMoveFavorsFadeFilter	Entry	True	moderate	any	Momentum	Inside a trading range, once price has made an extended net move in one direction over the last several bars without reversing, treat further with-move entries 
R21-03	ranges	reference/brooks/mined/ranges/21_example_of_how_to_trade_a_trading_range.json	BuyHigh2NearRangeBottom	Entry	False	moderate	any	High2Setup	Take a High 2 long setup (a second bull-reversal attempt near a prior low, resembling a double bottom) only when it forms near the bottom of the current trading
R21-04	ranges	reference/brooks/mined/ranges/21_example_of_how_to_trade_a_trading_range.json	BuyRangeExtremeSecondEntryAfterTrendLineBreak	Entry	False	hard	any		Entry near the range low that is also a second attempt following a break of a minor bear trend line (or, mirrored, near the range high following a break of a mi
R21-05	ranges	reference/brooks/mined/ranges/21_example_of_how_to_trade_a_trading_range.json	BuyWedgeBullFlagNearRangeBottom	Entry	False	hard	any	ThreePushWedgePattern	Take a wedge (three-push) bull-flag entry only when it forms near the bottom of the current trading range.
R21-06	ranges	reference/brooks/mined/ranges/21_example_of_how_to_trade_a_trading_range.json	BuyReversalBarAfterSwingBreakAtRangeBottom	Entry	False	hard	any	FinalFlagFailedBreakoutReversal	After price breaks below a recent swing low near the bottom of the trading range, buy a subsequent bull reversal bar or final-flag reversal pattern.
R21-07	ranges	reference/brooks/mined/ranges/21_example_of_how_to_trade_a_trading_range.json	BuyBreakoutPullbackNearRangeBottom	Entry	False	moderate	any	BreakoutPullbackTestBuyEntry	After an upside breakout that occurs near the bottom of the trading range, buy the pullback one tick above the high of the prior (pullback) bar.
R21-08	ranges	reference/brooks/mined/ranges/21_example_of_how_to_trade_a_trading_range.json	BuySpikeAtRangeBottomLimitEntry	Entry	False	hard	any		During a bear spike that is testing or breaking the bottom of the trading range, buy at the market or on a limit order at/below the low of the prior swing low.
R21-09	ranges	reference/brooks/mined/ranges/21_example_of_how_to_trade_a_trading_range.json	BuyClimaxExhaustionTrendBarAtRangeBottom	Entry	False	simple	any	BodyBelowAtrFraction	Treat an unusually large bear trend bar near the bottom of the trading range as a likely exhaustive sell climax, and buy at its close or on a limit order below 
R21-10	ranges	reference/brooks/mined/ranges/21_example_of_how_to_trade_a_trading_range.json	BuyWeakSignalBarLimitAtRangeBottom	Entry	False	moderate	any		When a Low 1 or Low 2 short-setup signal bar is weak (poor follow-through quality) and forms at the bottom of the trading range, fade it by buying at or below i
R21-11	ranges	reference/brooks/mined/ranges/21_example_of_how_to_trade_a_trading_range.json	BuyCounterCloseAtStrongSwingStart	Entry	False	research	any		Right at the start of a swing judged strong enough to keep going, buy at the close of a bar that itself closed down (a small dip within the new swing), rather t
R21-12	ranges	reference/brooks/mined/ranges/21_example_of_how_to_trade_a_trading_range.json	AvoidStopEntriesInMiddleOfRangeFilter	Entry	True	simple	any		While the market is in a trading range, block stop (breakout-style) entries whose signal bar closes near the middle third of the range; entries there, if taken,
R21-13	ranges	reference/brooks/mined/ranges/21_example_of_how_to_trade_a_trading_range.json	SessionAverageBarRangeMoneyStop	Exit	False	moderate	intraday-only	AtrTrailingStop	Size the protective stop as a multiple of the average bar range observed so far in the current session, rather than a fixed dollar amount or a rolling multi-day
R21-14	ranges	reference/brooks/mined/ranges/21_example_of_how_to_trade_a_trading_range.json	ReversalCountInFirstHourPredictsTradingRangeDay	Entry	True	research	intraday-only		Count directional reversals (swing-direction changes) within the first hour of the session; a high count raises the probability that the day will be a trading-r
R21-15	ranges	reference/brooks/mined/ranges/21_example_of_how_to_trade_a_trading_range.json	OpeningBarDojiPredictsTradingRangeDay	Entry	True	simple	intraday-only		If the very first bar of the session is a doji, treat that as a (weak) signal favoring a trading-range day, persisted as a day-context flag.
R22-01	ranges	reference/brooks/mined/ranges/22_tight_trading_ranges.json	TightTradingRangeWidthTest	Entry	True	simple	any	TightTradingRange	A tight trading range is a horizontal range whose height (highest high to lowest low over the last N bars) is small relative to the recent average daily range -
R22-02	ranges	reference/brooks/mined/ranges/22_tight_trading_ranges.json	SlopingTightChannelWidthTest	Entry	True	hard	any		Generalizes R22-01 to a sloped micro-channel: the perpendicular width between the fitted upper and lower channel lines over the lookback window is small relativ
R22-03	ranges	reference/brooks/mined/ranges/22_tight_trading_ranges.json	BarbwirePattern	Entry	True	simple	any	InsideBar	Shared primitive for this chapter: barbwire is three or more consecutive largely-overlapping bars where at least one is a doji and the middle bar's range is mor
R22-04	ranges	reference/brooks/mined/ranges/22_tight_trading_ranges.json	TightTradingRangeBlocksAllEntriesSwitch	Switch	False	simple	any		While the market is in a tight trading range, block all new entries regardless of any other signal that would otherwise fire -- the single global override this 
R22-05	ranges	reference/brooks/mined/ranges/22_tight_trading_ranges.json	ExitToBreakevenWhenPositionEntersTightRange	Exit	False	moderate	any		If a trade was entered before the market was recognized as a tight trading range, and the pattern has since formed, exit at breakeven (or a small loss) rather t
R22-06	ranges	reference/brooks/mined/ranges/22_tight_trading_ranges.json	FailedBreakoutCountIncreasesNextBreakoutOddsFilter	Entry	True	hard	any		Within a tight trading range, count failed breakout attempts on one side; once the count reaches a threshold, permit (or upweight) a with-direction breakout ent
R22-07	ranges	reference/brooks/mined/ranges/22_tight_trading_ranges.json	PreferWithTrendBreakoutAfterTightRangeFilter	Entry	True	moderate	any	AlwaysInDirection	When a tight trading range forms after a trend leg (and was not preceded by a climactic reversal), only take breakout entries in the direction of the prior alwa
R22-08	ranges	reference/brooks/mined/ranges/22_tight_trading_ranges.json	ExitWithTrendEntryIfRangeFailsToExpand	Exit	False	moderate	any	NumBarsIfLosing	If a with-trend entry was taken while the market was a tight trading range, and after N bars the range has neither broken out with-trend nor reached a profit ta
R22-09	ranges	reference/brooks/mined/ranges/22_tight_trading_ranges.json	BarbwireBreakoutFadeEntry	Entry	False	moderate	any		When a single trend bar breaks out of a barbwire pattern (not two or more consecutive trend bars in the same direction), fade it: enter opposite the breakout on
R22-10	ranges	reference/brooks/mined/ranges/22_tight_trading_ranges.json	BarbwireFadeFailureReversalEntry	Entry	False	moderate	any		If the barbwire breakout fade (R22-09) is entered and its own entry bar closes against the fade (i.e., the fade is failing), reverse to a breakout-pullback entr
R22-11	ranges	reference/brooks/mined/ranges/22_tight_trading_ranges.json	TradingRangeMajoritySideOfEmaFilter	Entry	True	moderate	any		While a trading range/barbwire is forming near the 20-bar EMA, only allow entries in the direction implied by which side of the EMA most of the pattern's bars s
R22-12	ranges	reference/brooks/mined/ranges/22_tight_trading_ranges.json	BarbwireSmallBarFadeAtExtreme	Entry	False	moderate	any		Within barbwire, fade a small bar (range well below the pattern's typical bar size) that forms near the top of the pattern by shorting one tick below its low (m
R22-13	ranges	reference/brooks/mined/ranges/22_tight_trading_ranges.json	AvoidFading1MinuteBarsFilter	Entry	True	trivial	intraday-only		Do not take fade (countertrend scalp) entries when the chart's bar interval is 1 minute; prefer 3-minute or 5-minute bars for these setups.
R22-14	ranges	reference/brooks/mined/ranges/22_tight_trading_ranges.json	BarbwireBarSizeAboveAverageFilter	Entry	True	moderate	intraday-only		Only take barbwire/tight-range scalp entries when the individual bars are at least as large as the day's average bar range so far; skip setups where both the ra
R22-15	ranges	reference/brooks/mined/ranges/22_tight_trading_ranges.json	ThreeConsecutiveSellClimaxesPredictCorrectionFilter	Entry	True	hard	any		After three consecutive sell (buy) climaxes within a session, favor long (short) entries and disfavor further with-trend short (long) entries, expecting a multi
R22-16	ranges	reference/brooks/mined/ranges/22_tight_trading_ranges.json	ReverseOnOppositeSignalInTightRangeWithRoom	Entry	False	moderate	any	High2Setup	While long in a tight trading range, an opposite (Low 2) signal is grounds to exit and reverse to short; while short, an opposite (High 2) signal with a favorab
R22-17	ranges	reference/brooks/mined/ranges/22_tight_trading_ranges.json	BarbwireAfterFirstHourSpikeMarksExtremeOfDayFilter	Entry	True	research	intraday-only		Barbwire that forms at the end of a multi-bar spike within the first hour of the session, at a support or resistance area, is a candidate reversal pattern for t
R23-01	ranges	reference/brooks/mined/ranges/23_triangles.json	TrianglePattern	Entry	True	hard	any	ThreePushWedgePattern	Shared primitive for this chapter: a triangle is any trading range with at least three swing pushes in one direction and at least two in the other, contained be
R23-02	ranges	reference/brooks/mined/ranges/23_triangles.json	OutsideOutsideExpandingTrianglePattern	Entry	True	simple	any		Two-bar primitive: an outside bar (engulfs the bar before it) is immediately followed by an even larger outside bar (engulfs the first outside bar) -- a miniatu
R23-03	ranges	reference/brooks/mined/ranges/23_triangles.json	TriangleHeightMeasuredMoveTarget	Exit	False	hard	any	TradingRangeHeightTarget	After a triangle breakout, project a measured-move profit target equal to the triangle's height (its upper extreme to its lower extreme) added from the breakout
R23-04	ranges	reference/brooks/mined/ranges/23_triangles.json	TriangleBreakoutBeyondTargetSignalsTrendContinuationFilter	Entry	True	moderate	any		Once price extends beyond the triangle's measured-move target (R23-03) rather than stalling there, treat the market as likely transitioning into a trend: favor 
R23-05	ranges	reference/brooks/mined/ranges/23_triangles.json	FadeTriangleExtremesWhenTallEnoughFilter	Entry	True	hard	any		Only permit fading a triangle's extremes (buying near its bottom, selling near its top) when the triangle's height is large enough relative to recent volatility
R23-06	ranges	reference/brooks/mined/ranges/23_triangles.json	TriangleWithTrendBreakoutBiasFilter	Entry	True	moderate	any	AlwaysInDirection	A weak bias filter: within a triangle, mildly prefer breakout entries in the direction of the prior always-in trend. Recorded as stated even though Brooks says 
R23-07	ranges	reference/brooks/mined/ranges/23_triangles.json	WedgeBreakoutRequiresStrengthConfirmationFilter	Entry	True	hard	any	BreakoutPullbackTestBuyEntry	When uncertain whether a steep wedge will reverse, do not enter on the wedge's breakout bar itself. Wait to classify the breakout's strength (chapter 2's strong
R23-08	ranges	reference/brooks/mined/ranges/23_triangles.json	DownWedgeAlwaysActsAsBullFlagFilter	Entry	True	research	any		Treat any down-sloping wedge or bear channel as a bull-flag context and favor an eventual upside breakout, even when the visible chart shows an established bear
R23-09	ranges	reference/brooks/mined/ranges/23_triangles.json	ExpandingTriangleAlternatingReversalContinuationFilter	Entry	True	research	any		Expanding triangles tend to alternate role: a breakout failure from one expanding triangle typically forms a larger expanding triangle on the opposite side, fli
R23-10	ranges	reference/brooks/mined/ranges/23_triangles.json	TriangleLateInTrendFinalFlagFilter	Entry	True	moderate	any	HorizontalWedgeFlagIsFinalFlag	A triangle forming after a trend has already run for a while is likely to be the trend's final flag (the last pullback before the trend ends), because a three-p
R24-01	ranges	reference/brooks/mined/ranges/24_scalping_swinging_trading_and_investing.json	FailedTickExtensionReversalSignal	Entry	True	research	any		Near the end of a protracted trend, if price extends only failureTicks beyond a reference extreme (e.g. a signal bar or recent swing extreme) and fails to conti
R24-02	ranges	reference/brooks/mined/ranges/24_scalping_swinging_trading_and_investing.json	BreakevenStopAfterFixedFavorableMove	Exit	False	moderate	any	ProfitProtector	Once open profit reaches favorableTicks beyond the entry price, move the protective stop to breakeven (the entry price) for the remainder of the position.
R24-03	ranges	reference/brooks/mined/ranges/24_scalping_swinging_trading_and_investing.json	StopTightenToEntryBarUnconditional	Exit	False	moderate	any		Once the entry bar closes, unconditionally move the stop from the signal-bar extreme to the entry-bar extreme (one tick beyond it), regardless of the entry bar'
R24-04	ranges	reference/brooks/mined/ranges/24_scalping_swinging_trading_and_investing.json	ScalpProfitTargetEqualsRisk	Exit	False	trivial	any	TakeProfitWithRatioStop	A scalp's profit target is set at approximately the same distance from entry as its protective stop.
R24-05	ranges	reference/brooks/mined/ranges/24_scalping_swinging_trading_and_investing.json	SwingProfitTargetTwiceRisk	Exit	False	trivial	any	TakeProfitWithRatioStop	A swing trade's profit target is set at least twice the distance from entry as its protective stop.
R24-06	ranges	reference/brooks/mined/ranges/24_scalping_swinging_trading_and_investing.json	MinimumDailyVolumeFilter	Entry	True	trivial	daily-ok	VolumeAboveAverageMultiple	Only take swing setups in a symbol whose (daily) bar volume exceeds a minimum threshold.
R24-07	ranges	reference/brooks/mined/ranges/24_scalping_swinging_trading_and_investing.json	AddOnReentryAfterStopRunContinuation	Entry	False	hard	any		After price briefly trades beyond a recent breakeven-stop cluster (i.e., beyond a recent swing extreme or entry level) against the trade direction, but then imm
R24-08	ranges	reference/brooks/mined/ranges/24_scalping_swinging_trading_and_investing.json	FilledAtExtremeMoreTrendPressureReentry	Entry	True	research	any		When a profit-taking limit exit is filled at exactly the extreme tick of a move (the market did not need to trade through the price to fill it), treat this as a
R24-09	ranges	reference/brooks/mined/ranges/24_scalping_swinging_trading_and_investing.json	ScaleOutPartialPositionAtRewardMultiple	Exit	False	research	any		Exit a fraction of the position once open profit reaches a multiple of the initial risk, then move the stop on the remainder to around breakeven and scale out f
R25-01	ranges	reference/brooks/mined/ranges/25_mathematics_of_trading_should_i_take_this_trade.json	MinRewardToRiskAtSignalBar	Entry	True	trivial	any	TakeProfitWithRatioStop	Pre-trade gate: use the signal bar's own range as a proxy for the planned risk (stop placed one tick beyond the bar) and require the planned points target to be
R25-02	ranges	reference/brooks/mined/ranges/25_mathematics_of_trading_should_i_take_this_trade.json	TightenStopToPriorBarLow	Exit	False	simple	any		As a trade moves favorably, Brooks has traders repeatedly move their protective stop to just beyond the most recently completed bar's extreme rather than leavin
R25-03	ranges	reference/brooks/mined/ranges/25_mathematics_of_trading_should_i_take_this_trade.json	ExitOnRewardRiskDeterioration	Exit	False	moderate	any		Position management: recompute the remaining reward (distance from the current close to the original planned target) and the remaining risk (distance from the c
R25-04	ranges	reference/brooks/mined/ranges/25_mathematics_of_trading_should_i_take_this_trade.json	DirectionalProbabilityOfEquidistantMove	Entry	True	research	any		The chapter's central concept: at any moment there is an estimated probability that price moves a given distance in one direction before the same distance in th
R26-01	ranges	reference/brooks/mined/ranges/26_need_two_reasons_to_take_a_trade.json	TwoReasonsRequiredToEnter	Entry	True	research	any		A meta-gate on every entry: require at least reasonCount (2) independently-true qualifying conditions from an enumerable list of 'reasons' (signal-bar quality, 
R26-02	ranges	reference/brooks/mined/ranges/26_need_two_reasons_to_take_a_trade.json	NoCountertrendInSteepTrendUnlessPriorBreakOrOvershoot	Entry	True	hard	any		Block any countertrend entry (including counting setups like high2/high4) while the trend is steep, unless a significant trend-line break or a trend-channel ove
R26-03	ranges	reference/brooks/mined/ranges/26_need_two_reasons_to_take_a_trade.json	BarCountingSetupDirectionMustMatchTrend	Entry	True	research	any		H1/H2/H3/H4 buy-counting setups are only valid in a bull trend or at the bottom of a trading range, never in a bear trend; L1/L2/L3/L4 sell-counting setups are 
R26-04	ranges	reference/brooks/mined/ranges/26_need_two_reasons_to_take_a_trade.json	StrongTrendSingleReasonPullbackEntry	Entry	True	research	any		Exception to R26-01: in a strong trend, a single reason (any pullback, even a bare high1/low1) is sufficient to enter, as long as the pullback does not follow a
R26-05	ranges	reference/brooks/mined/ranges/26_need_two_reasons_to_take_a_trade.json	TrendLineOvershootReversalBarSingleReasonEntry	Entry	True	hard	any		Exception to R26-01: a trend-line (or trend-channel-line) overshoot followed by a good reversal bar is, by itself, a sufficient single reason to fade the oversh
R26-06	ranges	reference/brooks/mined/ranges/26_need_two_reasons_to_take_a_trade.json	SecondEntrySetupPrimitive	Entry	True	hard	any		Shared primitive for this chapter: a 'second entry' is a same-direction setup that forms within a few bars after an earlier same-direction setup either failed t
R26-07	ranges	reference/brooks/mined/ranges/26_need_two_reasons_to_take_a_trade.json	SecondEntrySingleReasonSufficient	Entry	True	hard	any		Exception to R26-01: whenever the current setup is a second entry (R26-06), that alone is sufficient reason to take it, in either a trend or a trading range.
R26-08	ranges	reference/brooks/mined/ranges/26_need_two_reasons_to_take_a_trade.json	DuelingLinesConvergence	Entry	True	hard	any		Shared primitive: two independently-drawn lines (e.g., a trend line and a trend channel line, or lines from two different swings) project to approximately the s
R26-09	ranges	reference/brooks/mined/ranges/26_need_two_reasons_to_take_a_trade.json	WeakSignalBarAtRangeExtremeReversalReason	Entry	True	moderate	any		A high1/high2 short signal bar that is weak (small body, poor close position) forming at the top of a trading range is itself a countertrend (long) reason, sinc
R26-10	ranges	reference/brooks/mined/ranges/26_need_two_reasons_to_take_a_trade.json	FailedProfitTargetReversalSignal	Entry	True	research	any		Price approaches within a small, fixed number of ticks of a plausible profit-target extension beyond a recent extreme (e.g., a signal bar) but reverses just sho
R26-11	ranges	reference/brooks/mined/ranges/26_need_two_reasons_to_take_a_trade.json	FirstMovingAverageGapPullbackEntry	Entry	True	moderate	any		In a strong trend, the first pullback that leaves a gap between price and the moving average (i.e., the pullback does not touch the average) is itself a qualify
R26-12	ranges	reference/brooks/mined/ranges/26_need_two_reasons_to_take_a_trade.json	FirstMovingAveragePullbackEntry	Entry	True	moderate	any		In a strong trend, the first pullback that actually touches the moving average (the first MA touch of the trend, or the first in more than N bars) is itself a q
R26-13	ranges	reference/brooks/mined/ranges/26_need_two_reasons_to_take_a_trade.json	TightTradingRangeEntryGate	Entry	True	research	any		In a tight trading range, block all entries until either (a) a large trend bar breaks out of the range by at least breakoutTicks and then fails (closes back ins
R26-14	ranges	reference/brooks/mined/ranges/26_need_two_reasons_to_take_a_trade.json	ScaleInLimitEntryAtPriorSwingLow	Entry	False	hard	any		First leg of a countertrend scale-in in a bear trend: place a half-size buy-limit order at the price of the most recent swing low, expecting a bounce off the le
R26-15	ranges	reference/brooks/mined/ranges/26_need_two_reasons_to_take_a_trade.json	ScaleInAddOnLimitEntry	Entry	False	hard	any		Second leg of the scale-in: while the first (half-size) entry from R26-14 is open and unfilled on its own target, place a second buy-limit order addOnDistance b
R26-16	ranges	reference/brooks/mined/ranges/26_need_two_reasons_to_take_a_trade.json	ScaleInProfitTargetExit	Exit	False	moderate	any		If only the first (half-size) scale-in entry is filled and price reaches a fixed profit target before the add-on order fills, exit the first entry there (and, b
R26-17	ranges	reference/brooks/mined/ranges/26_need_two_reasons_to_take_a_trade.json	ScaleInExitAtOriginalEntryPriceAfterSecondFill	Exit	False	moderate	any		Once both scale-in entries (R26-14, R26-15) are filled, exit the entire combined position once price returns to the first (original, higher) entry's fill price 
R27-01	ranges	reference/brooks/mined/ranges/27_entering_on_stops.json	StopBeyondSignalBarInitialStop	Exit	False	moderate	any		The initial protective stop for a stop-entry trade is placed stopTicks beyond the signal bar's extreme opposite the trade direction: for a long entry, stopTicks
R27-02	ranges	reference/brooks/mined/ranges/27_entering_on_stops.json	TightenStopAfterStrongEntryBar	Exit	False	moderate	any		Once the entry bar closes, if it closed with a strong body in the trade's direction, replace the wider signal-bar stop (R27-01) with a tighter stop stopTicks be
R27-03	ranges	reference/brooks/mined/ranges/27_entering_on_stops.json	FixedTickScalpTargetWithFillSlippage	Exit	False	trivial	any	TakeProfit	A fixed-tick profit-target exit at scalpTicks beyond the entry price, but modeled with the realistic assumption that a resting limit order needs the market to t
R28-01	ranges	reference/brooks/mined/ranges/28_entering_on_limits.json	LimitEntryAtPriorBarCloseInSpike	Entry	False	moderate	any		If the just-closed bar was a strong bull trend bar occurring within a strong bull spike, place a buy-limit order at that bar's close for the next bar.
R28-02	ranges	reference/brooks/mined/ranges/28_entering_on_limits.json	LimitPullbackBelowSpikeBarHigh	Entry	False	moderate	any		During a strong bull spike, place a buy-limit order pullbackTicks below the most recent completed bar's high, anticipating a shallow intrabar pullback on the ne
R28-03	ranges	reference/brooks/mined/ranges/28_entering_on_limits.json	BuyAboveMeasuringGapBreakoutPoint	Entry	False	simple	any		Shared primitive and entry: after a bull breakout bar whose body sits entirely above the prior bar's high (a 'measuring gap' candidate), place a buy-limit order
R28-04	ranges	reference/brooks/mined/ranges/28_entering_on_limits.json	LimitBuyAtPriorBarLowInSpike	Entry	False	moderate	any		During a strong bull spike, place a buy-limit order at or below the prior bar's low.
R28-05	ranges	reference/brooks/mined/ranges/28_entering_on_limits.json	IiPatternPrimitive	Entry	True	trivial	any	InsideBar	Shared primitive: an 'ii' pattern is two consecutive inside bars (the second bar is an inside bar relative to the first, which is itself an inside bar relative 
R28-06	ranges	reference/brooks/mined/ranges/28_entering_on_limits.json	IiPatternLimitEntry	Entry	False	moderate	any		In a strong bull trend, once an ii pattern completes, place a buy-limit order one tick above the pattern's lowest low.
R28-07	ranges	reference/brooks/mined/ranges/28_entering_on_limits.json	AlwaysInFlipPrimitive	Entry	True	research	any		Shared primitive: the always-in direction flips to long when a bull trend bar closes in a way that makes a continued down move implausible to most traders (a de
R28-08	ranges	reference/brooks/mined/ranges/28_entering_on_limits.json	AlwaysInFlipMeasuringGapLimitEntry	Entry	False	hard	any		When a not-particularly-large bull trend bar flips the always-in direction to long, place a buy-limit order one tick above the high of the bar immediately befor
R28-09	ranges	reference/brooks/mined/ranges/28_entering_on_limits.json	OpeningRangeSpikeLowHoldEntry	Entry	False	moderate	intraday-only		While today's opening range is still forming, if the two most recent bars are both strong bull trend bars, place a buy-limit order at the low of the prior bar.
R28-10	ranges	reference/brooks/mined/ranges/28_entering_on_limits.json	SpikeFadeAtTradingRangeExtreme	Entry	False	research	any		Fade a bear spike that reaches the bottom of a trading range by buying at the market or on a limit order there.
R28-11	ranges	reference/brooks/mined/ranges/28_entering_on_limits.json	BuyFadeUnconfirmedAlwaysInFlipDown	Entry	False	hard	any		During a bear spike inside a bull market that would need one more bear bar to confirm an always-in flip to short, buy at the close of the last bear trend bar, a
R28-12	ranges	reference/brooks/mined/ranges/28_entering_on_limits.json	ClimaxBarFadeEntry	Entry	False	hard	any		After a large bear trend bar classified as a likely sell climax, buy at its close, at/below its low, at the close of the next bar, and on a stop above the next 
R28-13	ranges	reference/brooks/mined/ranges/28_entering_on_limits.json	OneBarSpikeBreakoutPullbackLimitEntry	Entry	False	moderate	any		After a one-bar bull spike, during the pullback that follows, place a buy-limit order a tick or two above the spike bar's low.
R28-14	ranges	reference/brooks/mined/ranges/28_entering_on_limits.json	SecondLegLimitEntryAtOriginalSignalBarHigh	Entry	False	hard	any		When conditions favor a second leg up after a bull spike, place a buy-limit order a tick or two above the original spike's signal-bar high, regardless of how ma
R28-15	ranges	reference/brooks/mined/ranges/28_entering_on_limits.json	ChannelEarlyStageLimitEntry	Entry	False	research	any		In the early stage of a bull channel, place a buy-limit order below the low of the prior bar.
R28-16	ranges	reference/brooks/mined/ranges/28_entering_on_limits.json	ChannelLateStageSwingLowLimitEntry	Entry	False	hard	any		In the late stage of a bear channel after selling pressure has been building, place a buy-limit order below both the prior bar's low and the most recent swing l
R28-17	ranges	reference/brooks/mined/ranges/28_entering_on_limits.json	MicroChannelPrimitive	Entry	True	hard	any		Shared primitive: a micro channel is a short run of same-direction trend bars with minimal overlap and small pullbacks, too brief to be a full channel.
R28-18	ranges	reference/brooks/mined/ranges/28_entering_on_limits.json	MicroChannelFirstBreakoutFailEntry	Entry	False	hard	any		In a bull micro channel, place a buy-limit order below the low of the prior bar, expecting the first break below the channel to fail.
R28-19	ranges	reference/brooks/mined/ranges/28_entering_on_limits.json	SpikeChannelBottomTestEntry	Entry	False	hard	any		In a spike-and-channel bull trend, when a low-momentum pullback tests the bottom of the channel, buy that test.
R28-20	ranges	reference/brooks/mined/ranges/28_entering_on_limits.json	BuyBearCloseAtStartOfStrongSwing	Entry	False	moderate	any		After at least twoBarsMin strong bull trend bars at the start of a strong bull swing, buy the close of the first bar that closes bearish.
R28-21	ranges	reference/brooks/mined/ranges/28_entering_on_limits.json	PriorSwingLowLimitEntry	Entry	False	hard	any		At the bottom of a trading range, place a buy-limit order at or below the price of a prior swing low.
R28-22	ranges	reference/brooks/mined/ranges/28_entering_on_limits.json	LedgePatternPrimitive	Entry	True	simple	any		Shared primitive: a 'ledge' is a small trading range whose bottom (bull ledge) or top (bear ledge) is formed by two or more bars sharing (approximately) the sam
R28-23	ranges	reference/brooks/mined/ranges/28_entering_on_limits.json	LedgeBottomLimitEntry	Entry	False	simple	any		Once a bull ledge forms, place a buy-limit order a tick or two above its bottom.
R28-24	ranges	reference/brooks/mined/ranges/28_entering_on_limits.json	WeakSignalBarFadeLimitEntry	Entry	False	moderate	any		At the bottom of a trading range, or in a new bull trend after a strong reversal, when a low1/low2 short setup's signal bar is weak, place a buy-limit order at 
R28-25	ranges	reference/brooks/mined/ranges/28_entering_on_limits.json	FadeCountertrendScalpersLimitEntry	Entry	False	moderate	any		In a strong bull trend, when a short-scalp setup forms, place a buy-limit order a few ticks above the level where short scalpers would take profit (a fixed dist
R28-26	ranges	reference/brooks/mined/ranges/28_entering_on_limits.json	BuyCloseNearMAInStrongTrend	Entry	False	moderate	any		In a very strong bull trend that has not yet closed materially below the moving average, buy the close of the first small bear trend bar whose close sits a tick
R28-27	ranges	reference/brooks/mined/ranges/28_entering_on_limits.json	QuietFlagMALimitEntry	Entry	False	research	any		In a quiet bull flag pausing at the moving average, place a buy-limit order at or below the prior bar's low.
R28-28	ranges	reference/brooks/mined/ranges/28_entering_on_limits.json	QuietFlagMACloseEntry	Entry	False	research	any		In a quiet bull flag pausing at the moving average, buy the close of any bar that closes bearish.
R28-29	ranges	reference/brooks/mined/ranges/28_entering_on_limits.json	ScaleInAtIntervalsBelowRisingMA	Entry	False	moderate	any		During a pullback to a steeply rising moving average, place a series of buy-limit orders at fixed price intervals below the moving average.
R28-30	ranges	reference/brooks/mined/ranges/28_entering_on_limits.json	FlagBreakoutPullbackLimitEntry	Entry	False	hard	any		When a bull trend bar breaks above a bull flag, place a buy-limit order below that breakout bar, anticipating a breakout pullback rather than a failed breakout.
R28-31	ranges	reference/brooks/mined/ranges/28_entering_on_limits.json	BreakoutTestAddOnEntry	Entry	False	hard	any		While holding (or seeking) a swing long in a bull trend, buy or add to the position on a test of a prior breakout level that appears to be probing for resting b
R28-32	ranges	reference/brooks/mined/ranges/28_entering_on_limits.json	StairsPatternPullbackLimitEntry	Entry	False	hard	any		In a stairs pattern, place a limit order at a fixed distance beyond the most recent stair's swing extreme, anticipating a pullback that tests it.
R28-33	ranges	reference/brooks/mined/ranges/28_entering_on_limits.json	TrendingRangeMeasuredMoveLimitEntry	Entry	False	hard	any		In a trending trading range day, project a measured-move target off the height of the most recent (lower) sub-range and place a fade limit order a tick or so sh
R28-34	ranges	reference/brooks/mined/ranges/28_entering_on_limits.json	RangeExtremeSecondAttemptReversalCloseEntry	Entry	False	moderate	any		In a trading range day, during a bull spike near the top of the range, sell the close of a bar that closes bearish, especially if that close sits in the top hal
R28-35	ranges	reference/brooks/mined/ranges/28_entering_on_limits.json	MeasuredMoveClimaxFadeEntry	Entry	False	hard	any		In a bull trending trading range day, near a measured-move target, sell the close of a large bull trend bar (a possible buy climax) and also sell above its high
R28-36	ranges	reference/brooks/mined/ranges/28_entering_on_limits.json	RangeBreakoutTestLimitEntry	Entry	False	hard	any		In a bull trending trading range day, place a sell-limit order a fixed distance above the high of the lower sub-range, anticipating a test of that breakout leve
R28-37	ranges	reference/brooks/mined/ranges/28_entering_on_limits.json	TwoBarReversalFadeEntry	Entry	False	moderate	any		In a strong bear channel, while a two-bar-reversal-up pattern is forming, sell as the second bar of the pattern rallies to the high of the first bar, fading the
R28-38	ranges	reference/brooks/mined/ranges/28_entering_on_limits.json	TrendLineTestLimitEntry	Entry	False	hard	any		In a bull trend, place a buy-limit order at the bull trend line's projected value, anticipating the market tests it and holds.
R28-39	ranges	reference/brooks/mined/ranges/28_entering_on_limits.json	WedgeFlagChannelLineTestLimitEntry	Entry	False	hard	any		In a bull trend or a trading range, place a buy-limit order at a falling (wedge bull flag) trend channel line's projected value as the market tests it.
R28-40	ranges	reference/brooks/mined/ranges/28_entering_on_limits.json	FailedBreakoutBelowSwingLowLimitEntry	Entry	False	hard	any		During a pullback (a small bear trend) inside a larger bull trend, place a buy-limit order below the most recent swing low, expecting that breakout to a new low
R28-41	ranges	reference/brooks/mined/ranges/28_entering_on_limits.json	FixedPercentPullbackLimitEntry	Entry	False	hard	any		In a bull trend, place a buy-limit order at a fixed retracement fraction of the current leg's high-to-low range (e.g. a Fibonacci-style 62 percent pullback), ri
R28-42	ranges	reference/brooks/mined/ranges/28_entering_on_limits.json	SecondEntryAddOnAtEntryBarLowLimitEntry	Entry	False	hard	any		After a second-entry long following a bear-trend-line breakout and a strong bull reversal bar, if price re-tests the entry bar's exact low a couple of times ove
R28-43	ranges	reference/brooks/mined/ranges/28_entering_on_limits.json	StopBeyondLineForFailedBreakoutAllowance	Exit	False	hard	any		When fading a test of a trend line, trend channel line, or trading-range extreme, place the protective stop far enough beyond that line/level to tolerate a smal
R28-44	ranges	reference/brooks/mined/ranges/28_entering_on_limits.json	FadeOppositeOfMismatchedCountingSetup	Entry	False	hard	any		When a low1-4 short-counting setup forms inside a bull channel (a mismatched, against-trend counting setup, see R26-03), rather than skip it, trade the opposite
R28-45	ranges	reference/brooks/mined/ranges/28_entering_on_limits.json	ScaleInStopAndReverseOnSecondAdverseSignal	Entry	True	moderate	any		When scaling into a countertrend position, if a second with-trend counting setup (e.g. a high2 while short in a bull trend) fires against the position, especial
R28-46	ranges	reference/brooks/mined/ranges/28_entering_on_limits.json	IiiPatternPrimitive	Entry	True	trivial	any	InsideBar	Shared primitive: an 'iii' pattern is three consecutive inside bars (each bar inside the range of the one before it).
R28-47	ranges	reference/brooks/mined/ranges/28_entering_on_limits.json	AvoidBlindSpikeFadeWithoutContext	Entry	True	research	any		Block limit-order countertrend pullback entries against a strong spike unless there is additional context beyond the spike itself (e.g. one of this chapter's ot
R29-01	ranges	reference/brooks/mined/ranges/29_protective_and_trailing_stops.json	InitialStopBeyondSignalBar	Exit	False	moderate	any		The initial protective stop for a long is placed one tick below the low of the signal bar (the bar whose close triggered the entry); for a short, one tick above
R29-02	ranges	reference/brooks/mined/ranges/29_protective_and_trailing_stops.json	EntryBarIsStrongTrendBar	Entry	False	moderate	any		Shared primitive for this chapter: once the entry bar (the bar immediately following the signal bar, during which the position was filled) closes, classify it a
R29-03	ranges	reference/brooks/mined/ranges/29_protective_and_trailing_stops.json	TightenStopToEntryBarIfStrong	Exit	False	moderate	any		Once the entry bar closes, if it qualified as a strong trend bar (R29-02), tighten the protective stop from beyond the signal bar to one or two ticks beyond the
R29-04	ranges	reference/brooks/mined/ranges/29_protective_and_trailing_stops.json	FractionalSignalBarMoneyManagementStop	Exit	False	moderate	any		When the signal bar is unusually tall, use a money-management stop instead of a full signal-bar-extreme stop: place it a fraction of the way up from the signal 
R29-05	ranges	reference/brooks/mined/ranges/29_protective_and_trailing_stops.json	SwingLowTrailingStop	Exit	False	hard	any		In a trend, once the market makes a new swing high (long) / swing low (short), move the protective stop to one tick beyond the most recent confirmed swing low /
R29-06	ranges	reference/brooks/mined/ranges/29_protective_and_trailing_stops.json	BreakevenStopAfterHalfwayToTarget	Exit	False	moderate	any	ProfitProtector	Once the position's peak open profit has reached at least half of the trader's profit target, move the protective stop to breakeven (the entry price); exit if p
R29-07	ranges	reference/brooks/mined/ranges/29_protective_and_trailing_stops.json	StopBeyondLowestSinceEntry	Exit	False	moderate	any		Ratchet the protective stop to one tick beyond the worst (lowest, for a long) price the market has reached since entry, once that low has held and price has res
R29-08	ranges	reference/brooks/mined/ranges/29_protective_and_trailing_stops.json	StopBeyondAverageDailyRangeFraction	Exit	False	research	intraday-only		Use a money-management stop sized as a fraction of the instrument's average daily range, rather than a fixed tick count or the signal-bar extreme.
R29-09	ranges	reference/brooks/mined/ranges/29_protective_and_trailing_stops.json	ProfitTargetEqualsPriorAdverseExcursion	Exit	False	moderate	any		Set (or raise) the profit target to just under the maximum adverse excursion the trade has already survived, on the premise that the market typically rallies ba
R29-10	ranges	reference/brooks/mined/ranges/29_protective_and_trailing_stops.json	ExitOnCloseOfTrendBarNearDevelopingRangeTop	Exit	False	research	any		Once a breakout appears to be stalling into a new (second) trading range, exit on the close of any trend bar in the trade's favor within the next several bars i
R29-11	ranges	reference/brooks/mined/ranges/29_protective_and_trailing_stops.json	PartialProfitNearRangeHighOnRangeTransition	Exit	False	research	any		Once price/context suggests the market is transitioning from a trend into a trading range, take partial profits near the range high rather than continuing to re
R29-12	ranges	reference/brooks/mined/ranges/29_protective_and_trailing_stops.json	ReverseOnFailedPatternStopOut	Entry	True	research	any	FlatOrOpenLossExceeds	After being stopped out, permit an immediate reversal entry in the opposite direction only when the stop-out itself completes a recognizable failed pattern (e.g
R29-13	ranges	reference/brooks/mined/ranges/29_protective_and_trailing_stops.json	AddOnBelowDojiSignalBar	Entry	False	research	any		Add a second unit to an existing long at a tick or two below a small doji entry bar (effectively buying below what would otherwise be a low 1 short signal bar),
R29-14	ranges	reference/brooks/mined/ranges/29_protective_and_trailing_stops.json	DelayStopTighteningUntilProfitThreshold	Exit	False	moderate	any		Do not begin tightening the bar-by-bar trailing stop until open profit has reached a minimum threshold (or a bar with a sufficiently strong body has formed in t
R29-15	ranges	reference/brooks/mined/ranges/29_protective_and_trailing_stops.json	AdaptiveStopFloorFromFirstTradeMAE	Exit	False	research	intraday-only		Use the maximum adverse excursion of the session's first trade (the number of ticks the market moved against the position before turning) as a floor on the stop
R29-16	ranges	reference/brooks/mined/ranges/29_protective_and_trailing_stops.json	KeepOriginalStopOnCountertrendEntryBarReversal	Exit	False	research	any		When the entry bar closes opposite to the trade direction, whether to keep the wider signal-bar stop (R29-01) or exit at the entry bar's extreme instead depends
R29-17	ranges	reference/brooks/mined/ranges/29_protective_and_trailing_stops.json	WideStopSizedToBreakoutRun	Exit	False	hard	any		When fading (entering countertrend against) a breakout, size the protective stop to roughly the length of the breakout move already made, since the trade is a b
R30-01	ranges	reference/brooks/mined/ranges/30_profit_taking_and_profit_targets.json	ProfitTargetAsMultipleOfInitialRisk	Exit	False	moderate	any	AtrProfitTarget	Size the profit-taking limit order as a multiple of the trade's own initial protective-stop distance (typically 1:1 to 2:1 reward:risk -- e.g., risk 10 ticks to
R30-02	ranges	reference/brooks/mined/ranges/30_profit_taking_and_profit_targets.json	ScaleOutAtMultiplesOfInitialRisk	Exit	False	research	any		Scale out of a swing position in stages tied to multiples of the initial stop distance: roughly half the position at 2R profit, another quarter at 3R, and let t
R30-03	ranges	reference/brooks/mined/ranges/30_profit_taking_and_profit_targets.json	AvoidCountertrendScalpInStrongTrend	Entry	True	research	any		Do not take a countertrend scalp entry against a trend judged to be strong; the large majority of reversal attempts fail and become flags (continuations) instea
R30-04	ranges	reference/brooks/mined/ranges/30_profit_taking_and_profit_targets.json	ExitOnWeakFollowThroughAfterLargeTrendBar	Exit	False	moderate	any		After a large trend bar forms in the trade's favor, exit at (or within a bar or two of) that bar's close if the follow-through weakens -- the next bar is small 
R30-05	ranges	reference/brooks/mined/ranges/30_profit_taking_and_profit_targets.json	TrailStopBelowPriorBarLow	Exit	False	trivial	any		A simple bar-by-bar trailing stop: keep the protective stop one tick below the prior completed bar's low while long (above the prior bar's high while short).
R30-06	ranges	reference/brooks/mined/ranges/30_profit_taking_and_profit_targets.json	ExitNearPriorSwingHighOnMaturingRally	Exit	False	research	any		Once a rally is judged to be maturing/weakening, take profits at or slightly below the most recent swing high rather than waiting for a breakout continuation.
R30-07	ranges	reference/brooks/mined/ranges/30_profit_taking_and_profit_targets.json	FixedTickScalpBracket	Exit	False	trivial	any	StopLoss and TakeProfit (or TakeProfitWithRatioStop if one parameter should drive both legs)	A scalper's OCO bracket: a fixed-distance protective stop and a fixed-distance profit target placed simultaneously at entry.
R31-01	ranges	reference/brooks/mined/ranges/31_scaling_into_and_out_of_a_trade.json	ScaleInWithTrendOnContinuedPullback	Entry	False	research	any		Add a further with-trend unit to an already-open long each time the pullback extends to a new low (a new lower low within the pullback channel) while the larger
R31-02	ranges	reference/brooks/mined/ranges/31_scaling_into_and_out_of_a_trade.json	ScaleInCountertrendAtFixedIntervalsFadingRangeExtreme	Entry	False	research	any		Fade the extreme of a channel or trading range with multiple countertrend units, adding another unit each time price makes a new extreme at least a fixed point/
R31-03	ranges	reference/brooks/mined/ranges/31_scaling_into_and_out_of_a_trade.json	AvoidScalingInAgainstStrongTrend	Entry	True	research	any		Block any countertrend scale-in (adding to, or newly entering against, a position) whenever the prevailing trend is judged strong.
R31-04	ranges	reference/brooks/mined/ranges/31_scaling_into_and_out_of_a_trade.json	AvoidScalingInLastHourOfDay	Entry	True	moderate	intraday-only	TimeWindow	Block countertrend scale-in entries during the final hour or so of the trading session.
R31-05	ranges	reference/brooks/mined/ranges/31_scaling_into_and_out_of_a_trade.json	ExitOnSecondAdverseSignalAfterScalingIn	Exit	False	research	any		After having scaled into a countertrend position, exit the entire combined position (and consider reversing) as soon as a second opposing setup forms against it
R31-06	ranges	reference/brooks/mined/ranges/31_scaling_into_and_out_of_a_trade.json	WidenCombinedStopToTwiceInitialOnScaleIn	Exit	False	research	any		When adding a second unit at the level where the original stop would have been, widen the protective stop on the entire combined position to roughly twice the o
R31-07	ranges	reference/brooks/mined/ranges/31_scaling_into_and_out_of_a_trade.json	ScaleInJustBeyondObviousStopRunLevel	Entry	False	research	any		Place an additional (or reversal) entry one tick beyond the round-number/obvious stop distance from the original signal, on the premise that a cluster of other 
R31-08	ranges	reference/brooks/mined/ranges/31_scaling_into_and_out_of_a_trade.json	ScaleOutAtFixedDollarIntervals	Exit	False	research	any		Take a partial profit on the open position every time open profit advances by a fixed additional increment, repeating for the life of the trade.
R31-09	ranges	reference/brooks/mined/ranges/31_scaling_into_and_out_of_a_trade.json	ReAddScalpedContractOnNextSpikeBarClose	Entry	False	research	any		During an ongoing spike, immediately re-enter (at the close of the very next bar) the unit that was just scalped out for a quick profit, restoring the position 
R31-10	ranges	reference/brooks/mined/ranges/31_scaling_into_and_out_of_a_trade.json	PressWithTrendOnEachSpikeBarClose	Entry	False	research	any		Add a further with-trend unit at the close of every consecutive strong trend bar while a spike is underway ('pressing' a winning trade).
R31-11	ranges	reference/brooks/mined/ranges/31_scaling_into_and_out_of_a_trade.json	BreakevenStopOnFirstUnitAfterAddingSecond	Exit	False	research	any		When adding units beyond the normal position size, move the protective stop on the earlier unit(s) to breakeven so the combined position's total dollar risk sta
R31-12	ranges	reference/brooks/mined/ranges/31_scaling_into_and_out_of_a_trade.json	DollarCostAverageFixedCalendarInterval	Entry	False	research	daily-ok		Buy a fixed fraction of available capital at a fixed calendar interval (e.g., the first trading day of each month), regardless of price -- classic dollar cost a
R32-01	ranges	reference/brooks/mined/ranges/32_getting_trapped_in_or_out_of_a_trade.json	WeakSpikeQuality	Entry	False	simple	any		Shared primitive for this chapter: classify the most recent short leg/spike as weak when its bars average a small body relative to their range (prominent tails)
R32-02	ranges	reference/brooks/mined/ranges/32_getting_trapped_in_or_out_of_a_trade.json	FadeBreakoutSignalAfterWeakSpike	Entry	False	hard	any		When a high 1/high 2 buy setup (or low 1/low 2 short setup) follows a weak spike (R32-01), fade it: take the opposite-direction trade at the setup bar's extreme
R32-03	ranges	reference/brooks/mined/ranges/32_getting_trapped_in_or_out_of_a_trade.json	FadeCountertrendSignalDuringStrongOppositeTrend	Entry	True	research	any		A countertrend low 1/low 2 short setup (or high 1/high 2 long setup) that forms while the larger trend is still judged strongly in the opposite direction is lik
R32-04	ranges	reference/brooks/mined/ranges/32_getting_trapped_in_or_out_of_a_trade.json	AvoidSignalNearTradingRangeMidpoint	Entry	True	research	any		A reversal/breakout setup located in the middle of an established trading range (not near either edge) is weaker and forces an unfavorable entry price relative 
R32-05	ranges	reference/brooks/mined/ranges/32_getting_trapped_in_or_out_of_a_trade.json	DojiSignalBarWeakensSetup	Entry	True	trivial	any		Treat a doji signal bar (a bar whose body is a small fraction of its range) as a weak/low-confidence signal -- appropriate to fade rather than take at face valu
R32-06	ranges	reference/brooks/mined/ranges/32_getting_trapped_in_or_out_of_a_trade.json	FailedBreakoutBarReversalEntry	Entry	False	moderate	any		After a bear signal bar triggers a short entry by breaking below a prior strong (opposite-direction) trend bar, if price instead reverses back up above that tre
V00-01	reversals	reference/brooks/mined/reversals/00_front_matter.json	TrendBarByBody	Entry	True	trivial	any		Literal glossary test for a trend bar: the bar has any nonzero body (close != open). Weaker than a body-fraction test; kept because it is Brooks's own minimal d
V00-02	reversals	reference/brooks/mined/reversals/00_front_matter.json	DojiBar	Entry	True	simple	any		A doji is the complement of a trend bar: its body is at most a small fraction of the bar's range (or of a fixed tick count on lower time frames). Neither side c
V00-03	reversals	reference/brooks/mined/reversals/00_front_matter.json	InsideBarInclusive	Entry	True	trivial	any	InsideBar	Inside bar test using Brooks's inclusive (at-or-beyond) boundary wording rather than strict inequality.
V00-04	reversals	reference/brooks/mined/reversals/00_front_matter.json	TripleInsideBars	Entry	False	simple	any	InsideBar	Three consecutive inside bars: the current bar is inside the prior bar, which is itself inside the bar before it.
V00-05	reversals	reference/brooks/mined/reversals/00_front_matter.json	OutsideBarBrooks	Entry	True	trivial	any		Outside bar: the current bar's range engulfs the prior bar's range (inclusive on one side).
V00-06	reversals	reference/brooks/mined/reversals/00_front_matter.json	OutsideBarDirectional	Entry	False	trivial	any		An outside up bar (long) is an outside bar that also closes above its open; an outside down bar (short) closes below its open.
V00-07	reversals	reference/brooks/mined/reversals/00_front_matter.json	InsideOutsideInside	Entry	False	simple	any		ioi pattern: the middle of three consecutive bars is an outside bar relative to the first, and the last bar is an inside bar relative to the middle bar. A break
V00-08	reversals	reference/brooks/mined/reversals/00_front_matter.json	OutsideOutside	Entry	False	simple	any		oo pattern: the prior bar is an outside bar, and the current bar is an outside bar relative to it whose range is larger than the prior bar's range.
V00-09	reversals	reference/brooks/mined/reversals/00_front_matter.json	OutsideInsideOutside	Entry	False	simple	any		oio pattern over three consecutive bars: outside, then inside relative to it, then outside relative to that.
V00-10	reversals	reference/brooks/mined/reversals/00_front_matter.json	SwingPoint	Entry	False	trivial	any		A swing high/low is a one-bar fractal pivot confirmed one bar late: bar[1]'s high is at or above the highs of bar[2] and bar[0] (swing low is the mirror on lows
V00-11	reversals	reference/brooks/mined/reversals/00_front_matter.json	SwingExtendsPriorSwing	Entry	True	moderate	any		Higher high (long, trend continuation) / lower low (short): the most recent confirmed swing high/low exceeds the one before it.
V00-12	reversals	reference/brooks/mined/reversals/00_front_matter.json	SwingRetracesAgainstPriorSwing	Entry	True	moderate	any		Higher low (long, pullback structure in an uptrend or a reversal-up signal) / lower high (short): the most recent confirmed swing low/high sits above/below the 
V00-13	reversals	reference/brooks/mined/reversals/00_front_matter.json	MovingAverageGapBar	Entry	True	moderate	any		A gap bar's low sits above (bull) / high sits below (bear) the 20-bar EMA, i.e. the whole bar clears the moving average with a gap.
V00-14	reversals	reference/brooks/mined/reversals/00_front_matter.json	TwentyMovingAverageGapBars	Entry	True	moderate	any		N or more consecutive moving-average gap bars (same side) is called out as a sign of a strong, persistent trend.
V00-15	reversals	reference/brooks/mined/reversals/00_front_matter.json	MicroMeasuringGap	Entry	True	moderate	any		Around a strong trend bar, the bar after it does not overlap the bar before it at all (a true gap across the trend bar), a sign of strength and often a precurso
V00-16	reversals	reference/brooks/mined/reversals/00_front_matter.json	SessionOpeningGap	Entry	True	moderate	intraday-only		The first bar of a new session opens beyond the prior session's last bar's (or the whole prior day's) high/low.
V00-17	reversals	reference/brooks/mined/reversals/00_front_matter.json	GapReversalBar	Entry	False	moderate	intraday-only		After an opening gap, a subsequent bar trades one tick back into the gap (beyond the first bar's low for a gap-up open).
V00-18	reversals	reference/brooks/mined/reversals/00_front_matter.json	BarPullback	Entry	True	trivial	any		The minimal one-bar pullback test: the current bar's low undercuts the prior bar's low in an upswing (mirrored for a downswing). Same idea is defined twice in t
V00-19	reversals	reference/brooks/mined/reversals/00_front_matter.json	BreakoutBeyondPriorExtreme	Entry	False	hard	any	HighestHighBreakout	General breakout definition, simplified to the bar-of-significance case: the current bar's high/low exceeds a prior swing high/low or a fixed-lookback highest/l
V00-20	reversals	reference/brooks/mined/reversals/00_front_matter.json	BreakoutBarStrongBody	Entry	False	hard	any	HighestHighBreakout	A breakout bar is a breakout (V00-19) that is also a strong trend bar (large body, small tails). Kept as a named composite since Brooks treats the pairing as it
V00-21	reversals	reference/brooks/mined/reversals/00_front_matter.json	BreakoutPullbackWindow	Entry	True	moderate	any		A pullback that begins within a few bars of a breakout and lasts 1-5 bars is read as a with-trend setup expecting the breakout to resume, rather than a failed b
V00-22	reversals	reference/brooks/mined/reversals/00_front_matter.json	BreakoutTestNearEntry	Entry	True	moderate	any		Price returns to within a small tolerance of the position's entry price after a breakout, i.e. a test of a breakeven stop; may overshoot or undershoot by a few 
V00-23	reversals	reference/brooks/mined/reversals/00_front_matter.json	FailedFailureResumption	Entry	True	hard	any		After a breakout fails (price reverses back through the breakout bar), a second failure of that failure resumes the original breakout direction, treated as more
V00-24	reversals	reference/brooks/mined/reversals/00_front_matter.json	FiveTickFailureReversal	Entry	True	moderate	any		A breakout that runs only N ticks beyond the signal bar's extreme before the next bar's opposite extreme falls back beyond it, an instrument-specific (Emini-tun
V00-25	reversals	reference/brooks/mined/reversals/00_front_matter.json	LedgeFlatExtreme	Entry	True	moderate	any		Two or more bars within a lookback window share (approximately) the same low, forming a flat floor (bull ledge) or, mirrored, the same high forming a flat ceili
V00-26	reversals	reference/brooks/mined/reversals/00_front_matter.json	MicroDoubleExtreme	Entry	True	moderate	any		A micro double bottom/top: two nearby bars (within a few bars of each other) have lows (or highs) within a small tolerance of each other, without needing full s
V00-27	reversals	reference/brooks/mined/reversals/00_front_matter.json	DoubleExtremeSwing	Entry	True	hard	any		Full double bottom/top: the current bar's low (high) is within tolerance of a prior confirmed swing low (high), which can be one bar or 20+ bars earlier.
V00-28	reversals	reference/brooks/mined/reversals/00_front_matter.json	DoubleExtremeFlagContext	Entry	True	hard	any		A double bottom/top that occurs as a with-trend flag (pause) rather than a standalone reversal pattern: the double extreme forms inside an established trend in 
V00-29	reversals	reference/brooks/mined/reversals/00_front_matter.json	DoubleExtremePullbackSetup	Entry	False	hard	any		A double bottom (top) followed by a deep pullback that itself forms a higher low (lower high), i.e. the double-extreme swing plus a subsequent higher-low/lower-
V00-30	reversals	reference/brooks/mined/reversals/00_front_matter.json	ReversalBarMinimum	Entry	False	trivial	any		The floor test for a bull/bear reversal bar as a signal bar: the bar closes above its own open, or at least above its own midpoint, in the reversing direction. 
V00-31	reversals	reference/brooks/mined/reversals/00_front_matter.json	ReversalBarOpenNearPriorClose	Entry	True	simple	any		One quality marker of a strong bull reversal bar: it opens at or below the prior bar's close, then closes above both its own open and the prior close.
V00-32	reversals	reference/brooks/mined/reversals/00_front_matter.json	ReversalBarTailFraction	Entry	True	simple	any		A strong bull reversal bar has a lower tail roughly a third to a half of the bar's total range, and little to no upper tail (mirrored for bear).
V00-33	reversals	reference/brooks/mined/reversals/00_front_matter.json	ReversalBarLowOverlapWithPrior	Entry	True	moderate	any		A strong reversal bar overlaps only a small fraction of its range with the prior N bars' ranges.
V00-34	reversals	reference/brooks/mined/reversals/00_front_matter.json	ReversalBarFollowThroughStrong	Entry	True	research	any		Quality marker read from the entry/follow-through bar itself (the bar after the signal bar): it should be a strong trend bar, not a doji inside bar. Useful for 
V00-35	reversals	reference/brooks/mined/reversals/00_front_matter.json	ReversalBarReversesMultipleBars	Entry	True	moderate	any	CloseAbovePriorHighestHigh	A strong reversal bar's close exceeds (bull) / undercuts (bear) the closes and highs/lows of more than one prior bar.
V00-36	reversals	reference/brooks/mined/reversals/00_front_matter.json	TrendBarMajorityInDirection	Entry	True	moderate	any	ConsecutiveUpBars	Over a lookback window, most bars are trend bars closing in the trend's direction, a sign-of-strength context filter.
V00-37	reversals	reference/brooks/mined/reversals/00_front_matter.json	MinimalBodyOverlapConsecutive	Entry	True	simple	any		In a strong trend, the current bar's low sits at or just a tick or two below the prior bar's close (bull), showing little body overlap between consecutive bars.
V00-38	reversals	reference/brooks/mined/reversals/00_front_matter.json	ShavedBodyBar	Entry	True	trivial	any		A bar with (approximately) no tail at one or both ends: for a bull bar, the close sits at or within a tick of the high (shaved top) or the open sits at or withi
V00-39	reversals	reference/brooks/mined/reversals/00_front_matter.json	BodyGapBetweenBars	Entry	True	trivial	any		The current bar's open trades beyond the prior bar's close in the trend direction, a body-to-body gap sign of strength.
V00-40	reversals	reference/brooks/mined/reversals/00_front_matter.json	PullbackSizeThreshold	Entry	True	moderate	any		In a strong trend, pullbacks stay below a fixed size (points or a multiple of the recent range) - a context filter for trend strength.
V00-41	reversals	reference/brooks/mined/reversals/00_front_matter.json	NoStraddleAcrossMovingAverage	Entry	True	moderate	any		In a strong trend, no two consecutive trend-bar closes straddle the EMA (one above, one below) - a context filter for trend strength.
V00-42	reversals	reference/brooks/mined/reversals/00_front_matter.json	VolumeSpikeOnBreakout	Entry	True	moderate	any	VolumeAboveAverageMultiple	The breakout bar's volume is a large multiple of its own recent average volume, a sign of strength gate.
V00-43	reversals	reference/brooks/mined/reversals/00_front_matter.json	SpikeDurationNoPullback	Entry	True	moderate	any		A trend spike runs for N bars with no pullback longer than one bar, a strength sign for the current move.
V00-44	reversals	reference/brooks/mined/reversals/00_front_matter.json	FollowThroughBarSizeAdequate	Entry	True	moderate	any		The bars following a breakout/reversal bar have bodies at least as large as the recent average body size, confirming follow-through.
V00-45	reversals	reference/brooks/mined/reversals/00_front_matter.json	SpikeBarLowNearPriorClose	Entry	True	simple	any		During a bull spike, a bar's low sits at or within one tick of the prior bar's close (eager buying with almost no giveback); mirrored for bear spikes on highs.
V00-46	reversals	reference/brooks/mined/reversals/00_front_matter.json	CloseNearBarExtreme	Entry	True	trivial	any		A bar in a bull spike closes on or within a tick of its own high, showing urgency into the close.
V00-47	reversals	reference/brooks/mined/reversals/00_front_matter.json	GrowingTrendBarDominanceInRange	Entry	True	moderate	any		Over a lookback window inside a trading range, the sum (or count) of bull trend-bar bodies exceeds that of bear trend-bar bodies by a margin, ahead of a breakou
V00-48	reversals	reference/brooks/mined/reversals/00_front_matter.json	FirstPullbackDelayAfterBreakout	Entry	True	moderate	any		The first pullback after a breakout does not begin until at least N bars have elapsed since the breakout bar, a strength sign.
V00-49	reversals	reference/brooks/mined/reversals/00_front_matter.json	FirstPullbackShortDuration	Entry	True	moderate	any		The first pullback after a breakout is short (1-2 bars) and does not begin with a strong opposite-direction reversal bar, a strength sign.
V00-50	reversals	reference/brooks/mined/reversals/00_front_matter.json	FirstPullbackNoBreakeven	Entry	True	moderate	any		The first pullback after a breakout does not retrace far enough to reach the breakout price / a breakeven stop, a strength sign.
V00-51	reversals	reference/brooks/mined/reversals/00_front_matter.json	BreakoutReversesManyPriorBars	Entry	True	moderate	any	CloseAbovePriorHighestHigh	A breakout bar's close (and high) exceed the highs and closes of many prior bars (5 to 20+), a strength sign; the close-based version is stronger than the high-
V00-52	reversals	reference/brooks/mined/reversals/00_front_matter.json	High1Leg	Entry	False	hard	any		High 1 (long) / low 1 (short): the first bar in a pullback whose high exceeds the prior bar's high (mirrored on lows), ending the first leg of the correction an
V00-53	reversals	reference/brooks/mined/reversals/00_front_matter.json	High2Leg	Entry	False	hard	any		High 2 (long) / low 2 (short): the second occurrence, after a high 1 fails to resume the trend, of a bar whose high exceeds the prior bar's high - the classic A
V00-54	reversals	reference/brooks/mined/reversals/00_front_matter.json	High34WedgeLeg	Entry	False	hard	any		High 3 / high 4 (long) and low 3 / low 4 (short): third and fourth occurrences of the same high-above-prior-high (low-below-prior-low) test, usually forming a w
V00-55	reversals	reference/brooks/mined/reversals/00_front_matter.json	FailedFourthLegReversal	Entry	True	hard	any		After a low 4 (high 4) short (long) setup triggers, if a subsequent bar breaks back above the low 4 signal bar's high (below the high 4 signal bar's low), the f
V00-56	reversals	reference/brooks/mined/reversals/00_front_matter.json	WithTrendMajorityFilter	Entry	True	moderate	any		A with-trend context gate: most of the last N bars closed above (long) / below (short) the 20-bar EMA.
V00-57	reversals	reference/brooks/mined/reversals/00_front_matter.json	PullbackRetracement75Percent	Entry	True	hard	any		Once a pullback retraces 75% or more of the move it is correcting, treat it as more likely a new trend in the opposite direction than a pullback in the old one 
V00-58	reversals	reference/brooks/mined/reversals/00_front_matter.json	ClimaxOvershoot	Entry	True	research	any		A climax: an accelerated, overextended move that ends with an overshoot of its trend channel line and then reverses. The design decision is what counts as 'too 
V00-59	reversals	reference/brooks/mined/reversals/00_front_matter.json	TrendChannelLineOvershoot	Entry	True	hard	any		A bar's high (low) penetrates a rising (falling) trend channel line projected from recent swing highs (lows), often a climax/reversal sign.
V00-60	reversals	reference/brooks/mined/reversals/00_front_matter.json	TrendChannelLineUndershoot	Entry	True	hard	any		A bar approaches but does not reach a trend channel line before reversing away from it, the mirror case of an overshoot.
V00-61	reversals	reference/brooks/mined/reversals/00_front_matter.json	MicroChannelTightness	Entry	True	hard	any		A micro trend channel: most bars in a short lookback have their extremes essentially on both the trend line and the trend channel line (an extremely tight, low-
V00-62	reversals	reference/brooks/mined/reversals/00_front_matter.json	WedgeThreePush	Entry	False	hard	any		A wedge / three-push pattern: three successive swing extremes (each usually beyond the last) with a converging trend line and trend channel line, tradable as a 
V00-63	reversals	reference/brooks/mined/reversals/00_front_matter.json	ShrinkingStairsMomentumWane	Entry	True	hard	any		Three or more successive trend-extending swings where each new extreme is reached by a smaller increment than the previous one, a momentum-fading context signal
V00-64	reversals	reference/brooks/mined/reversals/00_front_matter.json	TrendFromOpen	Entry	True	hard	intraday-only		The session's opening bar(s) begin a trend that runs many bars without a meaningful pullback, and the session open/first extreme stays the day's high or low for
V00-65	reversals	reference/brooks/mined/reversals/00_front_matter.json	SecondSignalWithinFewBars	Entry	True	hard	any		A second occurrence, within a short window, of a setup that already fired once and failed, treated as more reliable than the first attempt (a 'second signal').
V00-66	reversals	reference/brooks/mined/reversals/00_front_matter.json	SecondMovingAverageGapBarSetup	Entry	True	hard	any		After a first moving-average gap bar, if the following pullback toward the EMA fails to reach it and the trend resumes, the next EMA-gap-bar reversal setup is a
V00-67	reversals	reference/brooks/mined/reversals/00_front_matter.json	BreakoutPullbackFailedBreakout	Entry	True	moderate	any		The same post-breakout pullback is read as a breakout pullback (with-trend, resumption expected) or a failed breakout (reversal expected), a labeling distinctio
VP1-01	reversals	reference/brooks/mined/reversals/01-part_i_trend_reversals_a_trend_becoming_an_opposite.json	TrendLineBreakRequiredForReversal	Entry	True	hard	any		Context filter: a countertrend/reversal entry is only considered after price has broken beyond the trend line of the established trend (a channel breakout).
VP1-02	reversals	reference/brooks/mined/reversals/01-part_i_trend_reversals_a_trend_becoming_an_opposite.json	StrongReversalBarShape	Entry	True	trivial	any	BullReversalBarShape (V02-01)	Primitive: the reversal's signal bar must be a strong trend bar in the new direction - large body relative to its range, small tails.
VP1-03	reversals	reference/brooks/mined/reversals/01-part_i_trend_reversals_a_trend_becoming_an_opposite.json	TestOfOldTrendExtremeAfterBreak	Entry	True	hard	any		After a trend-line break, require price to move back and trade at/near the old trend's swing extreme before treating the follow-through as a qualifying reversal
VP1-04	reversals	reference/brooks/mined/reversals/01-part_i_trend_reversals_a_trend_becoming_an_opposite.json	DoubleFailedTestTriesOpposite	Entry	False	hard	any		After two separate failed attempts to break through the same price level within the lookback, treat a subsequent move away from that level as a higher-probabili
VP1-05	reversals	reference/brooks/mined/reversals/01-part_i_trend_reversals_a_trend_becoming_an_opposite.json	MinimumLegLengthForReversal	Entry	True	moderate	any		Both the leg that breaks the trend line and the leg that tests the old extreme should each be at least minLegBars bars long for the reversal to be considered cr
VP1-06	reversals	reference/brooks/mined/reversals/01-part_i_trend_reversals_a_trend_becoming_an_opposite.json	TrailStopToRecentSwingPullback	Exit	False	hard	any		Trail the protective stop to just below (long) / above (short) the most recent confirmed swing pullback once a new trend-leg extreme is exceeded; the same logic
VP1-07	reversals	reference/brooks/mined/reversals/01-part_i_trend_reversals_a_trend_becoming_an_opposite.json	MeasuredMoveOfCounterTrendBar	Exit	False	simple	any		When fading a countertrend bar, target 1 is that bar's far extreme; target 2 projects the bar's own height an additional multiple beyond target 1.
VP1-08	reversals	reference/brooks/mined/reversals/01-part_i_trend_reversals_a_trend_becoming_an_opposite.json	StopSizedToCounterTrendBarRange	Exit	False	trivial	any		Place the protective stop at a distance about equal to the faded countertrend bar's own high-low range, rather than a fixed tick amount.
VP1-09	reversals	reference/brooks/mined/reversals/01-part_i_trend_reversals_a_trend_becoming_an_opposite.json	FadeLargeCounterTrendBarInTrend	Entry	False	moderate	any	ReversalBarBodyAboveAverage (V02-02), applied to the opposite (fade) trend context	In an established trend, when a large countertrend trend bar forms and closes on its extreme, enter with the trend at the close of that bar / just beyond its ex
VP1-10	reversals	reference/brooks/mined/reversals/01-part_i_trend_reversals_a_trend_becoming_an_opposite.json	OutsideBarPattern	Entry	False	trivial	any		Primitive: the current bar's range fully engulfs the prior bar's range (an outside bar) and closes up, a classic bull-reversal bar variant.
VP1-11	reversals	reference/brooks/mined/reversals/01-part_i_trend_reversals_a_trend_becoming_an_opposite.json	SecondEntryFailureBreakout	Entry	False	hard	any		After a Low2 (or High2) pullback entry fails to trigger/follow through within a few bars, treat the subsequent breakout in the trend's new direction as a high-c
VP1-12	reversals	reference/brooks/mined/reversals/01-part_i_trend_reversals_a_trend_becoming_an_opposite.json	AlwaysInDirectionFlip	Entry	True	research	any		Concept: a formal notion of the market's assumed always-in direction, which flips on sufficiently strong breakouts/spikes; used throughout the book to gate reve
VP1-13	reversals	reference/brooks/mined/reversals/01-part_i_trend_reversals_a_trend_becoming_an_opposite.json	UndercutAndReverseWithinBars	Entry	False	moderate	any		Price briefly undercuts a recent swing low by a small amount then closes back above it within reverseBars bars - a stop-run/undercut reversal.
VP1-14	reversals	reference/brooks/mined/reversals/01-part_i_trend_reversals_a_trend_becoming_an_opposite.json	ExcessiveUndercutMeansNewLegDown	Entry	True	moderate	any		Suppress the undercut-and-reverse entry (VP1-13) when the undercut exceeds a larger threshold, since that is read as a genuine new leg rather than a stop run.
VP1-15	reversals	reference/brooks/mined/reversals/01-part_i_trend_reversals_a_trend_becoming_an_opposite.json	TrendChannelLineOvershootReversal	Entry	False	hard	any		Price briefly exceeds (overshoots) the trend channel line (the parallel line on the far side of the channel from the trend line) then reverses back inside the c
VP1-16	reversals	reference/brooks/mined/reversals/01-part_i_trend_reversals_a_trend_becoming_an_opposite.json	ThreePushWedgePattern	Entry	True	hard	any		Primitive: the market has formed three sequential swing extremes in the same direction, each extending beyond the last, typically with converging trend lines (a
VP1-17	reversals	reference/brooks/mined/reversals/01-part_i_trend_reversals_a_trend_becoming_an_opposite.json	ExpandingTriangleTopBottom	Entry	True	hard	any		Primitive: a series of alternating swing highs and lows that progressively diverge (each new push further than the last on both sides) - the opposite of a wedge
VP1-18	reversals	reference/brooks/mined/reversals/01-part_i_trend_reversals_a_trend_becoming_an_opposite.json	ShavedBarPattern	Entry	False	trivial	any		Primitive: a trend bar with (near) zero tails at both ends - the open sits at the bar's low and the close at its high (bull case), a stronger variant of a stron
VP1-19	reversals	reference/brooks/mined/reversals/01-part_i_trend_reversals_a_trend_becoming_an_opposite.json	ShrinkingBodiesInSpike	Entry	True	simple	any		Filter: the last three same-direction trend bars have monotonically shrinking bodies, signaling loss of momentum within a spike (a wedge-shaped body sequence, a
VP1-20	reversals	reference/brooks/mined/reversals/01-part_i_trend_reversals_a_trend_becoming_an_opposite.json	ConsecutiveClimaxCorrection	Entry	True	research	any	BuyClimaxCountWithoutPullback (V01-16)	After climaxNumber consecutive climax spikes (each a strong breakout with minimal intervening pullback) in the same direction, expect/require at least a minCorr
VP1-21	reversals	reference/brooks/mined/reversals/01-part_i_trend_reversals_a_trend_becoming_an_opposite.json	MeasuringGapProjection	Exit	False	hard	any	GapMidpointMeasuringTarget (V01-15)	Target: mirror the distance from the start of the current leg to a measuring gap's midpoint, projected an equal distance beyond the midpoint.
VP1-22	reversals	reference/brooks/mined/reversals/01-part_i_trend_reversals_a_trend_becoming_an_opposite.json	Leg1EqualsLeg2MeasuredMove	Exit	False	hard	any		Target: project the first leg's length again from the pullback extreme that ended it, so the second leg is expected to about equal the first.
VP1-23	reversals	reference/brooks/mined/reversals/01-part_i_trend_reversals_a_trend_becoming_an_opposite.json	CloseAboveSwingHighSignOfStrength	Entry	True	hard	any	CloseAbovePriorHighestHigh	Closing above any recent swing high (even one from the opposite prior trend) is a bullish strength signal, usable as a context filter favoring long entries.
VP1-24	reversals	reference/brooks/mined/reversals/01-part_i_trend_reversals_a_trend_becoming_an_opposite.json	FailedBreakoutBecomesPullbackInNewTrend	Entry	False	hard	any		When a breakout in the direction of the OLD trend fails (reverses back through its own starting point) after a trend-line break, treat the failure/reversal bar 
VP1-25	reversals	reference/brooks/mined/reversals/01-part_i_trend_reversals_a_trend_becoming_an_opposite.json	ConsecutiveAdverseCloseExit	Exit	False	simple	any	ConsecutiveCloseExit is the same shape in the favorable direction; this is the adverse-direction analog	Exit the position if adverseBars consecutive bars close against it - a tighter tolerance than a full stop, meant for positions taken on a weak original signal.
VP1-26	reversals	reference/brooks/mined/reversals/01-part_i_trend_reversals_a_trend_becoming_an_opposite.json	BothSidesValidMeansTradingRange	Entry	True	research	any		Concept: when comparably strong bull and bear arguments coexist, the market is probably in a trading range rather than trending - useful as a context switch bet
VP1-27	reversals	reference/brooks/mined/reversals/01-part_i_trend_reversals_a_trend_becoming_an_opposite.json	TradingRangeBreakoutWithTrendBias	Entry	True	research	any		Treat an apparent reversal-shaped trading range (double top/bottom, head and shoulders, triangle, wedge) as more likely (Brooks estimates ~80%) to break out WIT
VP1-28	reversals	reference/brooks/mined/reversals/01-part_i_trend_reversals_a_trend_becoming_an_opposite.json	IntradaySessionCloseStrengthBias	Entry	True	hard	intraday-only		Strength or weakness in the final closingWindowMinutes of today's session biases the odds for tomorrow's/the next higher-timeframe bar's trend direction; usable
VP1-29	reversals	reference/brooks/mined/reversals/01-part_i_trend_reversals_a_trend_becoming_an_opposite.json	BreakevenStopAfterMomentumConfirmation	Exit	False	moderate	any		Once a strong momentum trend bar confirms the new trend while a position is open, move the protective stop to breakeven (or just beyond that confirming bar's ne
VP1-30	reversals	reference/brooks/mined/reversals/01-part_i_trend_reversals_a_trend_becoming_an_opposite.json	MicroChannelWeakensReversalOdds	Entry	True	research	any		Concept: a reversal attempt against a tight micro-channel (a run of small, overlapping, persistently same-direction bars) has lower odds; needs a micro-channel 
VP1-31	reversals	reference/brooks/mined/reversals/01-part_i_trend_reversals_a_trend_becoming_an_opposite.json	PriceGapNoOverlap	Entry	False	trivial	any		Primitive: the current bar's low trades entirely above the referenced bar's high (a true price gap, no overlap), confirming breakout strength and flagging a pos
VP1-32	reversals	reference/brooks/mined/reversals/01-part_i_trend_reversals_a_trend_becoming_an_opposite.json	FinalFlagReversalSetup	Entry	True	research	any		Concept: a final flag is the last, often small/tight consolidation before an extended trend exhausts and reverses; it is identifiable mainly in hindsight (once 
VP1-33	reversals	reference/brooks/mined/reversals/01-part_i_trend_reversals_a_trend_becoming_an_opposite.json	DuelingLinesPattern	Entry	True	research	any		Concept: a reversal setting up where two independently drawn trend/channel lines from different pivots converge near the same price - a named Brooks pattern com
V01-01	reversals	reference/brooks/mined/reversals/01_example_of_how_to_trade_a_reversal.json	TrendLineBreakBeforeReversal	Entry	True	hard	any		Context filter: only consider a countertrend/reversal entry after price has broken beyond the trend line of the established trend by a minimum distance for a mi
V01-02	reversals	reference/brooks/mined/reversals/01_example_of_how_to_trade_a_reversal.json	PullbackReachesEma	Entry	True	moderate	any		A countertrend move is only significant enough to matter if it actually trades through the N-bar EMA; a pullback that stops short of the EMA does not qualify as
V01-03	reversals	reference/brooks/mined/reversals/01_example_of_how_to_trade_a_reversal.json	TwoLeggedMoveCount	Entry	True	hard	any		Primitive: the move since the last opposing swing pivot consists of at least legCount alternating pushes and pullbacks (a two-legged move), each leg confirmed b
V01-04	reversals	reference/brooks/mined/reversals/01_example_of_how_to_trade_a_reversal.json	ThreePushesWedgePattern	Entry	True	hard	any		Primitive: the market has formed three sequential swing extremes in the same direction, each extending beyond the last, separated by pullbacks (a wedge / three-
V01-05	reversals	reference/brooks/mined/reversals/01_example_of_how_to_trade_a_reversal.json	SecondEntryPullbackCount	Entry	False	hard	any		Primitive: counts the ordinal number of a breakout/pullback entry attempt in the current trend direction (Brooks's H2/L2 concept) - this is the Nth entry signal
V01-06	reversals	reference/brooks/mined/reversals/01_example_of_how_to_trade_a_reversal.json	DoubleTopBottomPattern	Entry	True	hard	any		Primitive: the current bar's extreme is within a tolerance of a prior swing extreme within the lookback, the two separated by an opposing move, forming a double
V01-07	reversals	reference/brooks/mined/reversals/01_example_of_how_to_trade_a_reversal.json	TwoBarReversalPattern	Entry	False	moderate	any		The previous bar and current bar together form a reversal: the two-bar extreme is a new local high, and the current bar closes back below the midpoint of the tw
V01-08	reversals	reference/brooks/mined/reversals/01_example_of_how_to_trade_a_reversal.json	AlwaysInFlipAfterSpike	Entry	True	research	any		Concept: the market's assumed always-in direction flips after a sufficiently strong same-direction spike; needs a formal always-in definition before it can gate
V01-09	reversals	reference/brooks/mined/reversals/01_example_of_how_to_trade_a_reversal.json	MovingAverageGapBarEntry	Entry	False	moderate	any		Primitive: a pullback bar whose entire range stays on the far side of the EMA (its high stays below the EMA during a bull pullback) signals strong trend resumpt
V01-10	reversals	reference/brooks/mined/reversals/01_example_of_how_to_trade_a_reversal.json	NthPullbackSinceBreakoutCount	Entry	True	hard	any		Primitive: counts which pullback (ordinal) since a breakout/trend resumption the current bar belongs to, for gating 'first pullback' / 'third entry' style setup
V01-11	reversals	reference/brooks/mined/reversals/01_example_of_how_to_trade_a_reversal.json	StrongTrendBarPrimitive	Entry	False	trivial	any	BullReversalBarShape (V02-01), without the tail constraint	Primitive: a bar is a 'strong' trend bar when its body is at least a fraction of its range (tails not restricted), used to grade follow-through strength.
V01-12	reversals	reference/brooks/mined/reversals/01_example_of_how_to_trade_a_reversal.json	AbsenceOfConsecutiveStrongTrendBars	Entry	True	moderate	any		Filter: over the last lookback bars of a countertrend move, no window of countBars consecutive strong trend bars occurred in the move's direction, signaling wea
V01-13	reversals	reference/brooks/mined/reversals/01_example_of_how_to_trade_a_reversal.json	BreakoutTestOfPriorGap	Entry	True	hard	any		Context: price returns to retest the location of an earlier breakout/measuring gap; holding that level confirms the level, failing it signals continuation of th
V01-14	reversals	reference/brooks/mined/reversals/01_example_of_how_to_trade_a_reversal.json	MeasuredMoveTarget	Exit	False	hard	any		Project a move equal to the height of the preceding trading range (or prior leg) from the breakout point as a profit target.
V01-15	reversals	reference/brooks/mined/reversals/01_example_of_how_to_trade_a_reversal.json	GapMidpointMeasuringTarget	Exit	False	hard	any		A measuring gap's midpoint, combined with the move into the gap, projects an equal-distance measured move beyond the gap.
V01-16	reversals	reference/brooks/mined/reversals/01_example_of_how_to_trade_a_reversal.json	BuyClimaxCountWithoutPullback	Entry	True	research	intraday-only	SpikeWithoutPullback (V02-04), applied repeatedly across the session and counted	Primitive: counts consecutive climactic spike moves (each a mini-breakout without a significant intervening pullback) within the session; the Nth such climax ra
V01-17	reversals	reference/brooks/mined/reversals/01_example_of_how_to_trade_a_reversal.json	ExhaustionVsMeasuringGapClassification	Entry	True	research	any		Concept: classifying a breakout gap as 'exhaustion' (trend about to correct/reverse) versus 'measuring' (mid-trend, expect a further equal leg) depends on conte
V01-18	reversals	reference/brooks/mined/reversals/01_example_of_how_to_trade_a_reversal.json	StopSizedToSignalBarRange	Exit	False	trivial	any		Place the protective stop at a distance smaller than (or equal to) the signal/climax bar's own high-low range, rather than a fixed tick amount.
V01-19	reversals	reference/brooks/mined/reversals/01_example_of_how_to_trade_a_reversal.json	PartialProfitAtPriorSwingTestWithPauseBar	Exit	False	moderate	any		Take partial profit when price reaches a prior swing extreme (a test) and the current bar is a pause bar (small range, indicating a stall).
V01-20	reversals	reference/brooks/mined/reversals/01_example_of_how_to_trade_a_reversal.json	TimeOfDayReversalLikelihood	Entry	True	moderate	intraday-only		Context filter: major trend-reversal setups are more likely (and more worth taking) within the first N minutes of the session.
V01-21	reversals	reference/brooks/mined/reversals/01_example_of_how_to_trade_a_reversal.json	SpikeAndChannelDayType	Entry	True	research	intraday-only		Concept: classifying the day's trend as 'spike and channel' (an initial strong spike followed by a persistent, shallower channel trend) is a session-level patte
V02-01	reversals	reference/brooks/mined/reversals/02_signs_of_strength_in_a_reversal.json	BullReversalBarShape	Entry	False	trivial	any	CloseRangePosition	Primitive: the current bar is a strong bull reversal bar - bull close, body at least a fraction of its range, and both tails at most a fraction of its range.
V02-02	reversals	reference/brooks/mined/reversals/02_signs_of_strength_in_a_reversal.json	ReversalBarBodyAboveAverage	Entry	False	simple	any	BodyBelowAtrFraction	The signal bar's body is large relative to recent bodies: at least K times the average body of the last N bars.
V02-03	reversals	reference/brooks/mined/reversals/02_signs_of_strength_in_a_reversal.json	FollowThroughBullBodies	Entry	False	simple	any	ConsecutiveUpBars	The bar K bars ago was a bull reversal bar and each of the K bars since (including this one) closed up with a body at least the average body size measured befor
V02-04	reversals	reference/brooks/mined/reversals/02_signs_of_strength_in_a_reversal.json	SpikeWithoutPullback	Entry	False	simple	any	ConsecutiveUpBars	Over the last spikeBars bars the market has risen (close[0] > close[spikeBars]) and at most maxPullbackBars bars closed down, with no two consecutive down close
V02-05	reversals	reference/brooks/mined/reversals/02_signs_of_strength_in_a_reversal.json	SpikeReversesPriorSwingHighs	Entry	False	hard	any		The spike has closed above at least K of the swing-high pivots formed during the prior bear trend within the lookback.
V02-06	reversals	reference/brooks/mined/reversals/02_signs_of_strength_in_a_reversal.json	LowHoldsPriorClose	Entry	False	trivial	any		This bar's low is no more than T ticks below the previous bar's close - buyers did not let the prior close be tested.
V02-07	reversals	reference/brooks/mined/reversals/02_signs_of_strength_in_a_reversal.json	OpenAbovePriorClose	Entry	False	trivial	any		This bar opened above the previous bar's close (a small gap up at the open).
V02-08	reversals	reference/brooks/mined/reversals/02_signs_of_strength_in_a_reversal.json	CloseOnHigh	Entry	False	trivial	any	CloseRangePosition	This bar closed within T ticks of its high.
V02-09	reversals	reference/brooks/mined/reversals/02_signs_of_strength_in_a_reversal.json	SpikeBarQualityCount	Entry	False	simple	any		Within the last spikeBars bars, at least K bars show one of the spike-quality features (low holds prior close, open above prior close, close on high).
V02-10	reversals	reference/brooks/mined/reversals/02_signs_of_strength_in_a_reversal.json	BearTrendLineBreak	Entry	False	hard	any		Primitive: the close is above the bear trend line projected through the two most recent swing highs of the prior bear trend.
V02-11	reversals	reference/brooks/mined/reversals/02_signs_of_strength_in_a_reversal.json	TestOfBearLowAfterTrendLineBreak	Entry	False	hard	any		A bear trend line break occurred within the last N bars; price has since returned to within a tolerance of the bear low (higher low, double bottom, or lower low
V02-12	reversals	reference/brooks/mined/reversals/02_signs_of_strength_in_a_reversal.json	BreakoutBarClosesAboveManyPriorHighs	Entry	False	simple	any	CloseAbovePriorHighestHigh	This bar (or the prior bar) closes above the highest high of the N bars before it.
V02-13	reversals	reference/brooks/mined/reversals/02_signs_of_strength_in_a_reversal.json	FirstPullbackOnlyAfterMinBars	Entry	False	moderate	any		Buy the first pullback bar: this bar is the first down-close since a bull reversal bar k bars ago and k-1 >= minBars up closes came between.
V02-14	reversals	reference/brooks/mined/reversals/02_signs_of_strength_in_a_reversal.json	ShortPullbackResumption	Entry	False	simple	any		After a run of up closes, the pullback was at most maxPullbackBars down closes and this bar closes back above the pullback's high.
V02-15	reversals	reference/brooks/mined/reversals/02_signs_of_strength_in_a_reversal.json	PullbackNotAfterStrongBearReversalBar	Entry	True	simple	any		Filter: the bar that started the pullback (the last up-close bar before it) was not a strong bear reversal bar - i.e. the mirror of V02-01 with a high above the
V02-16	reversals	reference/brooks/mined/reversals/02_signs_of_strength_in_a_reversal.json	BreakevenStop	Exit	False	moderate	any	ProfitProtector	Once open profit has reached an activation level, exit if the bar trades back to the entry price (breakeven stop). Brooks's sign: a strong reversal never hits t
V02-17	reversals	reference/brooks/mined/reversals/02_signs_of_strength_in_a_reversal.json	CloseAboveEmaByMargin	Entry	False	moderate	any	CloseAboveAverage	The close is above the N-bar EMA by at least a margin (in ticks).
V02-18	reversals	reference/brooks/mined/reversals/02_signs_of_strength_in_a_reversal.json	CloseAbovePriorSwingHighByMargin	Entry	False	hard	any	CloseAbovePriorHighestHigh	The close is above the most recent swing-high pivot by at least a margin in ticks.
V02-19	reversals	reference/brooks/mined/reversals/02_signs_of_strength_in_a_reversal.json	TrendLineBreakByMargin	Entry	False	hard	any		The bear trend line break (V02-10) is by at least a margin of ticks - a strong rather than marginal break.
V02-20	reversals	reference/brooks/mined/reversals/02_signs_of_strength_in_a_reversal.json	SecondReversalSignal	Entry	False	moderate	any		This bar is a bull reversal bar and another bull reversal bar formed 2..N bars ago whose high was not followed through (some later bar closed below its low).
V02-21	reversals	reference/brooks/mined/reversals/02_signs_of_strength_in_a_reversal.json	TrendChannelLineOvershootReversal	Entry	False	hard	any		Price poked below the bear trend channel line (parallel of the bear trend line anchored at the lows) within the last K bars and this bar closes back above it.
V02-22	reversals	reference/brooks/mined/reversals/02_signs_of_strength_in_a_reversal.json	FailedBreakoutBelowSwingLow	Entry	False	simple	any		This bar traded below the lowest low of the prior N bars and closed back above it with a bull body.
V02-23	reversals	reference/brooks/mined/reversals/02_signs_of_strength_in_a_reversal.json	PullbackSignalBarIsReversalBar	Entry	False	moderate	any		In the new bull leg, the bar that ends a pullback (first bar whose high exceeds the prior bar's high after >=1 down closes) is itself a strong bull reversal bar
V02-24	reversals	reference/brooks/mined/reversals/02_signs_of_strength_in_a_reversal.json	TrendingCloses	Entry	False	simple	any	ConsecutiveCloseExit	Each of the last N closes is above the close before it.
V02-25	reversals	reference/brooks/mined/reversals/02_signs_of_strength_in_a_reversal.json	TrendingHighsAndLows	Entry	False	simple	any	LaggedHigherHigh	Each of the last N bars has a higher high and a higher low than the bar before it.
V02-26	reversals	reference/brooks/mined/reversals/02_signs_of_strength_in_a_reversal.json	TrendingBodies	Entry	False	simple	any		Each of the last N bars has a body top and body bottom above those of the bar before it.
V02-27	reversals	reference/brooks/mined/reversals/02_signs_of_strength_in_a_reversal.json	SmallSidewaysPullbacks	Entry	False	moderate	any		The deepest pullback inside the last N bars retraced no more than a fraction of the N-bar advance.
V02-28	reversals	reference/brooks/mined/reversals/02_signs_of_strength_in_a_reversal.json	PriorTrendLineBreaks	Entry	True	hard	any		Filter: at least K distinct bear-trend-line breaks have occurred within the lookback before the current signal.
V02-29	reversals	reference/brooks/mined/reversals/02_signs_of_strength_in_a_reversal.json	PullbackOverlappingBars	Entry	False	simple	any		Over the last N bars of a down move, the average overlap between adjacent bars is at least a fraction of bar range - a low-momentum pullback worth buying.
V02-30	reversals	reference/brooks/mined/reversals/02_signs_of_strength_in_a_reversal.json	PullbackBullBarFraction	Entry	False	simple	any	TailBarCountDominance	Over the last N bars of a down move, at least a fraction of the bars have bull bodies - the sellers lack conviction.
V02-31	reversals	reference/brooks/mined/reversals/02_signs_of_strength_in_a_reversal.json	PullbackHoldsAboveEma	Entry	False	moderate	any		The pullback's lowest low over the last N bars stayed at or above the EMA (within a tolerance) and this bar closes up - the moving average held as support.
V02-32	reversals	reference/brooks/mined/reversals/02_signs_of_strength_in_a_reversal.json	PullbackHoldsAboveOldTrendLine	Entry	False	hard	any		After the bear trend line was broken, the pullback's lowest low stays at or above the projected old bear trend line and this bar closes up.
V02-33	reversals	reference/brooks/mined/reversals/02_signs_of_strength_in_a_reversal.json	BarsReversedByClose	Entry	False	simple	any	CloseAbovePriorHighestHigh	The close is above the highs of at least N consecutive prior bars (the number of bars 'reversed' by the close).
V02-34	reversals	reference/brooks/mined/reversals/02_signs_of_strength_in_a_reversal.json	BarsReversedByHigh	Entry	False	simple	any	HighestHighBreakout	The high is above the highs of at least N consecutive prior bars - the weaker, high-based form of V02-33.
V02-35	reversals	reference/brooks/mined/reversals/02_signs_of_strength_in_a_reversal.json	NoCountertrendInStrongTrendWithoutBreak	Entry	True	hard	any		Filter: a long against a bear trend is allowed only if a bear trend line break or a trend-channel-line overshoot reversal has occurred within the lookback.
V02-36	reversals	reference/brooks/mined/reversals/02_signs_of_strength_in_a_reversal.json	TradingRangeAllowsBothDirections	Entry	True	research	any	AdxBelowThreshold	Filter: the market is in a trading range (e.g. N-bar range small relative to ATR, or EMA flat), so reversal entries need no prior trend line break.
V02-37	reversals	reference/brooks/mined/reversals/02_signs_of_strength_in_a_reversal.json	TradingRangeBottomBuyWithoutSignalBar	Entry	False	simple	any	ClosePercentileRank	In a trading range, buy when the close is in the bottom fraction of the N-bar range, with no reversal-bar requirement (mirror: short at the top).
V02-38	reversals	reference/brooks/mined/reversals/02_signs_of_strength_in_a_reversal.json	WedgeBullFlagBuyAboveBearBar	Entry	False	hard	any		In a bull trend, after three pushes down (wedge bull flag), buy when the close exceeds the high of the prior bar even if that prior bar was a bear trend bar.
V02-39	reversals	reference/brooks/mined/reversals/02_signs_of_strength_in_a_reversal.json	ReversalStrengthScore	Entry	False	moderate	any		Composite score: the number of mechanizable signs of strength present on this bar is at least K.
V03-01	reversals	reference/brooks/mined/reversals/03_major_trend_reversal.json	TrendLineBreak	Entry	True	hard	any		Primitive: the close has broken beyond the current trend line (projected from swing pivots) by at least a margin, marking a countertrend move strong enough to b
V03-02	reversals	reference/brooks/mined/reversals/03_major_trend_reversal.json	TrendLineBreakReachesEma	Entry	True	hard	any		A trend-line break only counts as a meaningful reversal sign if the same countertrend move also closes beyond the moving average; a break that stays above (bull
V03-03	reversals	reference/brooks/mined/reversals/03_major_trend_reversal.json	TestOvershootsPriorSwingExtreme	Entry	True	hard	any		After a trend-line break, the countertrend test of the old trend's extreme makes a NEW extreme beyond the prior swing high/low (e.g., a lower low while a bull r
V03-04	reversals	reference/brooks/mined/reversals/03_major_trend_reversal.json	TestUndershootsPriorSwingExtreme	Entry	True	hard	any		The countertrend test stops short of the prior swing extreme (e.g., a higher low without reaching the prior low). Brooks classifies this as the pullback within 
V03-05	reversals	reference/brooks/mined/reversals/03_major_trend_reversal.json	SecondLegConfirmationAfterTest	Entry	False	hard	any		If the test undershoot (higher low / lower high) forms, treat it as already the START of the second leg -- the reversal is closer to confirmed. If the test over
V03-06	reversals	reference/brooks/mined/reversals/03_major_trend_reversal.json	MajorTrendReversalFourPartSetup	Entry	False	research	any		The book's full definition of a major trend reversal: an established trend, a trend-line break reaching the EMA, a test of the trend's extreme (over- or undersh
V03-07	reversals	reference/brooks/mined/reversals/03_major_trend_reversal.json	TestExtendsTooFarWithoutPullback	Entry	True	moderate	any		If, after a trend-line break, the rally (test of the old high) closes at least N bars above the prior swing high without any pullback, treat the test as a succe
V03-08	reversals	reference/brooks/mined/reversals/03_major_trend_reversal.json	SteepChannelTestBlocksReversal	Entry	True	research	any		If the test move back toward the prior extreme is a steep, low-overlap channel (little bar-to-bar overlap, no pullbacks), treat it as likely trend continuation 
V03-09	reversals	reference/brooks/mined/reversals/03_major_trend_reversal.json	OppositeLargeSpikePairSignalsRange	Entry	True	moderate	any		When a large trend bar (or short spike) in one direction is immediately followed by a comparably large trend bar in the opposite direction, expect the market to
V03-10	reversals	reference/brooks/mined/reversals/03_major_trend_reversal.json	ConsecutiveTrendBarsFadeSignal	Entry	False	moderate	any		After N or more consecutive same-direction trend bars (a spike), place a with-trend entry at a limit price at the prior bar's extreme, betting that the first co
V03-11	reversals	reference/brooks/mined/reversals/03_major_trend_reversal.json	BreakoutWithoutPullbackContinuation	Entry	True	simple	any		After a breakout above a prior swing high, if price moves at least X ticks/points beyond the breakout level within the first few bars without any pullback, clas
V03-12	reversals	reference/brooks/mined/reversals/03_major_trend_reversal.json	SidewaysAfterBreakoutProfitTaking	Entry	True	research	any		After a breakout above a prior high, if price goes sideways (a tight, overlapping range) for several bars rather than extending or reversing hard, classify this
V03-13	reversals	reference/brooks/mined/reversals/03_major_trend_reversal.json	FailedBreakoutReversalAfterNewExtreme	Entry	False	moderate	any	FailedBreakoutBelowSwingLow	After a breakout above a prior swing high, if price closes back below the breakout level within a few bars, treat it as a strong countertrend (short) signal, me
V03-14	reversals	reference/brooks/mined/reversals/03_major_trend_reversal.json	PullbacksWidenAsTrendMatures	Entry	True	research	any		As a trend matures, its pullbacks grow larger/more range-like relative to earlier pullbacks in the same trend; once pullback size crosses some multiple of the t
V03-15	reversals	reference/brooks/mined/reversals/03_major_trend_reversal.json	IiPatternRequiresPriorTrendLineBreak	Entry	True	moderate	any		An ii (inside-inside) pattern's breakout only counts as a valid countertrend reversal setup if a trend-line break already occurred earlier in the move; without 
V03-16	reversals	reference/brooks/mined/reversals/03_major_trend_reversal.json	StrongReversalBarReversesHighsAndCloses	Entry	False	moderate	any	BarsReversedByClose, BarsReversedByHigh	A reversal bar's strength is measured by how many consecutive prior bars it reverses on BOTH counts at once: its close exceeds the close of each of the last N b
V03-17	reversals	reference/brooks/mined/reversals/03_major_trend_reversal.json	BreakevenAfterFourBarRallyAboveEma	Exit	False	moderate	any	BreakevenStop	Once a long position has stayed above the moving average for N consecutive bars since entry, move the protective stop to the entry price (breakeven). Mirrored f
V03-18	reversals	reference/brooks/mined/reversals/03_major_trend_reversal.json	RetracementDepthRewardRiskGate	Entry	True	hard	any		Size the minimum acceptable reward:risk ratio for a countertrend entry based on how deep the pullback has retraced into the prior swing: at a retracement of rou
V04-01	reversals	reference/brooks/mined/reversals/04_climactic_reversals_a_spike_followed_by_a_spike.json	ClimaxBar	Entry	True	moderate	any		Primitive: a trend bar whose range is large relative to recent bars (a multiple of average true range) qualifies as a climax bar, whichever direction it closes.
V04-02	reversals	reference/brooks/mined/reversals/04_climactic_reversals_a_spike_followed_by_a_spike.json	ClimaxEndsAtPauseBar	Entry	True	simple	any		A run of climax bars in one direction ends at the first following bar that does NOT itself qualify as a same-direction climax bar (a doji, opposite-body bar, or
V04-03	reversals	reference/brooks/mined/reversals/04_climactic_reversals_a_spike_followed_by_a_spike.json	SpikeFollowedByOppositeSpike	Entry	False	moderate	any		A climax bar in one direction is followed, within a few bars, by a climax bar in the opposite direction. This is the chapter's title concept and the core climac
V04-04	reversals	reference/brooks/mined/reversals/04_climactic_reversals_a_spike_followed_by_a_spike.json	ReversalSpikeSizeExceedsTrendSpike	Entry	True	simple	any		Given a spike-then-opposite-spike pair (V04-03), the odds of an actual trend reversal (rather than just a pause) are higher when the reversal spike's total rang
V04-05	reversals	reference/brooks/mined/reversals/04_climactic_reversals_a_spike_followed_by_a_spike.json	ConsecutiveClimaxWithoutPause	Entry	False	hard	any		Count same-direction climax bars (V04-01) separated only by small pause bars (not full opposite corrections). The Nth consecutive climax (2 = double top/bottom,
V04-06	reversals	reference/brooks/mined/reversals/04_climactic_reversals_a_spike_followed_by_a_spike.json	PauseBarOvershootStillCountsAsFinalFlag	Entry	True	moderate	any		Tolerance refinement for V04-05: the pause bar between climaxes may overshoot the prior climax's extreme by a small margin and still count as a valid (non-reset
V04-07	reversals	reference/brooks/mined/reversals/04_climactic_reversals_a_spike_followed_by_a_spike.json	VolumeAndRangeClimaxSpike	Entry	True	simple	any	VolumeAboveAverageMultiple	A spike bar whose own volume is far above its recent average AND whose range is far above recent average range signals a favorable odds of continuation to at le
V04-08	reversals	reference/brooks/mined/reversals/04_climactic_reversals_a_spike_followed_by_a_spike.json	ExhaustionBarAfterProtractedTrendWithoutPullback	Entry	True	hard	any		If the current trend bar is the largest trend bar of the entire trend so far, AND the trend has run at least N bars without a significant pullback, treat this s
V04-09	reversals	reference/brooks/mined/reversals/04_climactic_reversals_a_spike_followed_by_a_spike.json	ChannelLineBreakoutFailsWithinBars	Entry	True	hard	any	TrendChannelLineOvershootReversal	After price breaks out beyond a trend channel line, if it closes back inside the channel within N bars, expect it to continue through and poke the opposite tren
V04-10	reversals	reference/brooks/mined/reversals/04_climactic_reversals_a_spike_followed_by_a_spike.json	TrendChannelLineBreakStrengthensTrend	Entry	True	hard	any		Classify a break of the (outer) trend channel line as a WITH-trend strengthening signal, opposite in implication to a break of the (inner) trend line, which sig
V04-11	reversals	reference/brooks/mined/reversals/04_climactic_reversals_a_spike_followed_by_a_spike.json	StopSizedToClimaxBarHeight	Exit	False	moderate	any		When entering at the close of a climax bar (fading it, with-trend), size the initial protective stop to roughly the climax bar's own high-low range rather than 
V04-12	reversals	reference/brooks/mined/reversals/04_climactic_reversals_a_spike_followed_by_a_spike.json	InsideBarAfterBreakoutPrecedesReversal	Entry	False	moderate	any		A breakout trend bar immediately followed by an inside bar, and then a trend bar in the opposite direction, is a climactic-reversal entry trigger (mechanized cl
V04-13	reversals	reference/brooks/mined/reversals/04_climactic_reversals_a_spike_followed_by_a_spike.json	PreferSecondEntryAfterClimaxOverFirstReversal	Entry	True	moderate	any	SecondReversalSignal	Block the very first countertrend reversal bar after a climax from being an entry; require a pullback and a second entry (e.g., a higher low) before taking the 
V04-14	reversals	reference/brooks/mined/reversals/04_climactic_reversals_a_spike_followed_by_a_spike.json	SteepChannelTestUnreliableForCountertrend	Entry	True	research	any		In a steep channel, suppress countertrend trend-channel-line-overshoot entries; wait instead for a confirmed breakout of the channel and then a breakout-pullbac
V04-15	reversals	reference/brooks/mined/reversals/04_climactic_reversals_a_spike_followed_by_a_spike.json	MeasuredMoveTarget	Exit	False	hard	any		Project a profit target equal to the height (high-to-low range) of a prior pattern (spike, wedge, or trading range), added beyond the breakout point in the brea
V04-16	reversals	reference/brooks/mined/reversals/04_climactic_reversals_a_spike_followed_by_a_spike.json	WithTrendSpikeSkipsTestRequirement	Entry	True	moderate	any		Classify a spike by whether its direction agrees with (pullback) or opposes (reversal) the prevailing trend. With-trend spikes need no retest before assuming re
V04-17	reversals	reference/brooks/mined/reversals/04_climactic_reversals_a_spike_followed_by_a_spike.json	WedgeReversalRequiresPriorTrendLineBreakAndSecondEntry	Entry	True	hard	any		A wedge-shaped bottom (or top) in a strong opposing trend should be treated as a genuine reversal setup -- not just a with-trend pullback -- only if (a) there w
V04-18	reversals	reference/brooks/mined/reversals/04_climactic_reversals_a_spike_followed_by_a_spike.json	ChannelStartLevelRetestExpectation	Entry	True	research	daily-ok		The price level where a channel began (the spike-to-channel transition point) is likely to be revisited within roughly one to two days; can be used as a magnet/
V05-01	reversals	reference/brooks/mined/reversals/05_wedges_and_other_three_push_reversal_patterns.json	ThreePushPatternPrimitive	Entry	True	hard	any		Primitive: the market has made at least three sequential swing pushes in one direction (extreme, pullback, more-extreme, pullback, more-extreme). Brooks treats 
V05-02	reversals	reference/brooks/mined/reversals/05_wedges_and_other_three_push_reversal_patterns.json	WedgeReversalMeasuredMoveTargets	Exit	False	hard	any		After a successful reversal out of a wedge/three-push top, take partial profit at a test of the wedge's own starting extreme, and the balance at a measured move
V05-03	reversals	reference/brooks/mined/reversals/05_wedges_and_other_three_push_reversal_patterns.json	FailedWedgeContinuationMeasuredMove	Exit	False	hard	any		If a wedge-reversal entry fails (price extends beyond the wedge's own extreme instead of reversing), the failure trade in the ORIGINAL trend direction targets a
V05-04	reversals	reference/brooks/mined/reversals/05_wedges_and_other_three_push_reversal_patterns.json	WedgePullbackFirstSignalEntry	Entry	False	hard	any		When a three-push pattern forms as a with-trend pullback (a wedge flag), enter with-trend on the first reversal signal bar once the pattern completes, without w
V05-05	reversals	reference/brooks/mined/reversals/05_wedges_and_other_three_push_reversal_patterns.json	WedgeReversalWaitForSecondEntry	Entry	True	research	any		When a three-push pattern is acting as a countertrend reversal (not a with-trend pullback), skip the first breakout signal and wait for a second entry (a lower 
V05-06	reversals	reference/brooks/mined/reversals/05_wedges_and_other_three_push_reversal_patterns.json	WedgeReversalMinDurationAndChannelLine	Entry	True	hard	any		A three-push pattern acting as a trend reversal (as opposed to a with-trend flag) is only considered strong enough to reverse the trend if it has lasted at leas
V05-07	reversals	reference/brooks/mined/reversals/05_wedges_and_other_three_push_reversal_patterns.json	WedgeFlagDurationRange	Entry	True	moderate	any		A with-trend wedge flag is typically 10 to 20 bars long from its first push to its completion; treat wedges outside this range as less typical.
V05-08	reversals	reference/brooks/mined/reversals/05_wedges_and_other_three_push_reversal_patterns.json	ParabolicWedgeAcceleration	Entry	True	hard	any		A wedge is parabolic when the trend-channel-line slope across its later two legs is steeper than the slope across its earlier two legs. A parabolic wedge is mor
V05-09	reversals	reference/brooks/mined/reversals/05_wedges_and_other_three_push_reversal_patterns.json	ShrinkingStairsWedge	Entry	True	hard	any		In a three-push pattern, if each successive push extends less far beyond the prior push than the one before it did (shrinking breakout increments), momentum is 
V05-10	reversals	reference/brooks/mined/reversals/05_wedges_and_other_three_push_reversal_patterns.json	AvoidWedgeReversalInTightChannel	Entry	True	research	any		If the channel containing the three-push pattern is tight (small pullbacks between pushes, high bar-to-bar overlap), skip the reversal entry entirely and wait t
V05-11	reversals	reference/brooks/mined/reversals/05_wedges_and_other_three_push_reversal_patterns.json	MicroWedgePattern	Entry	True	hard	any		A micro wedge is the same three-push pattern as V05-01 but confirmed with a minimal pivot-strength (adjacent-bar) pivot definition, so it can complete within th
V05-12	reversals	reference/brooks/mined/reversals/05_wedges_and_other_three_push_reversal_patterns.json	MinorSwingOneTickBreakoutThreePush	Entry	False	hard	any		A minor swing extreme is broken by only one or two ticks, twice in succession, each time followed by a multi-bar pullback (3 to 20 bars); if price then breaks b
V05-13	reversals	reference/brooks/mined/reversals/05_wedges_and_other_three_push_reversal_patterns.json	FailedDoubleTopBreakoutActsAsWedgeTop	Entry	False	hard	any		A failed breakout above a double top (price closes back below the double top's level within a few bars of breaking above it) is treated as the third push of a t
V05-14	reversals	reference/brooks/mined/reversals/05_wedges_and_other_three_push_reversal_patterns.json	WedgeInTradingRangeTakeFirstSignal	Entry	True	research	any		When a three-push pattern forms inside a trading range (no established trend to reverse), treat it like a with-trend wedge pullback and take the first reversal 
V05-15	reversals	reference/brooks/mined/reversals/05_wedges_and_other_three_push_reversal_patterns.json	WedgeSecondPushMomentumResetsCount	Entry	True	research	any		When the second push of a three-push pattern shows especially strong momentum, expect the count to reset (traders treat it as a new first push), which raises th
V05-16	reversals	reference/brooks/mined/reversals/05_wedges_and_other_three_push_reversal_patterns.json	OpeningReversalSteepWedgeException	Entry	True	hard	intraday-only		A very steep, tight three-push wedge is only a reliable reversal setup near the session open; the same steep/tight wedge shape should not be traded as a reversa
V05-17	reversals	reference/brooks/mined/reversals/05_wedges_and_other_three_push_reversal_patterns.json	FailedWedgeTradeWithChannelInstead	Entry	True	research	any		If the reversal breakout out of a wedge looks weak, skip the countertrend reversal trade and instead fade the failed breakout back in the direction of the origi
V05-18	reversals	reference/brooks/mined/reversals/05_wedges_and_other_three_push_reversal_patterns.json	FailedWedgeSecondAttemptExpectsProtractedTrend	Entry	True	hard	any		When a wedge-reversal breakout fails and price quickly reverses back to make a second attempt at the reversal (a breakout pullback from the failed extreme), tre
V06-01	reversals	reference/brooks/mined/reversals/06_expanding_triangles.json	ExpandingTrianglePrimitive	Entry	True	hard	any		Primitive: at least five alternating swing pivots, each extending further than the swing two pivots back on the same side (progressively higher highs AND progre
V06-02	reversals	reference/brooks/mined/reversals/06_expanding_triangles.json	ExpandingTriangleInitialTarget	Exit	False	hard	any		For a reversal trade out of an expanding triangle, the first (and usually only) target is a new extreme just beyond the opposite side of the pattern from where 
V06-03	reversals	reference/brooks/mined/reversals/06_expanding_triangles.json	ExpandingTriangleLastLegMeasuredMove	Exit	False	hard	any		If price breaks beyond the initial target (V06-02), the next target is a measured move equal in size to the pattern's own last (opposing) leg, projected beyond 
V06-04	reversals	reference/brooks/mined/reversals/06_expanding_triangles.json	ExpandingTriangleFailedReversalBecomesFlag	Entry	True	hard	any		If the reversal breakout out of an expanding triangle fails to reach V06-02's initial target and price instead reverses back toward the original (pre-pattern) t
V06-05	reversals	reference/brooks/mined/reversals/06_expanding_triangles.json	ExpandingTriangleContinuationMeasuredMove	Exit	False	hard	any		For the continuation-flag trade (V06-04), once the initial new-extreme target is reached, the next target is a measured move equal to the pattern's own last (ag
V06-06	reversals	reference/brooks/mined/reversals/06_expanding_triangles.json	ExpandingTriangleGrowsLegsOnRepeatedFailure	Entry	True	hard	any		Each time a reversal/continuation breakout attempt out of an expanding triangle fails, the pattern grows by two legs (five to seven, seven to nine) and the same
V06-07	reversals	reference/brooks/mined/reversals/06_expanding_triangles.json	ExpandingTriangleReversalRequiresPriorTrendLineBreak	Entry	True	hard	any		An expanding-triangle reversal is only valid as a major trend reversal if an earlier leg of the pattern already broke the trend line that contained the prior tr
V06-08	reversals	reference/brooks/mined/reversals/06_expanding_triangles.json	ExpandingTrianglePartialScalpEachLeg	Exit	False	hard	any		While an expanding triangle is still forming (before the minimum leg count completes), scalp each new swing extreme rather than holding for a larger move; once 
V07-01	reversals	reference/brooks/mined/reversals/07_final_flags.json	FinalFlagCandidatePrimitive	Entry	True	research	any		Primitive: after a trend has run for at least N bars, a mostly-horizontal pullback/trading range showing signs of strong two-sided trading (high bar-to-bar over
V07-02	reversals	reference/brooks/mined/reversals/07_final_flags.json	MicroFlagFromFailedMicroTrendLineBreak	Entry	True	hard	any		When a one- or two-bar breakout of a micro trend line fails within a bar or two (price reverses back through the breakout bar's own extreme), the tiny breakout 
V07-03	reversals	reference/brooks/mined/reversals/07_final_flags.json	FailedFinalFlagBecomesBreakoutPullback	Entry	True	hard	any		If a reversal signal fired off a final-flag candidate (V07-01) but price reverses back through that signal's own stop level within a couple of bars, the final f
V07-04	reversals	reference/brooks/mined/reversals/07_final_flags.json	SecondEntryAfterFailedFinalFlagReversal	Entry	True	hard	any		If the breakout-pullback move produced by a failed final-flag reversal (V07-03) itself only lasts a bar or two before reversing back in the ORIGINAL reversal di
V07-05	reversals	reference/brooks/mined/reversals/07_final_flags.json	TwoShrinkingHorizontalFlagsSetUpWedge	Entry	True	research	any		When two consecutive horizontal trading-range flags form back to back with the second noticeably smaller (narrower range) than the first, the breakout from the 
V07-06	reversals	reference/brooks/mined/reversals/07_final_flags.json	SmallFinalFlagAfterClimaxSpikeExpectation	Entry	True	hard	any		A one- or two-bar pause after a strong multi-bar trend-bar spike (a potential exhaustive climax) is a candidate final flag; if its breakout reverses within a ba
V07-07	reversals	reference/brooks/mined/reversals/07_final_flags.json	TradingRangeMidpointMagnetPullback	Entry	True	research	any		Inside a trading range or flag with pronounced two-sided trading, breakout attempts beyond either edge tend to fail and be pulled back toward the range's own mi
V07-08	reversals	reference/brooks/mined/reversals/07_final_flags.json	FinalFlagReversalStrengthRequiresPriorTrendLineBreak	Entry	True	hard	any		A final-flag reversal is more likely to succeed into a genuine trend reversal (rather than just a pullback) if a strong counter-trend leg, either inside the fla
V07-09	reversals	reference/brooks/mined/reversals/07_final_flags.json	VeryLongTrendReversalBecomesFlagNotOppositeTrend	Entry	True	hard	any		When the trend preceding a final-flag reversal has lasted 50 to 100 bars or more, temper the reversal's profit expectations: it is more likely to evolve into a 
V07-10	reversals	reference/brooks/mined/reversals/07_final_flags.json	FlagPullbackExitAtTrendExtremeTest	Exit	False	hard	any		For a with-trend flag-pullback long entry, take profit at (or just above) a test of the trend's most recent swing extreme; if price stalls just below that extre
V07-11	reversals	reference/brooks/mined/reversals/07_final_flags.json	FlagBreakoutConfirmationRequiresCloseMargin	Entry	True	trivial	any	CloseAbovePriorSwingHighByMargin	A breakout of a flag is only considered confirmed (strong enough to make with-trend traders give up on the flag) when a trend bar CLOSES several ticks beyond th
V07-12	reversals	reference/brooks/mined/reversals/07_final_flags.json	FadeFailedLowSetupWhenTrendSuspectedReversing	Entry	True	research	any		When context suggests a bear trend may be reversing to a bull trend, do not take the low-1/low-2 short setups the bear flag still produces; instead place a limi
V07-13	reversals	reference/brooks/mined/reversals/07_final_flags.json	DoubleFailedBreakoutPredictsOppositeTrend	Entry	True	hard	any		When price makes two separate attempts to break out to a new extreme in the same direction and both fail (fail to hold beyond the extreme and close back inside 
V07-14	reversals	reference/brooks/mined/reversals/07_final_flags.json	ClimaxVolumeSpike	Entry	True	simple	any	VolumeAboveAverageMultiple	A trend bar's volume at or above K times the recent average volume of quiet bars supports classifying it as a climax bar (a sign of exhaustion likely to be foll
V07-15	reversals	reference/brooks/mined/reversals/07_final_flags.json	ExceptionallyStrongMomentumOnlyTradeWithTrend	Entry	True	research	any		When trend momentum is exceptionally strong, suppress all countertrend (reversal) entries until the opposing side shows a significant, explicit sign of strength
V07-16	reversals	reference/brooks/mined/reversals/07_final_flags.json	SpikeTailSignalsOneMorePushThenScalpPullback	Entry	False	moderate	any		During a strong trend-bar spike, once a bar forms with a prominent tail against the spike direction or an outright opposite-colored body, treat it as a signal t
V08-01	reversals	reference/brooks/mined/reversals/08_double_top_and_bottom_pullbacks.json	DoubleBottomTopPrimitive	Entry	True	hard	any		Primitive: two swing lows within a tolerance of each other's level, separated by an opposing move, form a double bottom (mirrored for a double top). Brooks expl
V08-02	reversals	reference/brooks/mined/reversals/08_double_top_and_bottom_pullbacks.json	DoubleBottomPullbackEntry	Entry	False	hard	any		After a double bottom (V08-01) is followed by a breakout rally and then a third pullback that holds above the double bottom's low (a third push down that fails 
V08-03	reversals	reference/brooks/mined/reversals/08_double_top_and_bottom_pullbacks.json	ShallowSecondExtremeDowngradesToScalp	Entry	True	hard	any		If the second extreme of a candidate double bottom fails to reach (stays above) the first extreme's level, treat any resulting long as a scalp-only trade (reduc
V08-04	reversals	reference/brooks/mined/reversals/08_double_top_and_bottom_pullbacks.json	WeakSecondExtremeInStrongTrendNegatesReversal	Entry	True	research	any		When the underlying trend is very strong, a second extreme that fails to reach the first (V08-03) does not just downgrade the trade to a scalp - it more often n
V08-05	reversals	reference/brooks/mined/reversals/08_double_top_and_bottom_pullbacks.json	DoubleBottomReversalVsBullFlagContext	Entry	True	research	any		The same double-bottom shape (V08-01) is traded identically as a long setup either way, but its classification differs by context: forming at the end of a bear 
V08-06	reversals	reference/brooks/mined/reversals/08_double_top_and_bottom_pullbacks.json	DoubleTopAndBottomInSameRangeFormsTriangle	Entry	True	hard	any		When a trading range contains both a double top and a double bottom (V08-01 fired on both sides), classify it as a triangle in breakout mode: scalp shorts off t
V08-07	reversals	reference/brooks/mined/reversals/08_double_top_and_bottom_pullbacks.json	DoubleBottomFromEntryBarStopRunLevel	Entry	True	moderate	any		A double bottom's first extreme does not need to be a confirmed swing pivot - the low of any recent entry (signal) bar, which traders' protective stops sit just
V09-01	reversals	reference/brooks/mined/reversals/09_failures.json	FailedSwingLowBreakoutLong	Entry	False	simple	any	HighestHighBreakout	The current bar breaks below the lowest low of the prior N bars but closes back clearly above that broken level (a failed downside breakout) - a with-trend or c
V09-02	reversals	reference/brooks/mined/reversals/09_failures.json	FailureToMakeNewExtremeStrongTrend	Entry	True	trivial	any		The current bar fails to trade below the low of the prior bar (bull case) - a sign of urgency and trend strength, used as a with-trend filter gating other bull 
V09-03	reversals	reference/brooks/mined/reversals/09_failures.json	FailedPullbackToMovingAverage	Entry	True	moderate	any		In a bull trend, the current pullback bar's low stays above the moving average without touching it - a sign of a strong trend, used as a with-trend entry filter
V09-04	reversals	reference/brooks/mined/reversals/09_failures.json	OutsideBarBreakoutAvoidFilter	Entry	True	trivial	any		Primitive: the prior bar is an outside bar (its range engulfs the bar before it). Applied NEGATED ahead of any breakout-style entry to block stop entries beyond
V09-05	reversals	reference/brooks/mined/reversals/09_failures.json	TwoBarReversalEntryAfterLargeBar	Entry	False	moderate	any		After a two-bar reversal (a small bar closing opposite a larger trend bar that preceded it), the safer stop-entry is beyond the extreme of the pair rather than 
V09-06	reversals	reference/brooks/mined/reversals/09_failures.json	FailedProfitTargetReversalExit	Exit	False	moderate	any	ProfitProtector	Generalizes the chapter's 5-, 9-, and 17-tick 'failed scalp' examples: once open profit has come within toleranceDollars of a fixed profit target and the market
V09-07	reversals	reference/brooks/mined/reversals/09_failures.json	BreakoutPullbackRetestHoldContinuation	Entry	False	hard	any		Price pulls back to retest a prior breakout level (a recent swing high, for a long continuation) but stays within toleranceTicks above it instead of closing bac
V09-08	reversals	reference/brooks/mined/reversals/09_failures.json	BuyBearSpikeInEstablishedBullTrend	Entry	False	hard	daily-ok		In an established bull trend, a sharp bear spike down toward or through the moving average / trend line is usually a failed reversal attempt; buy on the close o
V09-09	reversals	reference/brooks/mined/reversals/09_failures.json	MagnetFailureRetestSetup	Entry	False	research	any		When price comes close to but fails to reach a magnet (measured-move target, prior swing extreme, or trend line) and pulls back, expect a renewed push back towa
V09-10	reversals	reference/brooks/mined/reversals/09_failures.json	HeadAndShouldersPriorStrengthFilter	Entry	True	research	any		A head-and-shoulders (or similar) reversal pattern is not tradeable on shape alone; require evidence of prior countertrend strength (e.g. an already-broken tren
V09-11	reversals	reference/brooks/mined/reversals/09_failures.json	TrendVsRangeBreakoutContext	Entry	True	research	intraday-only		Whether to fade a range breakout or follow a trend breakout depends on classifying the session as a trading-range day or a trend day; fade breakouts when rangin
V09-12	reversals	reference/brooks/mined/reversals/09_failures.json	FailedReversalPatternContinuation	Entry	False	hard	any		General statement covering several named reversal patterns (final flag, wedge, double top/bottom, head-and-shoulders): when one of these fails to reverse the tr
V10-01	reversals	reference/brooks/mined/reversals/10_huge_volume_reversals_on_daily_charts.json	HugeVolumeCapitulationReversal	Entry	False	moderate	daily-ok	VolumeAboveAverageMultiple	In a steep bear trend on the daily chart, a bar whose volume is a large multiple of its recent average and which closes as a strong bull (trend) bar signals cap
V10-02	reversals	reference/brooks/mined/reversals/10_huge_volume_reversals_on_daily_charts.json	HugeVolumeBarIntraday	Entry	True	trivial	intraday-only	VolumeAboveAverageMultiple	Primitive: the current bar's volume exceeds an absolute huge-volume threshold (illustrated at about 25,000 contracts on the 1 minute Emini) - flags a bar as a v
V10-03	reversals	reference/brooks/mined/reversals/10_huge_volume_reversals_on_daily_charts.json	VolumeDivergenceLowerLowReversal	Entry	False	moderate	intraday-only		After an intraday huge-volume bar in a bear trend, the market makes one or two further lower lows on progressively lower volume (volume divergence); the first s
V10-04	reversals	reference/brooks/mined/reversals/10_huge_volume_reversals_on_daily_charts.json	TrendChannelLineBreakStrongCloseContinuation	Entry	True	hard	daily-ok		When a bar breaks a trend channel line but closes well beyond it in the trend direction (a strong trend-direction close, not a reversal-shaped bar), that confir
V11-01	reversals	reference/brooks/mined/reversals/11_key_times_of_the_day.json	FirstHourFavorableEntryWindow	Entry	True	trivial	intraday-only	TimeWindow	Restrict or favor entries to the first N hours of the trading session (the exchange clock's close time), when the reward:risk:probability combination is best.
V11-02	reversals	reference/brooks/mined/reversals/11_key_times_of_the_day.json	MidDayLowProbabilityWindowFilter	Entry	True	trivial	intraday-only	TimeWindow	Block or restrict ordinary stop-entries during the mid-session window (roughly 8:30/9:30-11:00/12:30 PST), which tends to be two-sided, range-bound, and lower w
V11-03	reversals	reference/brooks/mined/reversals/11_key_times_of_the_day.json	MidDayFadeWeakSignalBarAtRangeExtreme	Entry	False	hard	intraday-only		During the mid-session two-sided window, fade a weak high1/high2 buy signal bar at the top of the range (sell on a limit order above it) or a weak low1/low2 sel
V11-04	reversals	reference/brooks/mined/reversals/11_key_times_of_the_day.json	MiddayReversalTimeWindow	Entry	True	trivial	intraday-only	TimeWindow	There is an elevated chance of at least a partial reversal or a decisive re-assessment of the day's direction around a specific clock time (~8:30 a.m. PST); use
V11-05	reversals	reference/brooks/mined/reversals/11_key_times_of_the_day.json	FinalHourTrendContinuationNoPullbackEntry	Entry	False	moderate	intraday-only	MomentumConsecutiveBars	In the final 30-60 minutes of the session, when a strong trend keeps making new closes in the trend direction without a pullback, enter with the trend at the cl
V11-06	reversals	reference/brooks/mined/reversals/11_key_times_of_the_day.json	DailyTrendBiasFinalHourContinuation	Entry	True	hard	intraday-only		In the final 30-60 minutes, bias with-trend entries toward the prevailing daily-chart trend direction (buy pullbacks in a daily bull trend / sell rallies in a d
V11-07	reversals	reference/brooks/mined/reversals/11_key_times_of_the_day.json	AlwaysInTrendTradeAfterEstablished	Entry	True	research	intraday-only		Once the always-in direction for the day has been established, take with-trend entries even after missing the earliest bars of the move.
V11-08	reversals	reference/brooks/mined/reversals/11_key_times_of_the_day.json	FinalHourChoppyTrendWideStopHold	Exit	False	research	intraday-only	TrailingStop	In the final 30-60 minutes, when a with-trend position is open and the market is choppy (large tails, repeated stop-running reversals) but has not yet hit the o
V13-01	reversals	reference/brooks/mined/reversals/13_time_frames_and_chart_types.json	SurrogateMovingAverageFinerTimeframe	Entry	False	moderate	intraday-only		If the strategy's bar series is the finer of two nested timeframes (e.g. 1 minute standing in for 5 minute), use an EMA length equal to the coarser timeframe's 
V13-02	reversals	reference/brooks/mined/reversals/13_time_frames_and_chart_types.json	TrendLineBreakTestReversalEntry	Entry	False	hard	any		After a trend line break, enter countertrend on the subsequent test of the trend's prior extreme (a higher low forming in what may be a new bull trend), provide
V13-03	reversals	reference/brooks/mined/reversals/13_time_frames_and_chart_types.json	PostVolatilitySpikeEntryDelay	Entry	True	moderate	intraday-only	BarRangeAboveStd	After a burst of large-range/outside bars signals an emotional volatility spike (a proxy for a news report, detectable from price alone), wait waitBars bars bef
V13-04	reversals	reference/brooks/mined/reversals/13_time_frames_and_chart_types.json	FailedNewHighGapTestShort	Entry	False	hard	intraday-only		On a gap-up session, a failed breakout to a new intraday high is a short signal, since the market usually tries to test back to the gap (the prior close / sessi
V14-01	reversals	reference/brooks/mined/reversals/14_globex_premarket_postmarket_and_overnight_market.json	PremarketExtremeTestTarget	Entry	True	moderate	intraday-only		The high/low made during the overnight/premarket session is often tested again once the day session opens; carry that level forward as a magnet/target that favo
V14-02	reversals	reference/brooks/mined/reversals/14_globex_premarket_postmarket_and_overnight_market.json	CountertrendRequiresPriorTrendLineBreak	Entry	True	hard	any		Only take a countertrend (fade) entry against a strong trend if a trend line has already broken beforehand; blocks countertrend entries with no preceding trend-
V14-03	reversals	reference/brooks/mined/reversals/14_globex_premarket_postmarket_and_overnight_market.json	CountertrendSignalBarMinimumTimeframe	Entry	True	research	intraday-only		A countertrend reversal-bar signal against a strong trend is only valid if the signal bar comes from at least a 5-minute chart; a reversal bar on a 1 or 3 minut
V15-01	reversals	reference/brooks/mined/reversals/15_always_in.json	StrongTrendBarPrimitive	Entry	False	trivial	any		Primitive: the current bar is a strong bull trend bar - bull close, body at least a fraction of its range, and small tails.
V15-02	reversals	reference/brooks/mined/reversals/15_always_in.json	AlwaysInDirection	Entry	True	research	any		Primitive context concept: the market's presumed always-in direction, the side a trader would be forced to choose right now. Approximated as being above the EMA
V15-03	reversals	reference/brooks/mined/reversals/15_always_in.json	AlwaysInFlipTwoConsecutiveStrongTrendBars	Entry	False	moderate	any	ConsecutiveUpBars	The always-in direction flips to long when the current bar and the bar before it are both strong bull trend bars (consecutiveBars, default 2, is the tunable cou
V15-04	reversals	reference/brooks/mined/reversals/15_always_in.json	AlwaysInFlipSingleTrendBarInContext	Entry	False	research	any		A weaker, single-bar version of V15-03: one bull trend bar with a range near the average bar range can flip the always-in direction, but only when the surroundi
V15-05	reversals	reference/brooks/mined/reversals/15_always_in.json	FollowThroughBarNoOppositeClose	Entry	False	moderate	any		Minimum confirmation test: after a strong breakout bar (bar 1), the always-in direction flips only if the very next bar (bar 0, the follow-through bar) does not
V15-06	reversals	reference/brooks/mined/reversals/15_always_in.json	FollowThroughBarStrongContinuationEntry	Entry	False	simple	any	ConsecutiveUpBars	Strong confirmation: after a strong breakout bar, the follow-through bar is itself a strong same-direction trend bar - enter at its close (mechanized as next ba
V15-07	reversals	reference/brooks/mined/reversals/15_always_in.json	FollowThroughBarWeakRequiresPullback	Entry	True	moderate	any		Filter: when the follow-through bar after a strong breakout bar is weak (small body relative to its range, i.e. not itself a strong trend bar), do not enter at 
V15-08	reversals	reference/brooks/mined/reversals/15_always_in.json	FollowThroughExtensionBeyondBreakoutBar	Entry	False	trivial	any		The follow-through bar's high extends at least a threshold number of ticks beyond the breakout bar's high - odds favor the always-in direction confirming rather
V15-09	reversals	reference/brooks/mined/reversals/15_always_in.json	AlwaysInPersistsWithoutOppositeSpike	Entry	True	moderate	any		Filter: after a bull breakout, the always-in direction remains long as long as no strong bear trend bar (a bear 'spike') has appeared within the lookback, even 
V15-10	reversals	reference/brooks/mined/reversals/15_always_in.json	TightRangeDurationBreakoutMode	Entry	False	simple	any	HighestHighBreakout	When the range of the last N bars has stayed within a tight tolerance for at least that many bars, the market is in breakout mode: enter on a stop one tick beyo
V15-11	reversals	reference/brooks/mined/reversals/15_always_in.json	AlwaysInBlocksCountertrendEntries	Entry	True	research	any		Filter: once the always-in direction is established, only trade with that direction - a long entry is allowed only when the always-in direction is long, and vic
V15-12	reversals	reference/brooks/mined/reversals/15_always_in.json	ExitOnOppositeSignalWeakerThanReversal	Exit	False	simple	any		Exit a long on a single strong bear trend bar, even though flipping the always-in direction itself to short requires the stronger two-consecutive-bar test (V15-
V15-13	reversals	reference/brooks/mined/reversals/15_always_in.json	SecondPullbackToEntryStopOut	Exit	False	moderate	any		Exit at breakeven the second time price returns to the entry price, provided the first return was followed by the market resuming in the trade's favor (moving a
V15-14	reversals	reference/brooks/mined/reversals/15_always_in.json	FirstHourTwoTrendBarScalpSetup	Entry	False	moderate	intraday-only		The two-consecutive-strong-trend-bar always-in flip test (V15-03), restricted to the first N bars of the session and used for a scalp rather than a swing target
V15-15	reversals	reference/brooks/mined/reversals/15_always_in.json	AlwaysInConceptComposite	Entry	True	research	any		Research-grade composite for the chapter's central concept: a persistent always-in direction state that starts undefined, flips on a two-strong-trend-bar breako
V16-01	reversals	reference/brooks/mined/reversals/16_extreme_scalping.json	StrongTrendBarPrimitive	Entry	False	trivial	any		Primitive: the current bar is a strong bull trend bar - bull close, body at least a fraction of its range, and small tails.
V16-02	reversals	reference/brooks/mined/reversals/16_extreme_scalping.json	PriceLevelTouchRequirement	Entry	True	trivial	any		Primitive: a significant price level (a magnet - moving average, prior swing extreme, round number) counts as tested only once price actually trades to or throu
V16-03	reversals	reference/brooks/mined/reversals/16_extreme_scalping.json	MagnetTestBeforeFade	Entry	True	moderate	any		Filter: a fade entry at the EMA (or another magnet) is allowed only once price has actually touched that level, not merely approached within a tick of it.
V16-04	reversals	reference/brooks/mined/reversals/16_extreme_scalping.json	NearMissLevelReversalEntry	Entry	False	simple	any		Price's extreme approaches within a small margin of a significant prior level (a swing extreme or an old signal bar's extreme where stops cluster) without reach
V16-05	reversals	reference/brooks/mined/reversals/16_extreme_scalping.json	SmallBreakoutTrapReversal	Entry	False	simple	any		Price breaks below a recent swing low or support level by no more than a small margin and then closes back above that level - a trapped-seller (bear-trap) fade 
V16-06	reversals	reference/brooks/mined/reversals/16_extreme_scalping.json	NearOutsideBarPrimitive	Entry	False	trivial	any		A bar whose low is below the prior bar's low and whose high reaches to within a small margin of the prior bar's high (even without exceeding it) is treated by t
V16-07	reversals	reference/brooks/mined/reversals/16_extreme_scalping.json	CloseAbovePriorClosesRun	Entry	False	simple	any	Breakout	The close is above the closes of each of the last N bars - a run-based sign of strength.
V16-08	reversals	reference/brooks/mined/reversals/16_extreme_scalping.json	SignalBarQualityRequiredOnlyCountertrend	Entry	True	research	any		Filter: require the strong signal-bar shape test only when the entry direction is countertrend to the always-in direction; with-trend entries do not need a high
V16-09	reversals	reference/brooks/mined/reversals/16_extreme_scalping.json	BarbwireFadeAtExtreme	Entry	False	research	any		Inside a 'barbwire' region (a run of small, heavily overlapping bars with tails), fade the range: buy a breakout near the bottom of the barbwire rather than a b
V16-10	reversals	reference/brooks/mined/reversals/16_extreme_scalping.json	BuyNewHighOfDayOnlyInStrongTrend	Entry	True	research	intraday-only		Filter: only allow buying a fresh high of the day when the recent bars show a genuinely strong bull trend (a run of strong bull trend bars), not merely a two-le
V16-11	reversals	reference/brooks/mined/reversals/16_extreme_scalping.json	AvoidBreakoutAboveOverlappingBars	Entry	True	moderate	any		Filter: block a breakout-style entry above (or below) a short run of large bars whose ranges mostly overlap each other, since that run is itself a small trading
V16-12	reversals	reference/brooks/mined/reversals/16_extreme_scalping.json	MiddleOfDayLowMomentumFilter	Entry	True	simple	intraday-only	TimeWindow	Filter: the middle third of the trading session tends to be lower-momentum and range-bound - disfavor breakout entries (or favor fades) during that window.
V16-13	reversals	reference/brooks/mined/reversals/16_extreme_scalping.json	StopClusterCascadeBreakoutContinuation	Entry	False	hard	any		When a breakout bar's extreme clears several distinct prior resistance/support levels (swing highs, old signal-bar extremes, prior-day extremes) that all sit wi
VP3-01	reversals	reference/brooks/mined/reversals/17-part_iii_the_first_hour_the_opening_range.json	FadeNonDojiBarAfterMove	Entry	False	moderate	intraday-only		In the opening range, after a move up over the last few bars, fade the next non-doji bar (bull or bear body) by shorting one tick below its low; mirrored for a 
VP3-02	reversals	reference/brooks/mined/reversals/17-part_iii_the_first_hour_the_opening_range.json	VolatilityScaledStopDistance	Exit	False	moderate	any		Scale the protective stop distance beyond the signal bar to a multiple of the signal bar's own range (or a short-lookback ATR), rather than a fixed tick amount,
VP3-03	reversals	reference/brooks/mined/reversals/17-part_iii_the_first_hour_the_opening_range.json	YesterdayCloseAlwaysInCarriesOverBias	Entry	True	research	intraday-only		Context filter: if yesterday's session closed in a clear always-in direction, bias today's opening entries toward that same direction until price action contrad
VP3-04	reversals	reference/brooks/mined/reversals/17-part_iii_the_first_hour_the_opening_range.json	FirstBarDojiImpliesTwoSidedDay	Entry	True	moderate	intraday-only		Context filter: the first bar of the session is a doji -- raises the odds of a two-sided/trading-range day, favoring fade setups over breakout continuation.
VP3-05	reversals	reference/brooks/mined/reversals/17-part_iii_the_first_hour_the_opening_range.json	EmaFlatFilter	Entry	True	simple	any		Shared primitive: the EMA has moved less than a small tick threshold over the last N bars -- 'the moving average is flat', used to reinforce a trading-range-day
VP3-06	reversals	reference/brooks/mined/reversals/17-part_iii_the_first_hour_the_opening_range.json	SecondBarBreakoutOfFirstBar	Entry	False	moderate	intraday-only		The second bar of the session closes beyond the high (long) / low (short) of the first bar of the session: enter in that direction.
VP3-07	reversals	reference/brooks/mined/reversals/17-part_iii_the_first_hour_the_opening_range.json	DoubleBottomFlagAfterOpenSpike	Entry	False	hard	intraday-only		After a series of strong bull trend bars off the open, a partial pullback whose low is tested again 5-10 bars later forms a double-bottom-flag long entry.
VP3-08	reversals	reference/brooks/mined/reversals/17-part_iii_the_first_hour_the_opening_range.json	WaitAfterReportTimeFilter	Entry	True	simple	intraday-only	TimeWindow	Context filter: block new entries within a short window after a known scheduled-report time (e.g. 7:00 a.m. PST), when algorithmic/HFT activity dominates price 
VP3-09	reversals	reference/brooks/mined/reversals/17-part_iii_the_first_hour_the_opening_range.json	FadeFirstBarWithProminentTailsBreakout	Entry	False	moderate	intraday-only		The first bar of the session has prominent tails (a body that does not dominate its range): treat it as a one-bar trading range and fade breakouts of it -- shor
VP3-10	reversals	reference/brooks/mined/reversals/17-part_iii_the_first_hour_the_opening_range.json	ScalpLimitAtSpikeLowAfterConsecutiveTrendBars	Entry	False	moderate	any		After N consecutive strong bull trend bars, place a resting limit order to buy at or below the low of the first weak pullback bar that follows (a doji or an opp
VP3-11	reversals	reference/brooks/mined/reversals/17-part_iii_the_first_hour_the_opening_range.json	ThirdBarBreakoutSignificance	Entry	True	moderate	intraday-only		Context filter: on a 5-minute chart, a breakout of the third bar of the session carries extra weight because it coincides with the close of the first 15-minute 
VP3-12	reversals	reference/brooks/mined/reversals/17-part_iii_the_first_hour_the_opening_range.json	HolidayWeekRangeDayBias	Entry	True	moderate	daily-ok	SeasonalHalfYear	Context filter: during specific holiday weeks (Christmas week, the week of July 4th), expect normal price action only in the first hour and a tight trading rang
VP3-13	reversals	reference/brooks/mined/reversals/17-part_iii_the_first_hour_the_opening_range.json	BarOverlapMidCloseBarbwireSignal	Entry	True	simple	any		Shared primitive: a bar overlaps at least half of its range with the prior bar and closes near the middle of its own range -- an onset signal for barbwire (tigh
VP3-14	reversals	reference/brooks/mined/reversals/17-part_iii_the_first_hour_the_opening_range.json	LowRangeStockScalpAvoidance	Entry	True	simple	daily-ok		Context filter: when the instrument's recent average daily range is below a small dollar (or tick) threshold, avoid scalp-sized targets; price-action entries ca
VP3-15	reversals	reference/brooks/mined/reversals/17-part_iii_the_first_hour_the_opening_range.json	SteepEmaSlopeSellOffReversal	Entry	False	hard	any		If the EMA had a steep up-slope in a recent session and price makes a strong sell-off below the current EMA, expect (and enter on) a reversal rally back up.
VP3-16	reversals	reference/brooks/mined/reversals/17-part_iii_the_first_hour_the_opening_range.json	CountOfReversalsInFirstHourImpliesRangeDay	Entry	True	research	intraday-only		Context filter: counting five or more reversal bars within the first hour of the session raises the odds of a trading-range day, favoring fade setups over break
V17-01	reversals	reference/brooks/mined/reversals/17_patterns_related_to_the_premarket.json	IsFirstBarOfSession	Entry	True	moderate	intraday-only		Shared primitive: the current bar is the first bar of the day (intraday) session, i.e. its session date differs from the prior bar's session date. Used to gate 
V17-02	reversals	reference/brooks/mined/reversals/17_patterns_related_to_the_premarket.json	FirstBarTrendContinuationScalp	Entry	False	moderate	intraday-only		If the first bar of the session is a bull trend bar, take a scalp long (mechanized as entry at the next bar's open once the first bar closes as a trend bar).
V17-03	reversals	reference/brooks/mined/reversals/17_patterns_related_to_the_premarket.json	FirstBarTrendFailureReversal	Entry	False	moderate	intraday-only		The first bar of the session was a bull trend bar (a failed long setup), and the very next bar is a bear trend bar that closes below the first bar's open: enter
V17-04	reversals	reference/brooks/mined/reversals/17_patterns_related_to_the_premarket.json	OpeningMaUnreliableAfterGap	Entry	True	research	intraday-only		Context filter: after a large gap that the market is quickly closing, suppress or distrust close-vs-EMA trend classification for roughly the first hour of the s
V18-01	reversals	reference/brooks/mined/reversals/18_patterns_related_to_yesterday_breakouts.json	GapProxyByFirstBarVsEma	Entry	True	moderate	intraday-only		Context filter classifying the open as a bullish (bearish) gap day when the first bar of the session sits entirely above (below) the EMA, used when the actual g
V18-02	reversals	reference/brooks/mined/reversals/18_patterns_related_to_yesterday_breakouts.json	OpeningRangeBreakoutTrendDay	Entry	False	moderate	intraday-only		The classic opening-range breakout: track the high/low of the first N bars of the session; once that window closes, enter long (short) on a break above (below) 
V18-03	reversals	reference/brooks/mined/reversals/18_patterns_related_to_yesterday_breakouts.json	FailedBreakoutReversalEntry	Entry	False	hard	any		After a breakout below a swing low (e.g. yesterday's low) with several bars of follow-through, a strong bull trend/reversal bar signals a failed breakout: enter
V18-04	reversals	reference/brooks/mined/reversals/18_patterns_related_to_yesterday_breakouts.json	BreakoutPullbackAfterFailedBreakoutFailure	Entry	False	hard	any		A failed-breakout reversal (V18-03) itself fails within a bar or two — a new strong trend bar reappears in the original breakout direction — re-entering in the 
V18-05	reversals	reference/brooks/mined/reversals/18_patterns_related_to_yesterday_breakouts.json	TwiceFailedBreakoutExpectReversal	Entry	True	hard	intraday-only		Context filter: after the market has attempted and failed to break a level (e.g. yesterday's high) twice within the session, expect the market to reverse in the
V18-06	reversals	reference/brooks/mined/reversals/18_patterns_related_to_yesterday_breakouts.json	ReversalOffYesterdayCloseTest	Entry	False	simple	any		Early in the session, price pulls back to touch (or come within a tick range of) yesterday's close and reverses with a bull bar: enter long beyond that reversal
V19-01	reversals	reference/brooks/mined/reversals/19_opening_patterns_and_reversals.json	IsFirstBarOfSession	Entry	True	moderate	intraday-only		Shared primitive (redefined here per chapter convention, see also V17-01): the current bar is the first bar of the session, i.e. its session date differs from t
V19-02	reversals	reference/brooks/mined/reversals/19_opening_patterns_and_reversals.json	ConsecutiveTrendBarSpike	Entry	True	moderate	any		Shared primitive: N consecutive trend bars in the same direction, each with body at least bodyFraction of its range and minimal overlap with the bar before it -
V19-03	reversals	reference/brooks/mined/reversals/19_opening_patterns_and_reversals.json	AlwaysInFromTwoConsecutiveTrendBars	Entry	True	moderate	intraday-only		Two consecutive bull trend bars in the first hour set an always-in-long bias (context filter enabling with-trend long scalps/pullback entries).
V19-04	reversals	reference/brooks/mined/reversals/19_opening_patterns_and_reversals.json	GapPlusSpikeImpliesTrendDayBias	Entry	True	hard	intraday-only		A session that opens with a gap and is immediately followed by a 3-4 bar trend-bar spike in the gap's direction raises the odds of a trend day in that direction
V19-05	reversals	reference/brooks/mined/reversals/19_opening_patterns_and_reversals.json	PullbackEntryAfterConsecutiveTrendBars	Entry	False	moderate	any		After a consecutive-bear-trend-bar spike, the first bar that trades above the high of the prior bar is a pullback bar: enter short one tick below that pullback 
V19-06	reversals	reference/brooks/mined/reversals/19_opening_patterns_and_reversals.json	WaitForDoubleTopBottomBeforeSwingEntry	Entry	True	hard	any		Context filter: in a day showing multiple reversals, only size a trade for a swing target once a double top or double bottom has formed; before that, treat reve
V19-07	reversals	reference/brooks/mined/reversals/19_opening_patterns_and_reversals.json	DojiFirstBarInYesterdayClosingRangeRangeDayBias	Entry	True	moderate	intraday-only		Context filter: the first bar of the session is a doji and its range sits inside (near the middle of) yesterday's closing range -- raises the odds of a range da
V19-08	reversals	reference/brooks/mined/reversals/19_opening_patterns_and_reversals.json	SmallOpeningRangeBreakoutBias	Entry	True	moderate	intraday-only		When the opening range (first N bars of the session) is small relative to the recent average daily range, bias toward taking breakout entries of that range in e
V19-09	reversals	reference/brooks/mined/reversals/19_opening_patterns_and_reversals.json	LargeOpeningRangeSpikeOrClimaxBias	Entry	True	moderate	intraday-only		When the opening range/move is large relative to the recent average daily range, bias toward expecting a spike-and-channel trend day (or, less often, a climacti
V19-10	reversals	reference/brooks/mined/reversals/19_opening_patterns_and_reversals.json	StrongInitialMoveMayReturnLaterFilter	Entry	True	research	intraday-only		Context filter: after a strong opening move reverses into an opposite trend, do not fully discount the original direction -- keep a reduced-confidence bias that
V19-11	reversals	reference/brooks/mined/reversals/19_opening_patterns_and_reversals.json	ReversalAtDefinedSupportResistanceLevel	Entry	True	hard	any		Meta-filter: opening reversal setups cluster where price meets one of several defined support/resistance references (EMA, trend line, trend channel line, swing 
V19-12	reversals	reference/brooks/mined/reversals/19_opening_patterns_and_reversals.json	BreakoutModeStraddleEntry	Entry	False	hard	any		After two opposing failed micro-spikes establish a small range within the opening range, place a resting stop order one tick above the range top (long) and one 
V19-13	reversals	reference/brooks/mined/reversals/19_opening_patterns_and_reversals.json	WidenStopAndPlanReversalOnAdverseMove	Exit	False	moderate	any		If price moves against a fresh position (toward the initial protective stop) without hitting it, widen the stop to a larger multiple of the original risk and, i
V19-14	reversals	reference/brooks/mined/reversals/19_opening_patterns_and_reversals.json	RepeatedFailedFollowThroughWeakness	Entry	True	hard	any		Context filter: over the last N attempts, each bear trend bar was immediately followed by a bull-bodied bar (no follow-through selling) -- a sign of bear weakne
V19-15	reversals	reference/brooks/mined/reversals/19_opening_patterns_and_reversals.json	TimeOfDayReversalWindow	Entry	True	simple	intraday-only	TimeWindow	Context filter: bars whose close time falls within a window around a known scheduled-report time (e.g. 8:30 a.m. exchange-adjusted) carry elevated odds of a tre
V20-01	reversals	reference/brooks/mined/reversals/20_gap_openings_reversals_and_continuations.json	GapOpeningDefinition	Entry	True	trivial	daily-ok		Shared primitive: the current bar's range does not overlap the prior bar's range -- a gap up (this bar's low above the prior bar's high) or gap down (this bar's
V20-02	reversals	reference/brooks/mined/reversals/20_gap_openings_reversals_and_continuations.json	LargeGapByRecentMax	Entry	True	simple	daily-ok		The current bar's gap (V20-01) is at least as large as the largest gap seen over the prior N bars -- one of two alternative 'large gap' tests.
V20-03	reversals	reference/brooks/mined/reversals/20_gap_openings_reversals_and_continuations.json	LargeGapByAvgRangeFraction	Entry	True	simple	daily-ok		The current bar's gap (V20-01) exceeds a fraction of the recent average bar range -- the second of the two alternative 'large gap' tests.
V20-04	reversals	reference/brooks/mined/reversals/20_gap_openings_reversals_and_continuations.json	TradeWithGapDirectionBias	Entry	True	research	intraday-only		Context filter: on a large-gap day (V20-02 or V20-03), bias entries for the rest of the session toward the gap's direction (long after a large gap up, short aft
V20-05	reversals	reference/brooks/mined/reversals/20_gap_openings_reversals_and_continuations.json	BigGapUnclearActionRangeAssumption	Entry	True	research	intraday-only		Context filter: on a large-gap day where the opening bars do not show clear trend behavior, default to a range assumption and favor mean-reversion (buy near the
V20-06	reversals	reference/brooks/mined/reversals/20_gap_openings_reversals_and_continuations.json	GapAsSpikeForChannelTrend	Entry	True	hard	intraday-only		Treat a large gap as the 'spike' leg of a spike-and-channel trend: if a minor pullback is followed by a channel-type continuation in the gap's direction, classi
V21-01	reversals	reference/brooks/mined/reversals/21_detailed_day_trading_examples.json	CorrectionLengthAtLeastHalfTrendDuration	Entry	True	hard	any		After a trend leg that lasted N bars, do not expect the countertrend correction to be complete (and a resumption/second-leg entry to be high probability) until 
V21-02	reversals	reference/brooks/mined/reversals/21_detailed_day_trading_examples.json	BreakevenExitAtOriginalEntryAfterScaling	Exit	False	moderate	any		For a position built by scaling in at progressively better prices during an adverse move, exit the entire position once price returns to the level of the origin
V21-03	reversals	reference/brooks/mined/reversals/21_detailed_day_trading_examples.json	AvoidEntryNearSessionClose	Entry	True	trivial	intraday-only	TimeWindow	Do not initiate a new intraday entry once the session clock is within X minutes of the close; there is not enough remaining time for a typical trade to reach a 
V21-04	reversals	reference/brooks/mined/reversals/21_detailed_day_trading_examples.json	ExitLongOnOpposingLow2SetupUnlessTrendReversed	Exit	False	hard	any		Exit an open countertrend long that was bought against a bear trend as soon as a low-2 short setup (a second consecutive attempt to break below the recent swing
V22-01	reversals	reference/brooks/mined/reversals/22_daily_weekly_and_monthly_charts.json	CountertrendScalpPercentTarget	Exit	False	trivial	daily-ok	TakeProfit	For a countertrend position (against a strong prevailing trend), take profit once open profit reaches a small percentage of the entry price (1-2%), rather than 
V22-02	reversals	reference/brooks/mined/reversals/22_daily_weekly_and_monthly_charts.json	GapPullbackFailureEntry	Entry	False	hard	any		When a daily buy (or sell) setup is in force and the market gaps open beyond yesterday's range in the setup's favor, do not chase the open; instead wait for an 
V22-03	reversals	reference/brooks/mined/reversals/22_daily_weekly_and_monthly_charts.json	RoundNumberMagnetOvershootTarget	Entry	False	research	daily-ok		Round price levels (e.g., 100, 300, or other instrument-scale-appropriate round numbers) act as price magnets: a strong trend approaching one tends to overshoot
V22-04	reversals	reference/brooks/mined/reversals/22_daily_weekly_and_monthly_charts.json	BarsNearTrendLinePredictsImminentBreak	Entry	True	hard	daily-ok		When five to ten consecutive bars have traded close to (hugging) a trend line without a clean, growing separation from it, the odds favor an imminent break thro
V22-05	reversals	reference/brooks/mined/reversals/22_daily_weekly_and_monthly_charts.json	BodyOnlyInsideBarVariant	Entry	False	trivial	any		A variant of the inside-bar / iii setup judged only by the bar bodies (the open-to-close range) rather than the full high-low range: a bar whose body nests insi
V22-06	reversals	reference/brooks/mined/reversals/22_daily_weekly_and_monthly_charts.json	MinimumDailyVolumeForDayTradingEligibility	Entry	True	trivial	daily-ok	VolumeBelowAverage	Only consider a stock eligible for intraday trading if its recent daily volume is at least a minimum share count.
V23-01	reversals	reference/brooks/mined/reversals/23_options.json	ExtendedGapBarStreakPredictsEmaTouch	Entry	True	hard	any		After an extended streak of consecutive same-side moving-average gap bars (about 30 or more, well beyond the ordinary 20-bar 'strong trend' threshold), expect t
V23-02	reversals	reference/brooks/mined/reversals/23_options.json	FadeStairsPatternBreakout	Entry	False	research	daily-ok		When a trend is advancing in a 'stairs' pattern (a series of small breakouts, each followed by a shallow pullback that stays roughly at or above/below the prior
V23-03	reversals	reference/brooks/mined/reversals/23_options.json	FadeWeakLow2AtTradingRangeBottom	Entry	False	hard	any		A low-2 short setup that forms at the bottom of an established trading range usually fails; treat it as a reversal-up (fade) buying opportunity instead of takin
V24-01	reversals	reference/brooks/mined/reversals/24_the_best_trades_putting_it_all_together.json	TrendBarBody	Entry	False	trivial	any	TrendBarBodyFraction	Classifies the current bar as a strong bull (or bear) trend bar: it closes near its high (low) and its body is most of its range. Used throughout this chapter a
V24-02	reversals	reference/brooks/mined/reversals/24_the_best_trades_putting_it_all_together.json	SignalBarDirectionRequirement	Entry	True	trivial	any		A long entry is only valid if the signal bar (the bar the stop-entry price is measured from) itself closed as a bull bar; mirrored for shorts. This gates every 
V24-03	reversals	reference/brooks/mined/reversals/24_the_best_trades_putting_it_all_together.json	PullbackLegCount	Entry	False	hard	any		Counts how many separate down-legs (for a bull pullback) or up-legs (for a bear pullback) have occurred since the most recent swing extreme, where a leg ends wh
V24-04	reversals	reference/brooks/mined/reversals/24_the_best_trades_putting_it_all_together.json	PullbackEntryOneLeg	Entry	False	hard	any	High1LowSetup	In a bull trend, buy one tick above the high of the first pullback bar after a new swing high (a 'high 1'); mirrored: in a bear trend, sell one tick below the l
V24-05	reversals	reference/brooks/mined/reversals/24_the_best_trades_putting_it_all_together.json	PullbackEntryTwoLeg	Entry	False	hard	any	High2LowSetup	In a bull trend, buy one tick above the high of the second down-leg pullback bar ('high 2'), especially when that bar touches or penetrates the 20-bar EMA; mirr
V24-06	reversals	reference/brooks/mined/reversals/24_the_best_trades_putting_it_all_together.json	TwoBarReversal	Entry	False	moderate	any		A two-bar reversal: bar[1] made a new extreme in the prevailing direction, and bar[0] closes strongly the opposite way with a range overlapping bar[1], forming 
V24-07	reversals	reference/brooks/mined/reversals/24_the_best_trades_putting_it_all_together.json	DoubleTopBottom	Entry	False	hard	any		Price forms two swing lows (highs) within a lookback window at approximately the same level, with a bounce between them; the second touch is the signal for a re
V24-08	reversals	reference/brooks/mined/reversals/24_the_best_trades_putting_it_all_together.json	WedgeFlagPullback	Entry	False	hard	any		A three-push pullback against the trend (wedge) where each push is a marginal new extreme with decreasing momentum; buy the failure of the third push. Mirrored 
V24-09	reversals	reference/brooks/mined/reversals/24_the_best_trades_putting_it_all_together.json	FinalFlagReversal	Entry	False	hard	any		A small, tight consolidation (flag) that forms at the end of an extended trend leg or trading-range swing and then breaks in the opposite direction, signaling e
V24-10	reversals	reference/brooks/mined/reversals/24_the_best_trades_putting_it_all_together.json	BreakoutPullbackEntry	Entry	False	moderate	any	BreakoutPullback	After a bull (bear) bar closes above (below) a prior flag/range, the very next pullback that holds is a buy (sell) setup one tick beyond that pullback bar.
V24-11	reversals	reference/brooks/mined/reversals/24_the_best_trades_putting_it_all_together.json	MovingAverageGapBar	Entry	False	moderate	any		The first bar in a trend that gaps to the opposite side of the 20-bar EMA (e.g. the first bear-trend bar whose entire range is below the EMA) after a run of bar
V24-12	reversals	reference/brooks/mined/reversals/24_the_best_trades_putting_it_all_together.json	AlwaysInDirection	Entry	True	research	any	AlwaysIn	A persistent read of which side (long/short/flat) is currently in control based on the balance of trend bars, breakouts, and failures; used as a context gate fo
V24-13	reversals	reference/brooks/mined/reversals/24_the_best_trades_putting_it_all_together.json	TrendLineBreak	Entry	False	hard	any		Price closes beyond a trend line drawn across the most recent swing pivots in the trend direction, signaling the trend's momentum has broken.
V24-14	reversals	reference/brooks/mined/reversals/24_the_best_trades_putting_it_all_together.json	MajorTrendReversalSetup	Entry	False	hard	any	MajorTrendReversal	A major trend reversal: (1) a strong trend-line break with momentum, (2) a subsequent test of the trend's extreme that fails (higher low / double bottom / lower
V24-15	reversals	reference/brooks/mined/reversals/24_the_best_trades_putting_it_all_together.json	MeasuredMoveTarget	Exit	False	simple	any	MeasuredMove	Project a profit target (or reversal expectation) equal to the height of the initial spike/leg, added to (subtracted from) the breakout point; treat arrival at 
V24-16	reversals	reference/brooks/mined/reversals/24_the_best_trades_putting_it_all_together.json	StairsPatternReversal	Entry	False	hard	any		In a 'stairs' trend (a series of small pushes each making a marginal new extreme with a brief pause between), fade the third or fourth consecutive push, targeti
V24-17	reversals	reference/brooks/mined/reversals/24_the_best_trades_putting_it_all_together.json	TradingRangeBoundaryFade	Entry	False	simple	any	TradingRangeFade	Fade a touch of the top (bottom) of an established N-bar trading range: sell (buy) on a reversal signal bar there.
V24-18	reversals	reference/brooks/mined/reversals/24_the_best_trades_putting_it_all_together.json	SecondEntrySignal	Entry	False	moderate	any	SecondEntry	A first signal in a given direction fails (price does not follow through and returns to test the same level); the second occurrence of the same setup within a s
V24-19	reversals	reference/brooks/mined/reversals/24_the_best_trades_putting_it_all_together.json	ExpandingTriangleReversal	Entry	False	hard	any		A reversal pattern of three (or more) swing pivots in the same direction where each new pivot is a larger extreme than the last (expanding, not converging like 
V24-20	reversals	reference/brooks/mined/reversals/24_the_best_trades_putting_it_all_together.json	ClimaxBar	Entry	True	simple	any	ClimaxBar	After an extended run in one direction, a single trend bar whose range is a large multiple of the recent average range signals likely exhaustion (a buy or sell 
V24-21	reversals	reference/brooks/mined/reversals/24_the_best_trades_putting_it_all_together.json	MicroChannelBreakout	Entry	False	moderate	any	MicroChannel	A micro channel is 4+ consecutive same-direction, heavily overlapping trend bars with no real pullback. Do not enter on its first breakout; wait for the breakou
V24-22	reversals	reference/brooks/mined/reversals/24_the_best_trades_putting_it_all_together.json	MinRewardToRiskFilter	Entry	True	trivial	any		Before entering, require that the planned profit target distance is at least a multiple of the planned protective-stop distance (the multiple is 1x for scalps, 
V24-23	reversals	reference/brooks/mined/reversals/24_the_best_trades_putting_it_all_together.json	MaxTradesPerDaySwitch	Switch	True	moderate	intraday-only		Once the count of trades taken today reaches a cap, block further entries for the rest of the session.
V24-24	reversals	reference/brooks/mined/reversals/24_the_best_trades_putting_it_all_together.json	OpeningRangeSwingReversal	Entry	False	hard	intraday-only	OpeningRangeReversal	During the opening range, a strong reversal signal (composes the general reversal/signal-bar primitives) taken with a swing profit target at least twice the pla
V24-25	reversals	reference/brooks/mined/reversals/24_the_best_trades_putting_it_all_together.json	OpeningRangeScalpReversal	Entry	False	hard	intraday-only		Same opening-range reversal setup as V24-24 but scalped with a 1x reward-to-risk target instead of 2x.
V24-26	reversals	reference/brooks/mined/reversals/24_the_best_trades_putting_it_all_together.json	PullbackNotAfterClimaxFilter	Entry	True	moderate	any		Blocks a one-leg pullback entry (V24-04) when the most recent trend bar was a climax bar (V24-20); the high 1 (low 1) is only taken while the spike has not yet 
V24-27	reversals	reference/brooks/mined/reversals/24_the_best_trades_putting_it_all_together.json	SpikeEntryDuringBreakout	Entry	False	simple	any		During a strong multi-bar bull trend-bar spike, enter at the market on the close of any spike bar, or on a limit order at/below the prior bar's low, rather than
V24-28	reversals	reference/brooks/mined/reversals/24_the_best_trades_putting_it_all_together.json	WeakSignalBarLimitEntry	Entry	False	moderate	any		Rather than waiting for a stop entry above/below a weak pullback signal bar, place a resting limit order at or below (above) that bar's low (high) when the broa
V24-29	reversals	reference/brooks/mined/reversals/24_the_best_trades_putting_it_all_together.json	QuietFlagLimitEntryAtMA	Entry	False	moderate	any		In an established trend, when price is consolidating quietly (small overlapping bars, low range) at the moving average, rest a limit order at or below the prior
V24-30	reversals	reference/brooks/mined/reversals/24_the_best_trades_putting_it_all_together.json	AnticipatedBreakoutPullbackLimitEntry	Entry	False	moderate	any		As soon as a bull (bear) bar closes breaking out above (below) a flag/range, immediately rest a limit order below (above) that breakout bar rather than waiting 
V24-31	reversals	reference/brooks/mined/reversals/24_the_best_trades_putting_it_all_together.json	BreakoutTestAddOn	Entry	False	moderate	any		While holding (or after) a long swing entry, if price pulls back to retest the entry price area (running likely breakeven stops) and then shows a bull signal ba
V24-32	reversals	reference/brooks/mined/reversals/24_the_best_trades_putting_it_all_together.json	FixedTickPullbackEntry	Entry	False	moderate	any		In a strong trend, rest a limit order a fixed number of ticks away from the market (set to the average size of the trend's prior pullbacks so far) rather than w
V24-33	reversals	reference/brooks/mined/reversals/24_the_best_trades_putting_it_all_together.json	FailedAlwaysInFlipFade	Entry	False	research	any		When price closes what would be a confirming breakout bar for an always-in flip, but that bar is weak (small body / large tail), fade it immediately at its clos
V24-34	reversals	reference/brooks/mined/reversals/24_the_best_trades_putting_it_all_together.json	PostClimaxReentryDelay	Entry	True	moderate	any		After a final-flag or climax exhaustion signal, suppress with-trend re-entries until at least N bars have passed and the pullback has shown two legs to the movi
V24-35	reversals	reference/brooks/mined/reversals/24_the_best_trades_putting_it_all_together.json	InitialStopBeyondSignalBar	Exit	False	trivial	any	StopBeyondSignalBar	The initial protective stop is placed one tick beyond the signal bar's extreme in the direction opposite the trade.
V24-36	reversals	reference/brooks/mined/reversals/24_the_best_trades_putting_it_all_together.json	TightenStopToEntryBarOnConfirmation	Exit	False	moderate	any		Once the bar immediately following entry (or a subsequent confirming bar) closes as a trend bar in the trade's direction, move the protective stop to one tick b
V24-37	reversals	reference/brooks/mined/reversals/24_the_best_trades_putting_it_all_together.json	BreakevenStopAtProfitThreshold	Exit	False	simple	any	BreakevenStop	Move the protective stop to breakeven (or a small amount worse) once open position profit reaches a minimum tick threshold.
V24-38	reversals	reference/brooks/mined/reversals/24_the_best_trades_putting_it_all_together.json	BreakevenStopAtHalfTarget	Exit	False	simple	any		Move the protective stop to breakeven once open profit reaches half of the originally planned profit target distance.
V24-39	reversals	reference/brooks/mined/reversals/24_the_best_trades_putting_it_all_together.json	ScaleOutHalfAtRiskEqualsReward	Exit	False	moderate	any		Take partial profit (half the position) once open profit equals the amount originally risked, then move the stop on the remainder to breakeven and trail it.
V24-40	reversals	reference/brooks/mined/reversals/24_the_best_trades_putting_it_all_together.json	TrailStopBeyondPriorSwing	Exit	False	hard	any	TrailingSwingStop	Once swinging the remainder of a winning position, trail the protective stop to just beyond the most recent confirmed swing low (high for shorts).
V24-41	reversals	reference/brooks/mined/reversals/24_the_best_trades_putting_it_all_together.json	WiderStopForSpikeEntry	Exit	False	trivial	any		When entering during a strong multi-bar spike (V24-27) rather than on a pullback, size the protective stop as a multiple of the normal signal-bar stop distance 
V24-42	reversals	reference/brooks/mined/reversals/24_the_best_trades_putting_it_all_together.json	SwingRewardAtLeastTwiceRisk	Exit	False	trivial	any	MinRewardToRiskFilter	For swing-classified trades, set the profit target at least two times the planned protective-stop distance.
V24-43	reversals	reference/brooks/mined/reversals/24_the_best_trades_putting_it_all_together.json	AvoidCountertrendScalpInWeakChannel	Entry	True	research	any		Block a counter-trend reversal-bar entry (e.g. a bull reversal bar in an established bear channel) that fades a new trend extreme, since these setups have a dem
V24-44	reversals	reference/brooks/mined/reversals/24_the_best_trades_putting_it_all_together.json	AvoidStopEntryInTightTradingRange	Switch	True	simple	any	TightTradingRangeFilter	Block all stop entries while the recent N-bar range is unusually tight (small relative to the recent average range), regardless of any pattern that would otherw
V24-45	reversals	reference/brooks/mined/reversals/24_the_best_trades_putting_it_all_together.json	MajorityBarsOnMASideFilter	Entry	True	simple	any	MajorityBarsAboveMA	Only allow long entries when a clear majority of the last N bars have closed above the 20-bar EMA (mirrored: shorts only when a majority closed below).
V24-46	reversals	reference/brooks/mined/reversals/24_the_best_trades_putting_it_all_together.json	ConsecutiveClimaxBarsExpectCorrection	Entry	True	moderate	any		When two or more climax bars (V24-20) occur within a short span in the same direction, treat the next opposite-direction signal bar as higher-confidence, expect
V24-47	reversals	reference/brooks/mined/reversals/24_the_best_trades_putting_it_all_together.json	ExtendedOneSidedRangeMoveFavorsFade	Entry	True	research	any		While price is judged to be inside a trading range, if the current leg has moved in one direction for at least N consecutive bars without a real pullback, only 
V24-48	reversals	reference/brooks/mined/reversals/24_the_best_trades_putting_it_all_together.json	LimitOrderOnlyWithAlwaysInDirection	Entry	True	research	any		Block any limit-order (as opposed to stop) entry unless it is in the same direction as the current always-in read.
V24-49	reversals	reference/brooks/mined/reversals/24_the_best_trades_putting_it_all_together.json	TradingRangeVsTrendEntryBias	Entry	True	research	any		Switches entry bias by market regime: in a trend, buy strength (near recent highs) and sell weakness (near recent lows); in a trading range, buy near the range 
V25-01	reversals	reference/brooks/mined/reversals/25_trading_guidelines.json	TradingRangeDayAvoidBuyingNearTopSellingNearBottom	Entry	True	hard	intraday-only		On a trading-range day, block long entries (even a strong-looking bull trend bar or high-1 setup) when price is near the top of the day's range, and block short
V25-02	reversals	reference/brooks/mined/reversals/25_trading_guidelines.json	TakeProfitOnOpposingReversalSetup	Exit	False	hard	any		Take at least partial profit on an open position whenever a valid reversal setup forms against it, regardless of whether the position itself was entered with-tr
V25-03	reversals	reference/brooks/mined/reversals/25_trading_guidelines.json	SuddenBreakoutAfterQuietPeriodRequiresConfirmation	Entry	True	moderate	intraday-only		If the market has been quiet (no trend-bar/signal activity) for an extended period and then suddenly prints an unusually large trend bar breaking out of the rec
V25-04	reversals	reference/brooks/mined/reversals/25_trading_guidelines.json	MoveStopToBreakevenAfterPartialProfitTaken	Exit	False	moderate	any		After a partial profit exit near a swing/measured-move target, move the protective stop on the remaining position to the original entry price (breakeven).
V25-05	reversals	reference/brooks/mined/reversals/25_trading_guidelines.json	TradingRangeFadeAfterMultiBarMove	Entry	True	hard	any		In an uncertain (trading-range) market, only permit fade-style short entries after price has moved up for roughly 5 to 10 consecutive bars, and only permit fade
V25-06	reversals	reference/brooks/mined/reversals/25_trading_guidelines.json	FlatEmaTightRangeBarbwireAvoidance	Entry	True	hard	intraday-only		Avoid entering trades when the moving average is relatively flat, the recent range is tight, and the bars have prominent tails (a 'barbwire' condition), especia
V25-07	reversals	reference/brooks/mined/reversals/25_trading_guidelines.json	AvoidDojiAsSignalBar	Entry	True	trivial	any		Do not use a doji bar as the signal bar for an entry; require the signal bar to be a trend bar in the trade's direction instead.
V25-08	reversals	reference/brooks/mined/reversals/25_trading_guidelines.json	BlockReversalEntriesAfterLosingMonth	Entry	True	moderate	any	MonthlyProfitTarget	If the account's net profit over the prior calendar month was negative, block reversal (countertrend) entries for the current month.
V25-09	reversals	reference/brooks/mined/reversals/25_trading_guidelines.json	SevenOfTenBarsAboveEmaBlocksShorts	Entry	True	moderate	any		Block short entries when at least 7 of the last 10 bars closed above the moving average (only longs are permitted); block long entries when at least 7 of the la
T00-01	trends	reference/brooks/mined/trends/00_front_matter.json	AlwaysInDirection	Entry	True	research	any		Primitive context filter: the market's presumed always-in direction, approximated as being above the EMA and above the close N bars ago (a spike in the trend di
T00-02	trends	reference/brooks/mined/trends/00_front_matter.json	TrendBarPrimitive	Entry	False	trivial	any		Primitive, bare/minimal form: bar 0 is a trend bar simply because it has any body at all (close differs from open) -- no fraction-of-range threshold. Contrast w
T00-03	trends	reference/brooks/mined/trends/00_front_matter.json	DojiPrimitive	Entry	False	trivial	any	BodyBelowAtrFraction	Primitive: bar 0 is a doji (a nontrend bar) -- its body is a small fraction of its range. Brooks gives no fixed tick count and notes the threshold scales with t
T00-04	trends	reference/brooks/mined/trends/00_front_matter.json	InsideBarPrimitive	Entry	False	trivial	any	InsideBar	Primitive, redefined compactly here (per the one-per-file convention) so T00-06 and T00-07 can compose it in this file.
T00-05	trends	reference/brooks/mined/trends/00_front_matter.json	OutsideBarPrimitive	Entry	False	trivial	any		Primitive, redefined compactly here so T00-07 can compose it in this file.
T00-06	trends	reference/brooks/mined/trends/00_front_matter.json	ConsecutiveInsideBars	Entry	False	simple	any		N consecutive inside bars, each inside the one before it (N=2 is 'ii', N=3 is 'iii'): a breakout-mode setup. Enter on a close beyond the range of the most recen
T00-07	trends	reference/brooks/mined/trends/00_front_matter.json	OioPattern	Entry	False	trivial	any		Outside bar, then inside bar, then outside bar (bars 2, 1, 0): the pattern is itself the entry, direction set by bar 0's body (its 'outside' status against bar 
T00-08	trends	reference/brooks/mined/trends/00_front_matter.json	BarbwirePattern	Entry	True	research	any	AdxBelowThreshold	Context filter/primitive: classify the last N bars as barbwire -- heavily overlapping ranges containing at least one doji -- used to block breakout entries. T07
T00-09	trends	reference/brooks/mined/trends/00_front_matter.json	LedgePattern	Entry	True	simple	any		At least K of the last N bars share (within a tick tolerance) the same low, forming a support ledge (or the mirror at highs).
T00-10	trends	reference/brooks/mined/trends/00_front_matter.json	GapOpenPrimitive	Entry	False	moderate	intraday-only		Primitive: the session's first bar opens beyond the prior session's high or low.
T00-11	trends	reference/brooks/mined/trends/00_front_matter.json	GapReversalPrimitive	Entry	False	trivial	intraday-only		After an opening gap up, the following bar trades at least one tick below the gap bar's low: a fade signal back into the gap.
T00-12	trends	reference/brooks/mined/trends/00_front_matter.json	MovingAverageGapBarPrimitive	Entry	False	moderate	any	CloseAboveAverage	Primitive: bar 0 does not touch the EMA -- its low is entirely above it (bull gap bar) or its high entirely below it (bear gap bar).
T00-13	trends	reference/brooks/mined/trends/00_front_matter.json	TwentyMovingAverageGapBarsStreak	Entry	True	moderate	any		At least N consecutive prior bars were all moving-average gap bars on the same side -- a sign-of-strength flag (also listed among the Introduction's bull-trend 
T00-14	trends	reference/brooks/mined/trends/00_front_matter.json	MicroMeasuringGapPrimitive	Entry	True	trivial	any		The bar after a strong trend bar does not overlap the bar before it (its low is at/above the earlier bar's high): a trend-bar-strength confirmation filter.
T00-15	trends	reference/brooks/mined/trends/00_front_matter.json	PullbackBarPrimitive	Entry	False	trivial	any		Primitive: bar 0 dips below the prior bar's low in an uptrend context (or above the prior high in a downtrend).
T00-16	trends	reference/brooks/mined/trends/00_front_matter.json	DoubleBottomPattern	Entry	False	hard	any		This bar's low is within a tolerance of a prior swing low: a double bottom. Buy above this bar, stronger if a later higher-low pullback confirms it (the book's 
T00-17	trends	reference/brooks/mined/trends/00_front_matter.json	ShrinkingStairsPattern	Entry	True	hard	any		Over the last three swing breakouts in a trend, each new-extreme increment is smaller than the prior one: a fading-momentum filter that argues against the next 
T00-18	trends	reference/brooks/mined/trends/00_front_matter.json	WedgeThreePushesPattern	Entry	False	hard	any		Three consecutive swing highs, each higher than the last (three pushes up): sell setup on a break below the most recent swing low.
T00-19	trends	reference/brooks/mined/trends/00_front_matter.json	PullbackLegCounter	Entry	False	research	any		Shared primitive (counting setup): a persistent counter of how many times, since a pullback began, a bar's high has exceeded the prior bar's high (each such bar
T00-20	trends	reference/brooks/mined/trends/00_front_matter.json	HighNPullbackEntry	Entry	False	hard	any		Buy above the signal bar that completes leg N of a bull pullback (N=1..4), per PullbackLegCounter. N=2 is the classic 'high 2'; N=3/4 typically coincide with we
T00-21	trends	reference/brooks/mined/trends/00_front_matter.json	SecondSignalWithinBars	Entry	True	research	any	LastTradeCooldown	Generic context filter: only take a setup if an earlier instance of the SAME setup fired and failed within the last K bars; the second attempt is considered mor
T00-22	trends	reference/brooks/mined/trends/00_front_matter.json	DeepPullbackRetracementFilter	Entry	True	hard	any		If the current pullback has retraced at least X% of the leg that preceded it, stop treating it as a with-trend pullback -- block with-trend entries in the old d
T00-23	trends	reference/brooks/mined/trends/00_front_matter.json	VolumeSpikeCapitulationContext	Entry	False	simple	any	VolumeAboveAverageMultiple	This bar's volume is an unusual multiple of its recent average during a bear trend: treat the next one or two new swing lows as long-scalp opportunities.
T00-24	trends	reference/brooks/mined/trends/00_front_matter.json	ConsecutiveTrendBarsClimaxFilter	Entry	True	simple	daily-ok	ConsecutiveUpBars	At least N of the last N bars are trend bars in the same direction after an extended run: classify as a climax and block fresh with-trend entries.
T00-25	trends	reference/brooks/mined/trends/00_front_matter.json	VolumeSurgeOnBreakoutBar	Entry	False	simple	any	VolumeAboveAverageMultiple	The breakout (signal) bar's volume is at least a multiple of the recent average volume: a confirming filter for a with-trend continuation entry.
T00-26	trends	reference/brooks/mined/trends/00_front_matter.json	BreakoutBarLargeBodySmallTails	Entry	False	simple	any		The breakout (signal) bar has a body that is a large fraction of its range and a range at or above the recent average.
T00-27	trends	reference/brooks/mined/trends/00_front_matter.json	SpikeLengthWithoutPullback	Entry	True	moderate	any		At least N consecutive bars since the breakout had no two-consecutive-bar pullback: confirms a strong spike.
T00-28	trends	reference/brooks/mined/trends/00_front_matter.json	LowBodyOverlapContext	Entry	True	simple	any		Over the last N bars, most bars' lows sit at or only slightly below the prior bar's close (little body overlap): a strength filter.
T00-29	trends	reference/brooks/mined/trends/00_front_matter.json	SmallOrNoTailsTrendBarsContext	Entry	True	simple	any	TailBarCountDominance	The average tail fraction of the last N bars is below a threshold: a trend-strength filter.
T00-30	trends	reference/brooks/mined/trends/00_front_matter.json	FewLargeBarsFilter	Entry	True	simple	any	BarRangeAboveStd	Fewer than K of the last N bars have a range at or above a multiple of the recent average range: absence of outsized bars, a sign the trend is not yet climactic
T00-31	trends	reference/brooks/mined/trends/00_front_matter.json	SmallInfrequentPullbacksFilter	Entry	True	moderate	any		Every pullback within the last N bars retraced less than a fraction of the average bar range.
T00-32	trends	reference/brooks/mined/trends/00_front_matter.json	NoOppositeSideClosesFilter	Entry	True	moderate	any		In the last N bars, no two consecutive closes sit on the opposite side of the EMA from the trend direction: an always-in confirmation filter.
T00-33	trends	reference/brooks/mined/trends/00_front_matter.json	FirstPullbackTimingFilter	Entry	True	moderate	any		The first pullback bar following a breakout appears no sooner than K bars after the breakout bar.
T00-34	trends	reference/brooks/mined/trends/00_front_matter.json	FirstPullbackShortDurationFilter	Entry	True	moderate	any		The first pullback after the breakout lasts no more than K bars.
T00-35	trends	reference/brooks/mined/trends/00_front_matter.json	FirstPullbackNoBreakevenFilter	Entry	True	moderate	any		The first pullback's extreme does not retrace back to the breakout/entry price.
T00-36	trends	reference/brooks/mined/trends/00_front_matter.json	FollowThroughBodyAtLeastAverage	Entry	True	simple	any		Each of the K bars following the breakout bar has a body at least as large as the recent average body size and in the trend direction.
T00-37	trends	reference/brooks/mined/trends/00_front_matter.json	MeasuringGapAfterBreakout	Entry	False	moderate	any		After a breakout, the low of the deepest pullback bar within the next N bars stays at or above the breakout bar's high: a larger-scale sibling of T00-14's micro
T00-38	trends	reference/brooks/mined/trends/00_front_matter.json	BreakoutReversesManyClosesFilter	Entry	False	simple	any	CloseAbovePriorHighestHigh	The breakout bar's close exceeds the highest close and highest high of the last N bars; the more bars reversed, the stronger the signal.
T00-39	trends	reference/brooks/mined/trends/00_front_matter.json	ReversalBarMinimum	Entry	False	trivial	any	CloseRangePosition	Primitive, loosest form: bar 0 qualifies at all as a bull signal bar if it closes above its open OR above its own midpoint (no bull body required, unlike T07-03
T00-40	trends	reference/brooks/mined/trends/00_front_matter.json	ReversalBarOpenNearPriorClose	Entry	False	trivial	any		Signal-bar quality sub-test: the bar opens at or below the prior close and closes above both its own open and the prior close.
T00-41	trends	reference/brooks/mined/trends/00_front_matter.json	ReversalBarTailFractionRange	Entry	False	trivial	any		Signal-bar quality sub-test: the lower tail sits between a third and a half of the bar's range, and the upper tail stays small.
T00-42	trends	reference/brooks/mined/trends/00_front_matter.json	ReversalBarLowOverlapWithPrior	Entry	True	trivial	any		Signal-bar quality sub-test: the bar's range overlaps the prior bar's range by less than a fraction.
T00-43	trends	reference/brooks/mined/trends/00_front_matter.json	FollowThroughBarNotDojiInside	Entry	True	trivial	any		Block the entry unless the entry bar (bar 0, immediately after the signal bar 1) is a trend bar in the signal direction and not a doji-and-inside bar.
T00-44	trends	reference/brooks/mined/trends/00_front_matter.json	StrongBullReversalBarComposite	Entry	False	moderate	any	BullReversalBar	A 'best' bull reversal bar: the minimum test plus at least a couple of the open/tail/overlap quality sub-tests, confirmed by a non-doji follow-through bar. Kept
T00-45	trends	reference/brooks/mined/trends/00_front_matter.json	NoTrendChannelOvershootFilter	Entry	True	research	any		Block entries when the market has recently produced a significant trend-channel-line overshoot -- needs the channel-projection machinery from chapters 14-16.
T00-46	trends	reference/brooks/mined/trends/00_front_matter.json	SidewaysCorrectionAfterTrendLineBreakFilter	Entry	True	research	any		After a with-trend trend-line break, the correction that follows should stay sideways rather than reverse sharply: a with-trend confirmation filter.
T00-47	trends	reference/brooks/mined/trends/00_front_matter.json	StrongBullTrendDaysRecentContext	Entry	False	moderate	daily-ok		At least K of the last N daily bars closed as strong bull trend days (large bull body closing near the high): a higher-time-frame confirmation for intraday with
T00-48	trends	reference/brooks/mined/trends/00_front_matter.json	Low4FailureContext	Entry	True	research	any		After a low-4 short signal (PullbackLegCounter.legCount==4, short side) triggers and then fails (price closes back above the signal bar's high), block further s
T00-49	trends	reference/brooks/mined/trends/00_front_matter.json	TrailingStopBelowHigherLow	Exit	False	moderate	any		Exit: trail the protective stop to just below the most recent confirmed higher swing low each time price makes a new high.
T00-50	trends	reference/brooks/mined/trends/00_front_matter.json	MoveStopToBreakevenOnTest	Exit	False	moderate	any		Once in a profitable position, if price pulls back to within a tolerance of the entry price, move the stop to breakeven.
TP1-01	trends	reference/brooks/mined/trends/01-part_i_price_action.json	BullTrendBar	Entry	False	trivial	any		Primitive: bar 0 is a bull trend bar, opening near its low and closing near its high, with a body that is most of the bar's range.
TP1-02	trends	reference/brooks/mined/trends/01-part_i_price_action.json	DojiBar	Entry	False	trivial	any		Primitive: bar 0 is a trading-range (doji) bar, the opposite of a trend bar -- a small body relative to its range, with one or two large tails.
TP1-03	trends	reference/brooks/mined/trends/01-part_i_price_action.json	BreakoutHigherHighLowConfirmation	Entry	True	simple	any	LaggedHigherHigh	Context filter: after a breakout above a prior significant high, each of the last N bars made both a higher high and a higher low than the bar before it -- conf
TP1-04	trends	reference/brooks/mined/trends/01-part_i_price_action.json	FailedBreakoutSmallInsideBarReversal	Entry	False	trivial	any		Long side (mirror of the book's bear example): a bear breakout bar is followed by a small inside bar (its low not below the breakout bar's low), then this bar c
TP1-05	trends	reference/brooks/mined/trends/01-part_i_price_action.json	Leg	Entry	False	hard	any		Primitive: a leg is one directional swing between two pivots (a run of bars making new extremes in one direction, ended by a bar that fails to extend it). Legs 
TP1-06	trends	reference/brooks/mined/trends/01-part_i_price_action.json	HighNPullbackEntry	Entry	False	hard	any		In a bull trend, after exactly N pullback legs down, the first bar that closes above the prior bar's high is a high-N long entry (high 1, high 2, high 3, ...). 
TP1-07	trends	reference/brooks/mined/trends/01-part_i_price_action.json	FailedHighNReversal	Entry	False	hard	any		After a high-N long entry, the market instead trades below the low of the pullback that produced it (the ABC low): treat this as a failed high-N and a signal th
TP1-08	trends	reference/brooks/mined/trends/01-part_i_price_action.json	ExtremeConsecutiveTrendBarsFadeContext	Entry	True	research	any	ConsecutiveUpBars	Context filter: N or more consecutive same-direction trend bars is an extreme state that institutions fade; permits a countertrend (fade) entry only once this e
TP1-09	trends	reference/brooks/mined/trends/01-part_i_price_action.json	BarsSinceEmaTouchExtreme	Entry	True	moderate	daily-ok		Context filter: the market has gone at least N bars without the price touching its EMA -- an extreme extension that institutions view as due for a pullback to t
TP1-10	trends	reference/brooks/mined/trends/01-part_i_price_action.json	BreakevenStopAfterPartialProfit	Exit	False	moderate	any	ProfitProtector	After open profit has reached a partial-profit trigger, tighten the stop for the remaining position to breakeven (the entry price): exit if profit gives back al
TP1-11	trends	reference/brooks/mined/trends/01-part_i_price_action.json	FibonacciRetracementPullbackEntry	Entry	False	hard	any		Long side: the first pullback of a new bull leg reaches down to a Fibonacci fraction of that leg's range; buy a bounce there.
TP1-12	trends	reference/brooks/mined/trends/01-part_i_price_action.json	RangeContractionExtreme	Entry	True	research	daily-ok	TrueRangeAvgRatio	Context filter: the recent average bar range has contracted to a small fraction of its long-term average -- an extreme low-volatility state expected to resolve 
T01-01	trends	reference/brooks/mined/trends/01_the_spectrum_of_price_action_extreme_trends_to.json	MarketInTrend	Entry	True	research	any	MomentumConsecutiveBars	Primitive: approximate 'the market is in a trend' (bull side) as a net directional move over the last trendBars bars where most of those bars agree with the dir
T01-02	trends	reference/brooks/mined/trends/01_the_spectrum_of_price_action_extreme_trends_to.json	MarketInTradingRange	Entry	True	research	any	AdxBelowThreshold	Primitive: approximate 'the market is in a trading range' as the last rangeBars bars largely overlapping (each pair's overlap at least a fraction of its range),
T01-03	trends	reference/brooks/mined/trends/01_the_spectrum_of_price_action_extreme_trends_to.json	FadeCountertrendInTrendFilter	Entry	True	research	any		Block a long entry while the market classifies as a bear trend (MarketInTrend's short-side condition true), and mirror for shorts against a live bull trend.
T01-04	trends	reference/brooks/mined/trends/01_the_spectrum_of_price_action_extreme_trends_to.json	FadeBreakoutInTradingRangeFilter	Entry	True	research	any		Block a breakout-style entry (close beyond the recent range extreme) while MarketInTradingRange is active, in either direction, since Brooks says such breakouts
T01-05	trends	reference/brooks/mined/trends/01_the_spectrum_of_price_action_extreme_trends_to.json	PullbackLegBreakout	Entry	False	hard	any		Primitive: within a bull trend or trading range, after exactly legCount down-legs (swing lows each lower than the one before, each followed by a failed rally), 
T01-06	trends	reference/brooks/mined/trends/01_the_spectrum_of_price_action_extreme_trends_to.json	MeasuredMoveSecondLegTarget	Exit	False	hard	any		Exit target for a trade riding the second leg of a two-legged move: once the move from pivot C has traveled about the same distance as the first leg (pivot A to
T01-07	trends	reference/brooks/mined/trends/01_the_spectrum_of_price_action_extreme_trends_to.json	TrendResumptionDayContext	Entry	True	research	intraday-only		Session-level context filter: if the market opened with a strong trend and then entered a tight trading range for several hours, favor with-trend continuation e
T01-08	trends	reference/brooks/mined/trends/01_the_spectrum_of_price_action_extreme_trends_to.json	MiddaySessionFalseBreakoutFade	Entry	False	hard	intraday-only		During a specific mid-session time window, a breakout beyond the recent range that fails (the next bar closes back inside the range) is a fade entry, held as a 
T02-01	trends	reference/brooks/mined/trends/02_trend_bars_doji_bars_and_climaxes.json	TrendBar	Entry	False	trivial	any	ConsecutiveUpBars	Primitive: bar 0 is a bull trend bar, with a body that is at least a fraction of its range (a plainer, looser threshold than a 'strong' trend bar).
T02-02	trends	reference/brooks/mined/trends/02_trend_bars_doji_bars_and_climaxes.json	DojiBar	Entry	False	trivial	any		Primitive: bar 0 is a doji (nontrend) bar, its body a small fraction of its range. Direction-agnostic.
T02-03	trends	reference/brooks/mined/trends/02_trend_bars_doji_bars_and_climaxes.json	ClimaxEndsOnBreakBar	Entry	True	moderate	any	MomentumConsecutiveBars	A run of climaxBars consecutive bull trend bars ended at bar 1, and bar 0 is not itself a same-strength bull trend bar (a pause, tailed bar, inside bar, doji, o
T02-04	trends	reference/brooks/mined/trends/02_trend_bars_doji_bars_and_climaxes.json	TrendingDojiRun	Entry	True	simple	any		Context filter: the last runBars bars are all doji bars, but each has a higher close, high, and low than the one before it -- a trend is in effect despite the s
T02-05	trends	reference/brooks/mined/trends/02_trend_bars_doji_bars_and_climaxes.json	TrendBarBodyAboveRecentMedian	Entry	True	moderate	any		Context filter: a bull trend bar's body is at least as large as the median absolute body size of the last N bars, a sign of stronger with-trend control.
T02-06	trends	reference/brooks/mined/trends/02_trend_bars_doji_bars_and_climaxes.json	LargeTrendBarExhaustionBreakoutFilter	Entry	True	simple	any	BarRangeAboveStd	Block a with-trend breakout entry whose signal bar is abnormally large relative to recent bars (possible exhaustion / one-bar false-breakout trap).
T02-07	trends	reference/brooks/mined/trends/02_trend_bars_doji_bars_and_climaxes.json	FailedBreakoutNoFollowThroughFade	Entry	False	moderate	any		Long side (the book's mirror image: a bear breakout that fails and closes strong): a bear trend bar made a new low versus the last priorBars bars, the next bar 
T02-08	trends	reference/brooks/mined/trends/02_trend_bars_doji_bars_and_climaxes.json	RequireSecondCounterTrendBarConfirmation	Entry	True	simple	any	ConsecutiveUpBars	Block treating a single trend bar against the established trend as a reversal signal; require at least confirmBars consecutive trend bars in the new direction b
T02-09	trends	reference/brooks/mined/trends/02_trend_bars_doji_bars_and_climaxes.json	AccumulatingCounterTrendBodiesPressure	Entry	True	simple	any	TailBarCountDominance	Context filter: at least K of the last N bars are bull trend bars, signaling building buying pressure that permits anticipatory long entries even against the pr
T02-10	trends	reference/brooks/mined/trends/02_trend_bars_doji_bars_and_climaxes.json	ProtractedTrendClimacticReversalSetup	Entry	False	hard	any		Long side (the book's bear-trend example): after a bear trend of at least minTrendBars bars with no pullback larger than pullbackMaxFraction of the move, a bar 
T02-11	trends	reference/brooks/mined/trends/02_trend_bars_doji_bars_and_climaxes.json	MinimumCorrectionAfterClimaxFilter	Entry	True	hard	any		After a climactic reversal setup (T02-10) fires, block resuming the old trend direction (fading the correction) until at least minCorrectionBars bars and two le
T02-12	trends	reference/brooks/mined/trends/02_trend_bars_doji_bars_and_climaxes.json	MeasuredMoveProjectionTarget	Exit	False	hard	any	AtrProfitTarget	For a long entered at a reversal from a bear spike, take profit when price reaches a measured move equal to the size of the initial spike (swing high to swing l
T02-13	trends	reference/brooks/mined/trends/02_trend_bars_doji_bars_and_climaxes.json	OpenNearBarExtremeStrength	Entry	True	trivial	any		Context filter: a bull trend bar's open sits near its own low (little to no lower wick before the up-move began), a sign of strength.
T02-14	trends	reference/brooks/mined/trends/02_trend_bars_doji_bars_and_climaxes.json	CloseAboveRecentClosesAndHighsStrength	Entry	True	simple	any	CloseAbovePriorHighestHigh	Context filter: this bar's close is at or above both the highest close and the highest high of the last N bars -- a stronger with-trend signal than a plain new 
T02-15	trends	reference/brooks/mined/trends/02_trend_bars_doji_bars_and_climaxes.json	SmallTailsStrength	Entry	True	trivial	any		Context filter: the bar's upper and lower tails are both small relative to its range -- a direction-agnostic sign of a decisive (strong) trend bar.
T03-01	trends	reference/brooks/mined/trends/03_breakouts_trading_ranges_tests_and_reversals.json	TradingRangeContext	Entry	True	research	any	AdxBelowThreshold	Primitive context filter: the market is in a trading range, approximated as the last N bars each largely overlapping the prior bar. Used to block breakout entri
T03-02	trends	reference/brooks/mined/trends/03_breakouts_trading_ranges_tests_and_reversals.json	SwingHighBreakout	Entry	False	simple	any	HighestHighBreakout	Primitive: this bar closes above the highest high of the last N bars (a breakout of the range top). Mechanized close-based per convention.
T03-03	trends	reference/brooks/mined/trends/03_breakouts_trading_ranges_tests_and_reversals.json	FailedBreakoutReversal	Entry	False	moderate	any		Price closed below the lowest low of the last N bars (a downside breakout); within K bars, this bar closes back above that broken low: buy the failed breakout.
T03-04	trends	reference/brooks/mined/trends/03_breakouts_trading_ranges_tests_and_reversals.json	SwingLevelTest	Entry	False	hard	any		Primitive: this bar's high comes within a tolerance of a prior swing high (a test of resistance); mirrored for a low testing a prior swing low.
T03-05	trends	reference/brooks/mined/trends/03_breakouts_trading_ranges_tests_and_reversals.json	ReversalBarAtSwingTest	Entry	False	hard	any	CloseRangePosition	Long side (mirror of the book's short example): price tests a prior swing low and forms a bull reversal bar (closes up, in the upper part of its range): buy abo
T03-06	trends	reference/brooks/mined/trends/03_breakouts_trading_ranges_tests_and_reversals.json	DoubleTopBottomTest	Entry	False	hard	any		Primitive: two swing highs within a tolerance of each other form a double top (mirrored: double bottom); a test forming a double top/bottom rather than a clean 
T03-07	trends	reference/brooks/mined/trends/03_breakouts_trading_ranges_tests_and_reversals.json	SpikeDetection	Entry	True	research	any	ConsecutiveUpBars	Primitive context: a 'spike' is a short run of consecutive strong-bodied trend bars in one direction, the first leg of a spike-and-channel trend.
T03-08	trends	reference/brooks/mined/trends/03_breakouts_trading_ranges_tests_and_reversals.json	ChannelDetection	Entry	True	research	any		Primitive context: following a spike, a run of overlapping, shallower-sloped bars constitutes a 'channel' -- approximated as the average range since the spike e
T03-09	trends	reference/brooks/mined/trends/03_breakouts_trading_ranges_tests_and_reversals.json	BuyChannelLowRetest	Entry	False	hard	any	DoubleBottomPullbackLong	After a bull spike-and-channel forms, price pulls back to test the channel's starting swing low and holds above it (a higher low): buy above the higher-low sign
T03-10	trends	reference/brooks/mined/trends/03_breakouts_trading_ranges_tests_and_reversals.json	ThirdPushWedgeReversal	Entry	False	hard	any		The market makes three successive, diminishing lower swing lows (a wedge): buy above the reversal bar that follows the third push down. Mirrored for three succe
T03-11	trends	reference/brooks/mined/trends/03_breakouts_trading_ranges_tests_and_reversals.json	FinalFlagAfterExtendedPullback	Entry	False	research	any		A pullback (flag) that has lasted at least N bars is more likely to be a 'final flag' that reverses the larger trend rather than resume it; when it ends with a 
T03-12	trends	reference/brooks/mined/trends/03_breakouts_trading_ranges_tests_and_reversals.json	StrongTrendBarPrimitive	Entry	False	simple	any		Primitive: bar 0 is a strong trend bar -- closes up (bull) with a body that is a large fraction of its range and a range at or above the recent average range.
T03-13	trends	reference/brooks/mined/trends/03_breakouts_trading_ranges_tests_and_reversals.json	AlwaysInFlipOnStrongTrendBar	Entry	False	moderate	any		A persistent 'always-in' direction variable flips to long the bar a bull StrongTrendBarPrimitive closes, and flips to short on a bear one; otherwise it holds it
T03-14	trends	reference/brooks/mined/trends/03_breakouts_trading_ranges_tests_and_reversals.json	AlwaysInDirectionFilter	Entry	True	research	any		Block a long entry unless the always-in direction (T03-13) is currently up; mirrored for shorts.
T03-15	trends	reference/brooks/mined/trends/03_breakouts_trading_ranges_tests_and_reversals.json	BreakevenStopSurviveContinuation	Entry	False	moderate	any		In an open long, a later pullback bar tests down toward the entry price but stays a tick or more above it (the typical breakeven-stop level) without hitting it:
T03-16	trends	reference/brooks/mined/trends/03_breakouts_trading_ranges_tests_and_reversals.json	TrendChannelLineBreakoutFailFade	Entry	False	hard	any		Price closed above an upper trend channel line (drawn across recent swing highs), accelerating the trend; if within K bars it closes back below that line, fade 
T03-17	trends	reference/brooks/mined/trends/03_breakouts_trading_ranges_tests_and_reversals.json	MeasuredMoveTestLevel	Entry	False	hard	any		Primitive: a measured-move target is the breakout point plus the size of the prior leg, projected forward; this bar's high or low testing that level within a to
T03-18	trends	reference/brooks/mined/trends/03_breakouts_trading_ranges_tests_and_reversals.json	PriorSessionLevelTest	Entry	False	moderate	intraday-only		Primitive: this bar's low (or high) comes within a tolerance of yesterday's (the prior session's) low, high, close, or open.
T04-01	trends	reference/brooks/mined/trends/04_bar_basics_signal_bars_entry_bars_setups_and.json	GenericSignalBarBreakoutEntry	Entry	False	trivial	any	CloseAbovePriorHigh	Primitive: base stop-entry mechanism. Every bar is a potential signal bar; a close beyond its high (long) / low (short) is the breakout entry, mechanized as clo
T04-02	trends	reference/brooks/mined/trends/04_bar_basics_signal_bars_entry_bars_setups_and.json	FailedBreakoutFade	Entry	False	trivial	any		Long side (book's example is the mirror, a short): the bar two back made a fresh low relative to the bar before it, but this bar closes back above that low, con
T04-03	trends	reference/brooks/mined/trends/04_bar_basics_signal_bars_entry_bars_setups_and.json	StrongTrendBar	Entry	False	simple	any		Primitive: bar 0 is a 'strong' trend bar -- closes up (bull side) with a body that is most of its range AND a range at or above the recent average (not just any
T04-04	trends	reference/brooks/mined/trends/04_bar_basics_signal_bars_entry_bars_setups_and.json	SpikeContext	Entry	True	simple	any	ConsecutiveUpBars	Context filter primitive: the market is in the spike phase of a strong trend, approximated as at least K of the last N bars closing as trend bars in the same di
T04-05	trends	reference/brooks/mined/trends/04_bar_basics_signal_bars_entry_bars_setups_and.json	SpikeContinuationEntry	Entry	False	simple	any		During the spike phase of a bull trend, this bar is itself a strong bull trend bar: buy above it as a with-trend continuation signal.
T04-06	trends	reference/brooks/mined/trends/04_bar_basics_signal_bars_entry_bars_setups_and.json	ReversalBar	Entry	False	trivial	any	CloseRangePosition	Primitive: bar 0 is a bull reversal bar -- closes up, in the upper part of its range, with a lower tail. Working definition used before chapter 5 formalizes it.
T04-07	trends	reference/brooks/mined/trends/04_bar_basics_signal_bars_entry_bars_setups_and.json	ReversalBarFailureContinuation	Entry	False	trivial	any		Long side: bar 1 was a would-be short signal (a bear reversal bar) but this bar closes below bar 1's low instead of triggering the short -- the failed reversal 
T04-08	trends	reference/brooks/mined/trends/04_bar_basics_signal_bars_entry_bars_setups_and.json	FailedContinuationLow1Fade	Entry	False	research	any		A 'low 1' first-pullback signal bar in a bear trend that looks like it may be bottoming is broken to the downside as normal, but the breakout fails: fade it lon
T04-09	trends	reference/brooks/mined/trends/04_bar_basics_signal_bars_entry_bars_setups_and.json	ShavedBar	Entry	False	trivial	any		Primitive: bar 0 has (near) zero tail on both ends -- open/close sit at or very near both the high and the low.
T04-10	trends	reference/brooks/mined/trends/04_bar_basics_signal_bars_entry_bars_setups_and.json	HigherLowBarInBullTrend	Entry	False	trivial	any	Momentum	In a bull trend, a bar whose low is above the prior bar's low is a buy setup (higher low).
T04-11	trends	reference/brooks/mined/trends/04_bar_basics_signal_bars_entry_bars_setups_and.json	ChannelBuyAtOrBelowPriorBar	Entry	False	research	any		In an established channel, buy when this bar trades at or below the prior bar's low (approximating a limit entry within the channel).
T04-12	trends	reference/brooks/mined/trends/04_bar_basics_signal_bars_entry_bars_setups_and.json	BeginnerTrendBarSignalFilter	Entry	True	trivial	any	Momentum	Filter: require the signal bar (bar 1) to be a trend bar in the trade's direction and the market to be in a matching trend.
T04-13	trends	reference/brooks/mined/trends/04_bar_basics_signal_bars_entry_bars_setups_and.json	CountertrendRequiresStrongerSignalBar	Entry	True	research	any		Graded filter: the required signal-bar 'strength' (body position, tail, size) rises the more countertrend the entry is; with-trend entries can use weak or even 
T04-14	trends	reference/brooks/mined/trends/04_bar_basics_signal_bars_entry_bars_setups_and.json	OneTickTrapOffsetEntry	Entry	False	trivial	any	CloseAbovePriorHigh	Require the close to clear the signal bar's high by an extra offset (in ticks) before entering, to avoid one-tick-trap fakeouts.
T04-15	trends	reference/brooks/mined/trends/04_bar_basics_signal_bars_entry_bars_setups_and.json	SpikeEndBar	Entry	True	moderate	any		Primitive/filter: a bull spike/climax is judged to have ended when, after a streak of K consecutive bull trend bars, this bar fails to also qualify as a (non-sm
T04-16	trends	reference/brooks/mined/trends/04_bar_basics_signal_bars_entry_bars_setups_and.json	FollowThroughBar	Entry	False	moderate	any		Primitive: the bar immediately after entry that continues (does not reverse) in the trade's direction. No explicit numeric management action is tied to it in th
T05-01	trends	reference/brooks/mined/trends/05_signal_bars_reversal_bars.json	BullReversalBarMinimum	Entry	False	trivial	any	CloseRangePosition	Primitive: bar 0 qualifies as a (minimal) bull reversal bar if it closes up OR its close sits above its own midpoint. A bear reversal bar does not need its high
T05-02	trends	reference/brooks/mined/trends/05_signal_bars_reversal_bars.json	ReversalBarOpenNearPriorCloseStrong	Entry	False	trivial	any		Quality test for a strong bull reversal bar: it opens at or below the prior bar's close (no gap against the reversal) and closes above both its own open and the
T05-03	trends	reference/brooks/mined/trends/05_signal_bars_reversal_bars.json	ReversalBarTailFraction	Entry	False	trivial	any		Quality test for a strong bull reversal bar: its lower tail is a moderate fraction of the bar's range and its upper tail is small or absent.
T05-04	trends	reference/brooks/mined/trends/05_signal_bars_reversal_bars.json	ReversalBarLowOverlapFraction	Entry	False	trivial	any		Quality/filter test: the reversal bar shares only a small fraction of its range with the prior bar. Used positively (as a quality test for a strong reversal bar
T05-05	trends	reference/brooks/mined/trends/05_signal_bars_reversal_bars.json	ReversalBarStrengthByClosesBeyondPriorBars	Entry	False	simple	any	CloseAbovePriorHighestHigh	Strength gauge for a bull reversal bar: its close exceeds the closes of the last N bars and its high exceeds the highs of the last M bars (the more bars it reve
T05-06	trends	reference/brooks/mined/trends/05_signal_bars_reversal_bars.json	Ema20	Entry	False	moderate	any	CloseAboveAverage	Primitive: the 20-bar exponential moving average of closes; 'above the EMA' = close[0] > ema[0].
T05-07	trends	reference/brooks/mined/trends/05_signal_bars_reversal_bars.json	CountertrendRequiresTrendLineBreakAndTest	Entry	True	research	any		Context filter: block a countertrend (reversal) entry in a strong trend unless a trend line has already been broken and the market is now testing the old trend'
T05-08	trends	reference/brooks/mined/trends/05_signal_bars_reversal_bars.json	ExcessiveOverlapMidpointFilter	Entry	True	trivial	any		Block a bull reversal entry when the reversal bar's midpoint sits above the prior bar's low (the book's stated overlap guideline), more important for a countert
T05-09	trends	reference/brooks/mined/trends/05_signal_bars_reversal_bars.json	DojiLargeRangeNoReversalFilter	Entry	True	simple	any		Block a reversal entry when the signal bar is a large-range doji (a small body relative to a large range): treat it as a one-bar trading range rather than a rev
T05-10	trends	reference/brooks/mined/trends/05_signal_bars_reversal_bars.json	LargeOppositeTailWeakensReversalFilter	Entry	True	trivial	any		Block a bull reversal entry when the bar has a large upper tail, unless the body is still reasonably strong (an override, e.g. for a second-entry-style confirma
T05-11	trends	reference/brooks/mined/trends/05_signal_bars_reversal_bars.json	SmallReversalBarWeakSignalFilter	Entry	True	simple	any		Block a reversal entry when the signal bar's range is much smaller than recent bars and its body is small, unless the body is strong relative to the small bar's
T05-12	trends	reference/brooks/mined/trends/05_signal_bars_reversal_bars.json	TrendingTradingRangeDayReversalContext	Entry	True	research	intraday-only		Context filter: on a trending trading range day, favor reversal-bar entries later in the session (a permissive rather than blocking filter). Day-type classifica
T05-13	trends	reference/brooks/mined/trends/05_signal_bars_reversal_bars.json	AlwaysInFlipOnStrongReversal	Entry	True	research	any		Treat a very strong reversal bar (one whose close reverses the closes and lows/highs of many prior bars) as flipping the market's 'always-in' direction, downgra
T05-14	trends	reference/brooks/mined/trends/05_signal_bars_reversal_bars.json	SecondFailedBreakoutAttemptReversal	Entry	False	hard	any	DoubleBottomPullbackLong	After two separate attempts to break below a swing low both fail (each followed by a close back above the low), buy above the bar that reverses back into the ra
T05-15	trends	reference/brooks/mined/trends/05_signal_bars_reversal_bars.json	DojiEntryBarBreakevenExit	Exit	False	moderate	any		If the bar immediately after entry (the entry bar) closes as a small doji inside bar, the reversal lacks urgency: exit near breakeven rather than holding for th
T05-16	trends	reference/brooks/mined/trends/05_signal_bars_reversal_bars.json	WeakSignalWeakEntryScratchExit	Exit	False	moderate	any		If the original signal bar was weak (small body relative to its range) and the entry bar that followed it is also weak, exit near breakeven rather than holding 
T05-17	trends	reference/brooks/mined/trends/05_signal_bars_reversal_bars.json	BullFlagOverlapTrapFilter	Entry	True	moderate	any		Block a with-trend long entered above a signal bar sitting just above the EMA when that signal bar and the two bars before it are large and mostly overlapping (
T05-18	trends	reference/brooks/mined/trends/05_signal_bars_reversal_bars.json	SellingPressureAccumulationFilter	Entry	True	simple	any	MajorityOppositeBodiesBlockEntry	Treat several bars with strong bear bodies over a lookback window as cumulative selling pressure that favors a with-trend short entry even without one dramatic 
T06-01	trends	reference/brooks/mined/trends/06_signal_bars_other_types.json	TrendBar	Entry	False	trivial	any		Primitive: bar 0 is a trend bar, closing in the direction of its body with a body that is most of its range.
T06-02	trends	reference/brooks/mined/trends/06_signal_bars_other_types.json	StrongTrendBar	Entry	False	simple	any	BarRangeAboveStd	Primitive: bar 0 is a trend bar with an unusually large body fraction and a range at or above a multiple of the recent average range -- Brooks's 'strong' trend 
T06-03	trends	reference/brooks/mined/trends/06_signal_bars_other_types.json	TrendSpikeContext	Entry	True	research	any	MomentumConsecutiveBars	Primitive context filter approximating a trend 'spike': the last spikeBars bars are (almost) all trend bars in the same direction with limited overlap between c
T06-04	trends	reference/brooks/mined/trends/06_signal_bars_other_types.json	StrongTrendBarCloseEntry	Entry	False	research	any	MomentumConsecutiveBars	Enter with the trend at the close of a strong trend bar occurring during a trend spike.
T06-05	trends	reference/brooks/mined/trends/06_signal_bars_other_types.json	TwoBarReversal	Entry	False	moderate	any		Primitive: two consecutive trend bars of opposite direction and roughly the same size where the pair substantially overlaps -- 'every reversal is a type of two-
T06-06	trends	reference/brooks/mined/trends/06_signal_bars_other_types.json	TwoBarReversalEntry	Entry	False	moderate	any		Enter beyond the combined extreme of the two-bar reversal pair (not just the signal bar) when the pair overlaps heavily.
T06-07	trends	reference/brooks/mined/trends/06_signal_bars_other_types.json	TwoBarReversalContinuationFade	Entry	False	research	any	MomentumConsecutiveBars	When a two-bar reversal forms AGAINST an established strong trend, Brooks treats the countertrend bar as a one-bar flag and fades it -- i.e., continues with the
T06-08	trends	reference/brooks/mined/trends/06_signal_bars_other_types.json	ThreeBarReversal	Entry	False	moderate	any		Primitive: bars 2 and 0 form a two-bar-reversal pair (skipping bar 1), and the skipped middle bar (bar 1) is small relative to recent bars.
T06-09	trends	reference/brooks/mined/trends/06_signal_bars_other_types.json	ThreeBarReversalEntry	Entry	False	moderate	any		Enter beyond the combined extreme of the three bars forming a three-bar reversal.
T06-10	trends	reference/brooks/mined/trends/06_signal_bars_other_types.json	IIPattern	Entry	False	trivial	any	InsideBar	Primitive: two consecutive inside bars, the more recent one inside the one before it (Brooks allows either extreme to be equal, per ch6 p137's inside-bar note).
T06-11	trends	reference/brooks/mined/trends/06_signal_bars_other_types.json	IIPatternBreakoutEntry	Entry	False	trivial	any	InsideBar	Enter on a breakout of the ii pattern in the direction of the break; the stop is placed beyond the opposite side of BOTH bars, not just the second (signal) bar.
T06-12	trends	reference/brooks/mined/trends/06_signal_bars_other_types.json	IOIPattern	Entry	False	simple	any	InsideBar	Primitive: bar 2 is an inside bar, bar 1 is an outside bar (relative to bar 2), and bar 0 is an inside bar (relative to bar 1).
T06-13	trends	reference/brooks/mined/trends/06_signal_bars_other_types.json	IOIBreakoutEntry	Entry	False	simple	any		Enter on the breakout of the second (most recent) inside bar of an ioi pattern, in either direction (breakout mode).
T06-14	trends	reference/brooks/mined/trends/06_signal_bars_other_types.json	SmallBarNearBigBarExtreme	Entry	False	moderate	any	BodyBelowAtrFraction	A small-range bar forming near the low of a larger recent bar or swing, closing up (with-trend/fade buy setup showing that buyers have taken control at that lev
T06-15	trends	reference/brooks/mined/trends/06_signal_bars_other_types.json	DojiPoorSignalFilter	Entry	True	research	any	AdxBelowThreshold	Context filter: a doji bar (near-zero body relative to its range) is rarely a good signal bar. Brooks allows two exceptions -- a with-trend doji in a strong tre
T06-16	trends	reference/brooks/mined/trends/06_signal_bars_other_types.json	MicroDoubleExtreme	Entry	False	trivial	any		Primitive: two consecutive bars with matching (within a tick tolerance) lows -- a micro double bottom. Mirrored form: matching highs -- a micro double top.
T06-17	trends	reference/brooks/mined/trends/06_signal_bars_other_types.json	MicroDoubleFlagContinuation	Entry	False	research	any	MomentumConsecutiveBars	Continuation entry: within a trend spike, a micro double match AGAINST the spike direction (e.g. matching HIGHS during a BULL spike) is read as a one-bar flag, 
T06-18	trends	reference/brooks/mined/trends/06_signal_bars_other_types.json	MicroDoubleReversalEntry	Entry	False	research	any		Reversal entry: OUTSIDE of an opposing spike, a micro double bottom (matching lows) is read as a bullish reversal -- enter long above the pattern's high. Mirror
T06-19	trends	reference/brooks/mined/trends/06_signal_bars_other_types.json	BullReversalBar	Entry	False	trivial	any	CloseRangePosition	Primitive: bar 0 is a bull reversal bar (a 'good signal bar') -- closes up, close in the upper part of its range, with a lower tail showing rejection of lower p
T06-20	trends	reference/brooks/mined/trends/06_signal_bars_other_types.json	ReversalBarFailure	Entry	False	trivial	any		Primitive event: the bar after a bull reversal bar trades below its low instead of continuing up through its high -- the implied long setup has failed.
T06-21	trends	reference/brooks/mined/trends/06_signal_bars_other_types.json	ReversalBarFailureFadeEntry	Entry	False	trivial	any		When a bull reversal bar's implied long fails (price instead breaks below its low), fade it: go short one tick below the failure bar's low, capitalizing on trap
T06-22	trends	reference/brooks/mined/trends/06_signal_bars_other_types.json	ShavedBar	Entry	False	trivial	any		Primitive: bar 0 has no meaningful tail at its top (closes at or within a tick of its high) -- a shaved top, read as bullish strength. Mirrored form: no tail at
T06-23	trends	reference/brooks/mined/trends/06_signal_bars_other_types.json	ShavedBarEntry	Entry	False	research	any		In a trend spike, a shaved-top bar (long) / shaved-bottom bar (short) is a with-trend breakout setup.
T06-24	trends	reference/brooks/mined/trends/06_signal_bars_other_types.json	ShavedBarLowVolumeFilter	Entry	True	moderate	any	VolumeBelowAverage	Blocks ShavedBarEntry when several shaved bars have clustered in the recent bars and this bar's volume is below its own average -- a sign of a quiet, low-volume
T06-25	trends	reference/brooks/mined/trends/06_signal_bars_other_types.json	ExhaustionBar	Entry	False	moderate	any	AtrRising	Primitive: an unusually large trend bar (well beyond the recent average range) occurring after an already-established run of same-direction trend bars -- a clim
T06-26	trends	reference/brooks/mined/trends/06_signal_bars_other_types.json	ExhaustionCorrectionFilter	Entry	True	moderate	any		Blocks new with-trend entries for a number of bars after an exhaustion bar, since a correction of at least that many bars is expected.
T06-27	trends	reference/brooks/mined/trends/06_signal_bars_other_types.json	Ema20	Entry	False	moderate	any	CloseAboveAverage	Primitive: the 20-bar exponential moving average of closes; 'above the EMA' = close[0] > ema[0].
T06-28	trends	reference/brooks/mined/trends/06_signal_bars_other_types.json	ConsecutiveBarsBeyondEma	Entry	True	moderate	any	MomentumConsecutiveBars	Context filter: the last establishedBars bars all closed above (bull) / below (bear) the 20-bar EMA -- an established with-trend run.
T06-29	trends	reference/brooks/mined/trends/06_signal_bars_other_types.json	MovingAverageGapBarPullbackEntry	Entry	False	moderate	any	CloseAboveAverage	After an established bull run (bars closing above the EMA for a while), buy the close of the first small counter-colored (bear) trend bar that closes within a t
T06-30	trends	reference/brooks/mined/trends/06_signal_bars_other_types.json	AllBarsInChannelLimitEntry	Entry	False	research	any		In a strong bull channel (approximated here by the same sustained-trend proxy as TrendSpikeContext, extended over more bars), buy at or below the prior bar's lo
T06-31	trends	reference/brooks/mined/trends/06_signal_bars_other_types.json	SecondEntryPreferenceFilter	Entry	True	research	any		Context filter, repeated throughout the chapter: prefer the second occurrence of a given setup type over the first, since the first attempt after a strong move 
T06-32	trends	reference/brooks/mined/trends/06_signal_bars_other_types.json	MiddayDojiFilter	Entry	True	moderate	intraday-only	TimeWindow	Blocks a doji-based signal bar (see DojiPoorSignalFilter) that also falls within a specific time-of-day window and is near a flat moving average -- an even weak
T07-01	trends	reference/brooks/mined/trends/07_outside_bars.json	OutsideBar	Entry	False	trivial	any		Primitive: bar n is an outside bar, its high above and its low below the prior bar's. A tolerance lets an 'almost outside' bar (p191: 'if something is almost a 
T07-02	trends	reference/brooks/mined/trends/07_outside_bars.json	BullTrendBar	Entry	False	trivial	any		Primitive: bar 0 is a bull trend bar, closing up with a body that is most of its range.
T07-03	trends	reference/brooks/mined/trends/07_outside_bars.json	BullReversalBar	Entry	False	trivial	any	CloseRangePosition	Primitive: bar 0 is a bull reversal bar ('good signal bar'): closes up, close in the upper part of its range, with a lower tail showing that sellers were reject
T07-04	trends	reference/brooks/mined/trends/07_outside_bars.json	SmallBar	Entry	False	simple	any	BodyBelowAtrFraction	Primitive: bar 0 has a small range relative to recent bars.
T07-05	trends	reference/brooks/mined/trends/07_outside_bars.json	InsideBar	Entry	False	trivial	any	InsideBar	Primitive: bar 0 is inside the prior bar (Brooks allows one extreme to be equal).
T07-06	trends	reference/brooks/mined/trends/07_outside_bars.json	Ema20	Entry	False	moderate	any	CloseAboveAverage	Primitive: the 20-bar exponential moving average of closes; 'above the EMA' = close[0] > ema[0].
T07-07	trends	reference/brooks/mined/trends/07_outside_bars.json	TradingRangeContext	Entry	True	research	any	AdxBelowThreshold	Primitive context filter: the market is in a trading range, approximated as the last N bars each overlapping the prior bar by at least a fraction of their range
T07-08	trends	reference/brooks/mined/trends/07_outside_bars.json	StrongTrendContext	Entry	True	research	any	MomentumConsecutiveBars	Primitive context filter: the market is in a strong bull trend, approximated as every one of the last N bars closing above the EMA and close above the close N b
T07-09	trends	reference/brooks/mined/trends/07_outside_bars.json	OutsideBarBreakoutEitherWay	Entry	False	trivial	any	CloseAbovePriorHigh	The prior bar is an outside bar and this bar closes above its high: enter long at the next open (the traditional bracket entry). Brooks says this is usually unw
T07-10	trends	reference/brooks/mined/trends/07_outside_bars.json	LargeOutsideBarBreakoutFilter	Entry	True	simple	any		Block an entry whose signal bar is an outside bar with a range larger than a multiple of the recent average range (the protective stop would be too far away).
T07-11	trends	reference/brooks/mined/trends/07_outside_bars.json	MoneyStopWhenSignalBarIsOutside	Exit	False	moderate	any	StopLoss	Fixed-dollar (or fixed-points) protective stop used instead of the structural stop beyond the outside bar when the bar was large.
T07-12	trends	reference/brooks/mined/trends/07_outside_bars.json	OutsideBarAsEntryBarAfterGoodSignalBar	Entry	False	trivial	any		The prior bar was a bull reversal bar (a decent signal bar) and this bar went below it and then closed back above its high, making it an outside up bar: the buy
T07-13	trends	reference/brooks/mined/trends/07_outside_bars.json	NoReversalEntryOnOutsideBarWithoutSignalBar	Entry	True	trivial	any		Block a long whose entry bar is an outside bar unless the bar before it was a bull reversal bar.
T07-14	trends	reference/brooks/mined/trends/07_outside_bars.json	OutsideBarSecondEntryAfterChannelOvershoot	Entry	False	hard	any		After the market sells off below a swing low for the second time and reverses up from a trend channel line overshoot, an outside up bar that takes out the prior
T07-15	trends	reference/brooks/mined/trends/07_outside_bars.json	OutsideBarInMiddleOfRangeFilter	Entry	True	simple	any		Block any entry signaled by an outside bar whose midpoint sits in the middle band of the recent N-bar high-low range (i.e., neither at the top nor the bottom of
T07-16	trends	reference/brooks/mined/trends/07_outside_bars.json	SmallBarNearExtremeOfOutsideBarFade	Entry	False	trivial	any		The prior bar was an outside bar and this bar is a small bar sitting near the outside bar's LOW: buy above the small bar, expecting a move toward the opposite e
T07-17	trends	reference/brooks/mined/trends/07_outside_bars.json	FailedBreakoutOfOutsideBarFade	Entry	False	moderate	any		An outside bar formed within the last K bars; some bar since then closed below its low (downside breakout) and this bar closes back above that low: buy the fail
T07-18	trends	reference/brooks/mined/trends/07_outside_bars.json	BreakoutPullbackAfterFailedFailure	Entry	False	hard	any		A breakout of an outside bar failed (T07-17 fired) and that failure itself failed (price closed back beyond the outside bar's extreme): enter in the original br
T07-19	trends	reference/brooks/mined/trends/07_outside_bars.json	IoiPattern	Entry	False	trivial	any	InsideBar	Inside bar, then an outside bar, then an inside bar (bars 3,2,1); this bar closes above the high of the second inside bar: enter long at the next open. Breakout
T07-20	trends	reference/brooks/mined/trends/07_outside_bars.json	IoiAtNewExtremeWithReversalBodyInsideBar	Entry	False	simple	any		Long side: the ioi's outside bar made a new N-bar low and the second inside bar is a bull bar closing near its high; buy the upside breakout of that inside bar.
T07-21	trends	reference/brooks/mined/trends/07_outside_bars.json	IoiLargeOrCentredInsideBarFilter	Entry	True	trivial	any		Skip the ioi breakout when the second inside bar is large relative to the outside bar or its midpoint sits near the middle of the outside bar (barbwire).
T07-22	trends	reference/brooks/mined/trends/07_outside_bars.json	WithTrendOutsideBarInFirstLegOfReversal	Entry	False	hard	any		After a strong bear trend has reversed up, a bar that first trades below the prior bar's low (a higher low) and then closes above the prior bar's high as an out
T07-23	trends	reference/brooks/mined/trends/07_outside_bars.json	BuyBelowPriorLowDuringReversal	Entry	False	research	any		During a reversal up after a strong bear trend, the bar trading below the prior bar's low is a buy (aggressive limit-order style entry, mechanized as: bar dippe
T07-24	trends	reference/brooks/mined/trends/07_outside_bars.json	OutsideBarInTrendOnlyWithTrendBreakout	Entry	True	moderate	any		When the prior bar is an outside bar and the market is in a strong trend, allow only the with-trend breakout: long side passes only if in a bull trend (blocks a
T07-25	trends	reference/brooks/mined/trends/07_outside_bars.json	OutsideBarBreakoutBarIsStrongTrendBar	Entry	False	trivial	any		The bar before last was an outside bar; the last bar broke out above it and closed as a strong bull trend bar; enter long above that breakout bar (signal bar = 
T07-26	trends	reference/brooks/mined/trends/07_outside_bars.json	FailedIoiBreakoutFade	Entry	False	moderate	any		Long side: an ioi (bars 4,3,2) broke out downward on bar 1, which was a small bar near the bottom of the ioi range; this bar closes back above bar 1's high: buy
T07-27	trends	reference/brooks/mined/trends/07_outside_bars.json	StrongestOfRecentBullTrendBars	Entry	False	simple	any	TailBarCountDominance	At least K of the last N bars are bull trend bars, and the current one is the strongest of them (largest range, smallest tail fraction): buy above it (bulls gai
T07-28	trends	reference/brooks/mined/trends/07_outside_bars.json	OutsideOutsidePatternFilter	Entry	True	trivial	any		Two consecutive outside bars (oo): treat as a trading range and block breakout entries off either bar.
T07-29	trends	reference/brooks/mined/trends/07_outside_bars.json	LargeTailedRangeBreakoutFilter	Entry	True	simple	any		Block breakout entries when, over the last N bars, at least K bars are both large (range >= average) and tailed (body is a small fraction of range).
T07-30	trends	reference/brooks/mined/trends/07_outside_bars.json	OutsideBarReversalAtNewExtremeStrongClose	Entry	False	simple	any		Long side: this bar is an outside bar that made a new N-bar low and closed near its high (a strong bull reversal): buy above it.
T07-31	trends	reference/brooks/mined/trends/07_outside_bars.json	LongLegOnTradingRangeDayFade	Entry	True	research	intraday-only		On a trading range day, when the current leg has lasted more than N bars (e.g., N consecutive bars without a lower low being taken out), allow countertrend (fad
T07-32	trends	reference/brooks/mined/trends/07_outside_bars.json	BarbwireBreakoutFade	Entry	False	research	any		After a barbwire pattern (tight trading range of several overlapping bars), a bar closes below its low (downside breakout) and a later bar closes back inside th
T07-33	trends	reference/brooks/mined/trends/07_outside_bars.json	EarlyReversalsMarkTradingRangeDay	Entry	True	research	intraday-only		If the first N bars of the session contain at least K reversals (alternating trend bars) and mostly tailed bars, classify the day as a trading range day: scalp,
T07-34	trends	reference/brooks/mined/trends/07_outside_bars.json	OutsideBullBarTwoBarReversal	Entry	False	trivial	any		The prior bar closed down and this bar is an outside bar with a bull body (two-bar reversal where the second bar engulfs the first): buy above it.
T07-35	trends	reference/brooks/mined/trends/07_outside_bars.json	OutsideBarBuyAboveEarlierBullBarHigh	Entry	False	trivial	any	CloseAbovePriorHighestHigh	An outside up bar is forming after a pullback and a bull trend bar occurred within the last K bars: enter only once the close exceeds the highest high of the la
T07-36	trends	reference/brooks/mined/trends/07_outside_bars.json	OutsideUpBarStrongCloseThenBreakout	Entry	False	trivial	any		The prior bar was an outside bar that closed near its high and above the bar before it; this bar closes above the outside bar's high: enter long.
T07-37	trends	reference/brooks/mined/trends/07_outside_bars.json	OutsideBarAfterMajorityBodiesOneWay	Entry	False	simple	any	ConsecutiveUpBars	Long side: this bar is an outside bar closing on its high and at least K of the prior N bars had bull bodies: buy below... i.e., buy above it (with-trend outsid
T07-38	trends	reference/brooks/mined/trends/07_outside_bars.json	RecentBullTrendBarStrengthFilter	Entry	True	simple	any		Permit a long pullback entry only if a strong bull trend bar (large body, range at least average) occurred within the last K bars.
T07-39	trends	reference/brooks/mined/trends/07_outside_bars.json	MajorityOppositeBodiesBlockEntry	Entry	True	simple	any	ConsecutiveUpBars	Block a long when at least K of the prior N bars closed down (the pullback is really a trend against you).
T07-40	trends	reference/brooks/mined/trends/07_outside_bars.json	MovingAverageGapBarBuy	Entry	False	moderate	any		In a strong bull trend the prior bar is entirely below the EMA (its high is below the EMA, leaving a gap); this bar closes above the gap bar's high: buy. Brooks
T07-41	trends	reference/brooks/mined/trends/07_outside_bars.json	TargetPriorTrendHighAfterGapBar	Exit	False	moderate	any		After a moving-average-gap-bar long, take profit when the bar's high reaches the highest high of the N bars before entry (the test of the trend high).
T07-42	trends	reference/brooks/mined/trends/07_outside_bars.json	ClimacticTrendBarNewExtremeThenOppositeInsideBar	Entry	False	simple	any		Long side: the prior bar was a large bear trend bar making a new N-bar low (sell climax) and this bar is an inside bar with a bull body: buy above the inside ba
T07-43	trends	reference/brooks/mined/trends/07_outside_bars.json	OutsideBarReversalAgainstSignalBar	Entry	False	trivial	any		Long side: the prior bar was a bear reversal bar (a short signal bar) and this bar traded below... i.e., beyond it in the short direction and then closed above 
T07-44	trends	reference/brooks/mined/trends/07_outside_bars.json	CountertrendSignalBarSmallerThanTrendBodiesFilter	Entry	True	simple	any		Block a countertrend entry when the signal bar's body is smaller than a fraction of the average body of the trend bars over the last N bars (the reversal is wea
T07-45	trends	reference/brooks/mined/trends/07_outside_bars.json	FirstPullbackAfterSpikeWithTrend	Entry	False	moderate	any		Long side: after at least N consecutive bull trend bars (a spike), the first bar whose low is below the prior bar's low is the first pullback; when a later bar 
T07-46	trends	reference/brooks/mined/trends/07_outside_bars.json	TwoLeggedPullbackToEma	Entry	False	hard	any		In a bull trend a two-legged pullback (a high 2) reaches the EMA; buy above the high 2 signal bar.
T07-47	trends	reference/brooks/mined/trends/07_outside_bars.json	DoubleBottomPullbackLong	Entry	False	hard	any		Two swing lows at nearly the same price (double bottom), a rally, then a pullback holding above the double bottom (higher low): buy above the higher-low signal 
T08-01	trends	reference/brooks/mined/trends/08_the_importance_of_the_close_of_the_bar.json	WeakFollowThroughScalpExit	Exit	False	moderate	any		The chapter's one genuinely bar-level, position-management idea: how strongly the entry bar and the bar right after it close (in the trade's direction) should g
T09-01	trends	reference/brooks/mined/trends/09_exchange_traded_funds_and_inverse_charts.json	TripleWitchingDayGapIgnore	Entry	True	moderate	intraday-only	DayOfWeekEntry	Calendar filter: the bar's date is NOT the third Friday of March, June, September or December (triple witching). Intended as a gate on gap-based entries, which 
T10-01	trends	reference/brooks/mined/trends/10_second_entries.json	BullTrendBar	Entry	False	trivial	any	BodyBelowAtrFraction	Shared primitive: the current bar is a bull trend bar — it closed up and its body is at least a fraction of its high-low range.
T10-02	trends	reference/brooks/mined/trends/10_second_entries.json	BullReversalBar	Entry	False	trivial	any	CloseRangePosition	Shared primitive: a bull reversal bar — it traded below the prior bar's low, closed up, and closed in the upper part of its range (tail at the bottom).
T10-03	trends	reference/brooks/mined/trends/10_second_entries.json	SecondReversalSignal	Entry	False	moderate	any		The current bar is a bull reversal bar AND there was an earlier bull reversal bar within the last N bars with at least one non-signal bar between them (the tren
T10-04	trends	reference/brooks/mined/trends/10_second_entries.json	SecondEntryNotAtBetterPrice	Entry	True	moderate	any		Gate on T10-03: the second signal bar's entry price (its high) is at or above the first signal bar's high. A second entry offered at a lower price is skipped ('
T10-05	trends	reference/brooks/mined/trends/10_second_entries.json	ConsecutiveTrendBarsBlockCountertrend	Entry	True	simple	any	ConsecutiveUpBars	Countertrend gate, written for a LONG (countertrend) entry: fewer than N of the last N bars were bear trend bars. Equivalently, do not buy the first reversal af
T10-06	trends	reference/brooks/mined/trends/10_second_entries.json	LargeTrendBarsBlockCountertrend	Entry	True	simple	any	BarRangeAboveStd	Countertrend gate for a LONG entry: fewer than K of the last N bars were bear trend bars with range above a multiple of ATR.
T10-07	trends	reference/brooks/mined/trends/10_second_entries.json	CountertrendNeedsPriorPush	Entry	True	simple	any	LaggedHigherHigh	Gate for a countertrend LONG: within the last N bars, at least one bar's high exceeded the previous bar's high by more than K ticks.
T10-08	trends	reference/brooks/mined/trends/10_second_entries.json	MicroDoubleBottom	Entry	False	trivial	any		Two lows within a small tolerance of each other separated by one bar, the second closing up: |low[0] - low[2]| within K ticks, low[1] above both, and close[0] >
T10-09	trends	reference/brooks/mined/trends/10_second_entries.json	NoBullCloseForNBarsWaitForSecond	Entry	True	simple	any	ConsecutiveUpBars	Gate for a first-entry LONG: at least one of the last N bars closed above its open. When none did, the first long signal is skipped (only a second entry, T10-03
T10-10	trends	reference/brooks/mined/trends/10_second_entries.json	HigherLowsSeriesBlocksShort	Entry	True	simple	any	LaggedHigherHigh	Gate for a countertrend LONG (mirror of Brooks's short example): fewer than M of the last N bars made a lower high than the bar before it. A run of lower highs 
T10-11	trends	reference/brooks/mined/trends/10_second_entries.json	DojiBar	Entry	False	trivial	any	BodyBelowAtrFraction	Shared primitive: the bar's body is at most a small fraction of its range.
T10-12	trends	reference/brooks/mined/trends/10_second_entries.json	DojiAfterBigTrendBarReversal	Entry	False	simple	any		LONG form (mirror of the book's short): the previous bar was a big bear trend bar (range above K x ATR) and the current bar is a doji — a possible sell climax a
T10-13	trends	reference/brooks/mined/trends/10_second_entries.json	BuyClimaxBigBarAfterRun	Exit	False	simple	any		Exit the long when the current bar is a bull trend bar with range above K x ATR and at least M of the last N bars were bull trend bars (buy climax).
T10-14	trends	reference/brooks/mined/trends/10_second_entries.json	NoLongsAfterBuyClimaxForNBars	Entry	True	moderate	any		Gate on LONG entries: no buy climax (T10-13's condition) occurred within the last P bars.
T10-15	trends	reference/brooks/mined/trends/10_second_entries.json	ScalpExitAtEmaTest	Exit	False	moderate	any		Exit the long (mirror of the book's short scalp) once the bar's high reaches the N-bar EMA — the moving average is the minimum target of a countertrend scalp.
T10-16	trends	reference/brooks/mined/trends/10_second_entries.json	ThreeConsecutiveSellClimaxesBuy	Entry	False	hard	any		Three separate bear spikes (each a run of at least S consecutive bear trend bars, separated by at least one non-bear-trend bar) within the last N bars, followed
T10-17	trends	reference/brooks/mined/trends/10_second_entries.json	IiPattern	Entry	False	trivial	any	InsideBar	Shared primitive: two consecutive inside bars (bar[0] inside bar[1], bar[1] inside bar[2]).
T10-18	trends	reference/brooks/mined/trends/10_second_entries.json	IiFinalFlagAfterBearRunBuy	Entry	False	simple	any		An ii pattern forming after a bear run (at least M bear trend bars in the last N bars) is a possible final flag; buy when the bar after the ii closes above the 
T10-19	trends	reference/brooks/mined/trends/10_second_entries.json	DipBelowPriorBarInStrongBullBuy	Entry	False	simple	any		In a strong bull context (a run of higher lows), buy when the current bar dips below the prior bar's low — the limit-order pullback buy — entering at the next o
T10-20	trends	reference/brooks/mined/trends/10_second_entries.json	FailedBreakoutAtEma	Entry	False	moderate	any	CloseAboveAverage	LONG form (mirror): in a bull context (close above the EMA for the last N bars) the bar dips through the EMA (low below it) but closes back above it — a failed 
T10-21	trends	reference/brooks/mined/trends/10_second_entries.json	FailedBreakoutOfPriorDayLow	Entry	False	moderate	intraday-only		Intraday: the bar's low breaks below the prior session's low but the bar closes back above it — a failed breakout. Buy at the next open.
T10-22	trends	reference/brooks/mined/trends/10_second_entries.json	FailedTestOfPriorSwingExtreme	Entry	False	hard	any		LONG form (mirror): the bar's low comes within tolerance of the most recent swing low but does not break it, and the bar closes up — a double bottom / failed te
T10-23	trends	reference/brooks/mined/trends/10_second_entries.json	High2Setup	Entry	False	hard	any		Shared primitive (counting setup): within a pullback in a bull trend, a high 1 is the first bar whose high exceeds the prior bar's high; after that fails to res
T10-24	trends	reference/brooks/mined/trends/10_second_entries.json	TakeProfitAtPriorSwingHighTest	Exit	False	hard	any		Exit the long when the bar's high reaches within tolerance of the most recent prior swing high (the potential double top).
T11-01	trends	reference/brooks/mined/trends/11_late_and_missed_entries.json	BullTrendBar	Entry	False	trivial	any	CloseRangePosition	Shared primitive: the current bar is a bull trend bar, closing up with a body that is at least a fraction of its range.
T11-02	trends	reference/brooks/mined/trends/11_late_and_missed_entries.json	ConsecutiveBullTrendBarRun	Entry	True	simple	any	ConsecutiveUpBars	Context filter: at least minRunBars of the last minRunBars bars are bull trend bars (T11-01).
T11-03	trends	reference/brooks/mined/trends/11_late_and_missed_entries.json	NotClimacticBarSize	Entry	True	simple	any	BarRangeAboveStd (negated)	Filter: the most recent bar's range does not exceed a climactic multiple of ATR, so a late entry does not buy an exhaustion bar.
T11-04	trends	reference/brooks/mined/trends/11_late_and_missed_entries.json	LateMarketEntryAfterTrendRun	Entry	False	simple	any		When a run of consecutive, non-climactic bull trend bars has formed (a clear always-in-like move), enter long even without an original position, mechanized as e
T11-05	trends	reference/brooks/mined/trends/11_late_and_missed_entries.json	TwoBarReversal	Entry	False	trivial	any		Shared primitive: a strong trend bar in one direction immediately followed by a strong trend bar in the opposite direction that closes back beyond the first bar
T11-06	trends	reference/brooks/mined/trends/11_late_and_missed_entries.json	InsideBarSignalAfterTwoBarReversal	Entry	False	simple	any	InsideBar, CloseAbovePriorHigh	After a two-bar reversal (T11-05), an inside bar is a good with-trend signal bar; buy when a later bar closes above the inside bar's high.
T11-07	trends	reference/brooks/mined/trends/11_late_and_missed_entries.json	TrailStopToLastAddOnSignalBar	Exit	False	moderate	any	TrailingStop (dollar-based analogue)	Exit: once an add-on has been made above a new with-trend signal bar, ratchet the stop up to just below that bar's low, never lower than the previous stop level
T12-01	trends	reference/brooks/mined/trends/12_pattern_evolution.json	FailedSignalReversalEntry	Entry	False	research	any		Meta-rule: any entry signal that fails to reach a scalper's profit within a bounded number of bars, followed by price breaking beyond that signal bar's opposite
T12-02	trends	reference/brooks/mined/trends/12_pattern_evolution.json	IgnoreStaleFailedSignal	Entry	True	moderate	any		Caps T12-01: only treat a new signal as a failure-reversal of a prior one if it triggers within maxBarsAfterFailure bars of the failure; beyond that, evaluate i
T12-03	trends	reference/brooks/mined/trends/12_pattern_evolution.json	LargeGapOpenFavorsTrendDay	Entry	True	simple	intraday-only		Intraday filter: when the session's opening gap (open minus the prior session's close) exceeds a multiple of ATR, bias toward with-trend entries and treat the d
T12-04	trends	reference/brooks/mined/trends/12_pattern_evolution.json	OpposingSpikesPredictTradingRange	Entry	True	hard	any		Filter: when two or more opposing-direction spikes (runs of spikeBars consecutive trend bars) have alternated within the last windowBars, treat the market as en
T12-05	trends	reference/brooks/mined/trends/12_pattern_evolution.json	FirstHourDoubleTopToDoubleBottomBothEntries	Entry	False	research	intraday-only		Intraday: within the first hour, take the short below a double top and, if it fails, the long above the subsequent double bottom formed near the same swing low(
TP2-01	trends	reference/brooks/mined/trends/13-part_ii_trend_lines_and_channels.json	TrendLine	Entry	False	hard	any		Foundational primitive: a trend line is the straight line through two confirmed pivot lows (bull) / highs (bear) that contains the price action on its side, pro
TP2-02	trends	reference/brooks/mined/trends/13-part_ii_trend_lines_and_channels.json	TrendChannelLine	Entry	False	hard	any		Primitive: the trend channel line is a parallel of the trend line anchored at the pivot on the opposite side that lies between the trend line's two anchors. cha
TP2-03	trends	reference/brooks/mined/trends/13-part_ii_trend_lines_and_channels.json	HorizontalSupportResistanceLine	Entry	False	simple	any	AtrBandBreakout, HighestHighBreakout	Special case of TP2-01/02 with zero slope: resistance = highest high over the range window, support = lowest low over the same window.
TP2-04	trends	reference/brooks/mined/trends/13-part_ii_trend_lines_and_channels.json	ChannelShapeClassification	Entry	True	hard	any		Classify the channel by comparing its width (channel line minus trend line) now versus k bars ago: narrowing width flags a wedge/triangle context (favors a reve
TP2-05	trends	reference/brooks/mined/trends/13-part_ii_trend_lines_and_channels.json	OpeningRangeBreakoutBothSides	Entry	False	simple	intraday-only	Breakout, HighestHighBreakout	Intraday: after the first orBars bars of the session (the opening range), buy on a close above its high / sell on a close below its low, entering at the next op
TP2-06	trends	reference/brooks/mined/trends/13-part_ii_trend_lines_and_channels.json	ExpandingTriangleHeightTarget	Exit	False	moderate	any	AtrProfitTarget	Profit target after a range/triangle breakout: exit when price has travelled the height of the pattern (captured at the breakout) beyond the breakout level.
T13-01	trends	reference/brooks/mined/trends/13_trend_lines.json	SwingPivot	Entry	False	hard	any		Primitive: a swing low is a bar whose low is below the lows of the pivotStrength bars on each side; a swing high is the mirror. Confirmed pivotStrength bars aft
T13-02	trends	reference/brooks/mined/trends/13_trend_lines.json	BullTrendLine	Entry	False	hard	any		The bull trend line is the straight line through the two most recent confirmed swing lows (second higher than first), projected to the current bar; the bear tre
T13-03	trends	reference/brooks/mined/trends/13_trend_lines.json	BuyAtBullTrendLineTouch	Entry	False	hard	any		In a bull trend, a bar dips to (or within tolerance of) the projected bull trend line and closes back above it; buy at the next open.
T13-04	trends	reference/brooks/mined/trends/13_trend_lines.json	TrendLineTestExtremeAfterBreak	Entry	True	research	any		After a mature trend line (in effect at least matureBars bars) breaks, bias entries toward expecting one more test of the trend's extreme (highest high of the t
T13-05	trends	reference/brooks/mined/trends/13_trend_lines.json	TrendLineBreakStrengthPredictsReversal	Entry	True	research	any		The size/speed of the bar(s) breaking the trend line, relative to ATR, gates how much weight to give a subsequent reversal read; a small/slow break favors trend
T13-06	trends	reference/brooks/mined/trends/13_trend_lines.json	GapOrLargeTrendBarIsOneBarTrend	Entry	False	simple	any	BarRangeAboveStd	Primitive: a session gap-open, or any single bar whose range exceeds a multiple of ATR, is treated as its own miniature one-bar trend, whose 'trend line' is sim
T13-07	trends	reference/brooks/mined/trends/13_trend_lines.json	FadeSidewaysBreakOfOneBarTrend	Entry	False	moderate	any		After a one-bar trend (T13-06), sideways bars that close through its extreme (a break of the one-bar trend line) followed by a reversal-quality signal bar set u
T13-08	trends	reference/brooks/mined/trends/13_trend_lines.json	RepeatedTrendLineTestsPrecedeBreakOrAccelerate	Entry	True	hard	any		Context: count how many times price has touched (within tolerance) the projected trend line within the last windowBars; a high touch count flags an imminent bre
T13-09	trends	reference/brooks/mined/trends/13_trend_lines.json	EachSuccessiveTrendLineFlatter	Entry	True	research	any		Track the slope of successive redrawn trend lines (each anchored at the newest pivot after a break); a monotonically flattening slope sequence signals a maturin
T13-10	trends	reference/brooks/mined/trends/13_trend_lines.json	SecondAttemptToReverseTrendLineBreakout	Entry	False	hard	any		A second failed attempt to hold beyond a trend/channel line, after an initial failed attempt, is a higher-probability countertrend entry than the first attempt 
T13-11	trends	reference/brooks/mined/trends/13_trend_lines.json	DuelingLinesConfluence	Entry	True	research	any		Confluence filter: a signal bar is stronger when a smaller, locally drawn trend/channel line (e.g., of the current pullback) intersects the larger channel's tre
T13-12	trends	reference/brooks/mined/trends/13_trend_lines.json	BestFitLineOnBodiesIgnoringTails	Entry	False	research	any		Variant trend-line construction: fit the line through the bodies of the anchor bars (min(open,close) for a bull line, max(open,close) for a bear line) instead o
T13-13	trends	reference/brooks/mined/trends/13_trend_lines.json	LargeOverlapSignalsTradingRange	Entry	True	simple	any		When consecutive large bars overlap heavily (their ranges mostly coincide), treat the market as two-sided/trading-range rather than trending, and discount trend
T13-14	trends	reference/brooks/mined/trends/13_trend_lines.json	SessionMoveNearAverageDailyRangeExhaustion	Entry	True	moderate	intraday-only		Intraday filter: once the session's move from the open reaches close to the recent average daily range (from daily bars), treat further movement as exhausted an
T14-01	trends	reference/brooks/mined/trends/14_trend_channel_lines.json	SwingPivot	Entry	False	hard	any		Primitive: a swing low is a bar whose low is below the lows of the pivotStrength bars on each side; a swing high is the mirror. Confirmed pivotStrength bars aft
T14-02	trends	reference/brooks/mined/trends/14_trend_channel_lines.json	TrendLine	Entry	False	hard	any		The trend line through the two most recent confirmed swing lows (bull) / highs (bear), projected to the current bar.
T14-03	trends	reference/brooks/mined/trends/14_trend_channel_lines.json	TrendChannelLineParallelOfTrendLine	Entry	False	hard	any		The trend channel line is a parallel of the trend line, anchored at the pivot on the opposite side that lies between the trend line's two anchors (so the parall
T14-04	trends	reference/brooks/mined/trends/14_trend_channel_lines.json	ChannelLineOvershootReversal	Entry	False	hard	any		Fade at the channel line: the bar's high pokes above the projected bull trend channel line and the bar closes back below it with a bear-reversal quality close; 
T14-05	trends	reference/brooks/mined/trends/14_trend_channel_lines.json	SecondPenetrationPreferredForFade	Entry	True	moderate	any		Prefer the channel-line fade (T14-04) on the second time within lookback bars that the line has been penetrated, rather than the first.
T14-06	trends	reference/brooks/mined/trends/14_trend_channel_lines.json	SlopingChannelIsOppositeFlag	Entry	True	hard	any		Classification: an up-sloping channel is treated as a bear flag (bias toward an eventual downside breakout filter); a down-sloping channel is a bull flag (bias 
T14-07	trends	reference/brooks/mined/trends/14_trend_channel_lines.json	FailedBreakoutOfFallingChannelWithinNBars	Entry	False	hard	any		In a falling (bull-flag) channel, a recent close below its trend line within the last failWindowBars followed by a close back above it is a failed-breakout buy;
T14-08	trends	reference/brooks/mined/trends/14_trend_channel_lines.json	WedgeBySlopeComparison	Entry	True	hard	any		A rising channel is a wedge (favoring a reversal read) when the trend line's slope exceeds the trend channel line's slope by more than wedgeSlopeMultiple, provi
T14-09	trends	reference/brooks/mined/trends/14_trend_channel_lines.json	TwoLegPullbackAfterWedgeReversal	Entry	True	research	any		After a wedge-top reversal (T14-08 fading), require at least a two-legged pullback (two separate down-legs with an intervening bounce) before treating the corre
T14-10	trends	reference/brooks/mined/trends/14_trend_channel_lines.json	RedrawSteeperTrendLineOnSecondPullback	Entry	True	research	any		After a second pullback forms, replace the parallel-derived trend line with one drawn directly through the two pullback lows, and compare the market's progress 
T14-11	trends	reference/brooks/mined/trends/14_trend_channel_lines.json	FinalFlagSlopePredictsNewTrendSlope	Exit	False	research	any		The slope of the trend/channel line through a trend's final flag can be used as an initial estimate of the slope of the new, opposite-direction trend after a re
T14-12	trends	reference/brooks/mined/trends/14_trend_channel_lines.json	AnchorSpikeExclusionForChannelLine	Entry	True	research	any		Design decision: when selecting the anchor pivot for a trend channel line, exclude an outlier spike bar unless subsequent price action starts respecting the wid
T15-01	trends	reference/brooks/mined/trends/15_channels.json	BullTrendBar	Entry	False	trivial	any	CloseRangePosition	Primitive: the current bar is a bull trend bar, closing up with a body that is at least fraction F of its range. Reused by the channel-top climax, breakout-stre
T15-02	trends	reference/brooks/mined/trends/15_channels.json	DojiBar	Entry	False	trivial	any	BodyBelowAtrFraction	Primitive: the current bar is a doji, its body no larger than fraction F of its range. Used as a weak-signal-bar test (do not take the setup) and as a two-sided
T15-03	trends	reference/brooks/mined/trends/15_channels.json	MovingAverage20Ema	Entry	False	moderate	any	CloseAboveAverage	Primitive: Brooks's 'moving average' is the 20-bar EMA of closes. Defined once here as a named value ma = ema(close, maLength) that other candidates reference.
T15-04	trends	reference/brooks/mined/trends/15_channels.json	SwingHighPivot	Entry	False	hard	any		Primitive: a swing high is a bar whose high exceeds the highs of the pivotStrength bars on each side; it is confirmed pivotStrength bars after it prints. swingH
T15-05	trends	reference/brooks/mined/trends/15_channels.json	SwingLowPivot	Entry	False	hard	any		Primitive: mirror of T15-04. swingLow(k) returns the k-th most recent confirmed swing low.
T15-06	trends	reference/brooks/mined/trends/15_channels.json	BullTrendLineFromTwoSwingLows	Entry	False	hard	any		Primitive: the bull trend line is the straight line through the two most recent confirmed swing lows (second higher than first), projected to the current bar. t
T15-07	trends	reference/brooks/mined/trends/15_channels.json	BullTrendChannelLineParallel	Entry	False	hard	any		Primitive: the trend channel line is a parallel of the bull trend line anchored at the swing high that lies between the two anchoring swing lows. channelLine[0]
T15-08	trends	reference/brooks/mined/trends/15_channels.json	BullChannelConfirmedByTwoLegs	Entry	True	research	any		Context filter: a bull channel exists once there are two higher swing lows separated by a higher swing high, and the second leg down is comparable in size to th
T15-09	trends	reference/brooks/mined/trends/15_channels.json	AlwaysInLong	Entry	True	research	any	CloseAboveAverage	Context filter: the market is always-in long. Proxy: close above the EMA and the EMA rising, or a recent strong bull spike (>= spikeBars consecutive bull trend 
T15-10	trends	reference/brooks/mined/trends/15_channels.json	TightChannelSmallPullbacks	Entry	True	simple	any		Context filter: over the last windowBars the market made net progress of at least netAtr x ATR while the largest pullback from the running high was at most pull
T15-11	trends	reference/brooks/mined/trends/15_channels.json	BroadSwingChannelTwoSided	Entry	True	simple	any		Context filter: within the last windowBars there was at least one countertrend swing lasting >= swingBars consecutive bars (for a bull channel, a run of swingBa
T15-12	trends	reference/brooks/mined/trends/15_channels.json	ChannelSlopeSteep	Entry	True	simple	any		Context filter: the slope of the linear regression of closes over slopeBars, in ATR per bar, is at least minSlopeAtr. Steep means with-trend only; below the thr
T15-13	trends	reference/brooks/mined/trends/15_channels.json	BuyAtBullTrendLineTouch	Entry	False	hard	any		In a bull channel, the bar dips to (or within tolerance of) the projected bull trend line and closes back above it; buy at the next open.
T15-14	trends	reference/brooks/mined/trends/15_channels.json	ExitLongAtTrendChannelLine	Exit	False	hard	any		Exit the long when the bar's high reaches the projected trend channel line (the top of the bull channel).
T15-15	trends	reference/brooks/mined/trends/15_channels.json	ChannelLineOvershootReversal	Entry	False	hard	any		Countertrend fade at the channel line. Long side (bear channel): the bar's low pokes below the projected bear trend channel line and the bar closes as a bull tr
T15-16	trends	reference/brooks/mined/trends/15_channels.json	ThreePushesInChannel	Entry	True	hard	any		Context filter for channel reversals: at least pushCount consecutive higher swing highs have formed since the channel began. Enables countertrend fades and chan
T15-17	trends	reference/brooks/mined/trends/15_channels.json	ClimacticTrendBarAtChannelLine	Entry	False	hard	any		Vacuum test of the channel line: a large bull trend bar whose high reaches the trend channel line is a short (long side: a large bear trend bar whose low reache
T15-18	trends	reference/brooks/mined/trends/15_channels.json	BuyBelowPriorBarLowInBullChannel	Entry	False	trivial	any	CloseNearPriorLow	In a bull channel (always-in long), the current bar trades below the prior bar's low by at least dipTicks; buy at the next open. This is the mechanical form of 
T15-19	trends	reference/brooks/mined/trends/15_channels.json	High2Setup	Entry	False	moderate	any		Primitive: a high 2 is the second time within a pullback that a bar's high exceeds the prior bar's high, with the two attempts separated by at least one bar tha
T15-20	trends	reference/brooks/mined/trends/15_channels.json	MovingAverageTouch	Entry	False	moderate	any		The bar's low touches or penetrates the EMA (within tolTicks) while the close holds above it; buy at the next open. p275 (no-space page): some bulls used a limi
T15-21	trends	reference/brooks/mined/trends/15_channels.json	High2AtMovingAverageWithBullSignalBar	Entry	False	hard	any		Composite: in a bull channel, a high 2 whose signal bar is a bull bar touching the EMA, with the entry far enough below the channel line. Brooks's 'perfect' beg
T15-22	trends	reference/brooks/mined/trends/15_channels.json	EntryNotNearChannelTop	Entry	True	hard	any		Filter for with-trend entries: the would-be entry price (next open, approximated by close[0]) is at least minRoomFraction of the channel height below the channe
T15-23	trends	reference/brooks/mined/trends/15_channels.json	PriceInLowerHalfOfChannel	Entry	True	hard	any	AtrBandBreakout	Filter: the close is in the lower fraction of the channel (below trendLine + fraction x channelHeight). For a horizontal range use the Donchian midline: close <
T15-24	trends	reference/brooks/mined/trends/15_channels.json	NoCountertrendUntilAlwaysInFlips	Entry	True	research	any		Filter for short entries in a bull channel: allowed only after (a) a bear spike of >= spikeBars consecutive bear trend bars closing below the trend line and the
T15-25	trends	reference/brooks/mined/trends/15_channels.json	FixedIntervalPullbackFromRecentHigh	Entry	False	simple	any		In a bull channel, buy when the bar's low is at least pullbackAtr x ATR (or pullbackTicks) below the highest high of the last lookback bars. p273 sizes the inte
T15-26	trends	reference/brooks/mined/trends/15_channels.json	FixedIntervalResumptionAbovePriorLow	Entry	False	simple	any		In a bull channel, buy when the close has risen at least resumeAtr x ATR above the lowest low of the last lookback bars (the channel is resuming).
T15-27	trends	reference/brooks/mined/trends/15_channels.json	BearBodyCountInWindow	Entry	True	simple	any	TailBarCountDominance	Selling-pressure filter in a bull channel: the number of bear-body bars in the last windowBars is at least minCount. Signals building two-sided trading; Brooks 
T15-28	trends	reference/brooks/mined/trends/15_channels.json	LowsBelowPriorLowCountInWindow	Entry	True	simple	any		Selling-pressure filter: the number of bars in the last windowBars whose low is below the prior bar's low is at least minCount.
T15-29	trends	reference/brooks/mined/trends/15_channels.json	UpperTailCountInWindow	Entry	True	simple	any	TailBarCountDominance	Selling-pressure filter: the number of bars in the last windowBars whose upper tail is at least tailFraction of the bar's range is at least minCount.
T15-30	trends	reference/brooks/mined/trends/15_channels.json	CountertrendOnlyEarlyInDay	Entry	True	trivial	intraday-only	TimeWindow	Time filter for countertrend channel entries: the bar's close time is before cutoffTime (two-thirds through the session). After it, only with-trend channel trad
T15-31	trends	reference/brooks/mined/trends/15_channels.json	FailedChannelBreakoutReentry	Entry	False	hard	any		Countertrend entry (also an exit for with-trend longs): within the last breakoutBars a bar closed above the bull channel line, and the current bar closes back i
T15-32	trends	reference/brooks/mined/trends/15_channels.json	ClimaxCooldownBars	Entry	True	moderate	any		Filter blocking new with-trend longs after a buy climax (failed breakout above the channel or a large bull spike): require at least cooldownBars since the clima
T15-33	trends	reference/brooks/mined/trends/15_channels.json	ChannelHeightMeasuredMoveTarget	Exit	False	hard	daily-ok		Profit target after a channel breakout: exit when price has travelled channelHeight (measured at the breakout bar) x multiple beyond the breakout point. Long si
T15-34	trends	reference/brooks/mined/trends/15_channels.json	TradingRangeHeightMeasuredMoveTarget	Exit	False	moderate	daily-ok	AtrProfitTarget	Horizontal special case of T15-33: capture rangeHeight = highest(high, rangeBars) - lowest(low, rangeBars) at entry (which followed a breakout of that range); e
T15-35	trends	reference/brooks/mined/trends/15_channels.json	OppositeChannelLineTargetAfterReentry	Exit	False	hard	any		Target for a position entered on a failed channel breakout (T15-31): exit at the opposite channel line. Long side (entered on a failed downside breakout of a be
T15-36	trends	reference/brooks/mined/trends/15_channels.json	FirstBreakoutOfTightChannelFails	Entry	True	hard	daily-ok		Filter: block countertrend entries on the first breakout against a tight channel (T15-10 true for at least minChannelBars). Count breakouts (bars closing beyond
T15-37	trends	reference/brooks/mined/trends/15_channels.json	TrendBarCountInWindow	Entry	True	simple	any		Reversal-strength filter: at least minCount bull trend bars (body >= bodyFraction of range, range >= largeBarAtrMultiple x ATR) among the last windowBars.
T15-38	trends	reference/brooks/mined/trends/15_channels.json	BreakoutPullbackEntry	Entry	False	hard	any		After an upside breakout (close above the prior swing high / bear trend line within the last maxBarsSinceBreakout), the market pulls back for at least one bar (
T15-39	trends	reference/brooks/mined/trends/15_channels.json	FirstPullbackAboveMovingAverage	Entry	True	moderate	any		Strength filter for a breakout pullback long: the rally crossed above the EMA and the pullback's lowest low (over the last pullbackBars) is still above the EMA.
T15-40	trends	reference/brooks/mined/trends/15_channels.json	FirstPullbackWithinNBarsAfterBreakout	Entry	False	moderate	any		After a breakout bar (close above the highest high of breakoutLookback) with at least raceBars further bars making higher highs, buy the first bar whose low is 
T15-41	trends	reference/brooks/mined/trends/15_channels.json	LowBarOverlapWindow	Entry	True	simple	any		Momentum filter: the average overlap between consecutive bars over the last windowBars, as a fraction of the prior bar's range, is at most maxOverlap. Low overl
T15-42	trends	reference/brooks/mined/trends/15_channels.json	ReversalBarStrongerThanBreakoutBar	Entry	False	simple	any		Failed-breakout fade. Long side: bar[1] is a bear breakout bar (bear trend bar closing below the lowest low of breakoutLookback) and bar[0] is a bull reversal b
T15-43	trends	reference/brooks/mined/trends/15_channels.json	ThirdBarConfirmsFailedBreakout	Entry	False	trivial	any		When breakout bar and reversal bar are about equally strong, wait for the third bar. Long side: bar[2] bear breakout bar, bar[1] bull reversal bar of comparable
T15-44	trends	reference/brooks/mined/trends/15_channels.json	ThirdBarBreakoutPullbackReentry	Entry	False	simple	any		With-trend re-entry after a reversal attempt fails. Long side: bar[3] bull breakout bar, bar[2] bear reversal bar, bar[1] a bull reversal bar (the reversal atte
T15-45	trends	reference/brooks/mined/trends/15_channels.json	CorrectionToChannelStartTarget	Exit	False	hard	any		Target for a short taken at the end of a bull channel: exit when price reaches the channel's starting low (the first swing low of the channel). Long side (short
T15-46	trends	reference/brooks/mined/trends/15_channels.json	FadeTrendBarCloseBeyondSwingHigh	Entry	False	simple	any	CloseAbovePriorHighestHigh	Countertrend scalp in a two-sided channel. Long side: a bear trend bar closes below the lowest low of the prior lookback bars (excluding the current bar); buy a
T15-47	trends	reference/brooks/mined/trends/15_channels.json	StopBelowRecentSwingLow	Exit	False	moderate	any		Protective stop for channel longs: exit when the close falls below the most recent swing low that existed at entry (proxy: lowest(low, stopLookback) captured at
T15-48	trends	reference/brooks/mined/trends/15_channels.json	TwoBarReversalEntryBeyondBothBars	Entry	False	trivial	any		Two-bar reversal entry. Long side: bar[2] is a bear trend bar, bar[1] is a bull trend bar (the two-bar reversal), and bar[0] closes above the higher of the two 
T15-49	trends	reference/brooks/mined/trends/15_channels.json	ScalpProfitTargetTicks	Exit	False	trivial	intraday-only	TakeProfit	Scalp exit: open profit in price reaches scalpTicks x tick size (Emini scalp = 4 ticks / one point). Denominated in ticks, not dollars.
T15-50	trends	reference/brooks/mined/trends/15_channels.json	ExitAtBreakevenAfterAdverseExcursion	Exit	False	moderate	any		Breakeven exit for a scaled-in position: once the open loss has exceeded adverseTicks at some point, exit when price returns to the first entry price. Without p
T15-51	trends	reference/brooks/mined/trends/15_channels.json	ConsecutiveTrendBarsSpike	Entry	True	simple	any	ConsecutiveUpBars	Spike filter: at least spikeBars consecutive bull trend bars ending at bar 0 (or ending within recentBars). Sets the expectation of a test of the spike high aft
T15-52	trends	reference/brooks/mined/trends/15_channels.json	ConsecutiveBearBarsBlockFirstBuy	Entry	True	trivial	any	ConsecutiveUpBars	Filter: do not buy the first reversal attempt when the pullback has had at least minBearBars consecutive bear bars; wait for a two-legged pullback (a high 2, T1
T15-53	trends	reference/brooks/mined/trends/15_channels.json	TrendingHighsLowsCloses	Entry	True	simple	any	EecNewHighConsecutiveHighs	Strength filter: each of the last windowBars has a higher high, higher low and higher close than the bar before it. When true, buying the breakout above the pri
T15-54	trends	reference/brooks/mined/trends/15_channels.json	FailedBreakoutBeyondPriorSwingHigh	Entry	False	simple	any	HighestHighBreakout	Fade of a swing-point breakout in a two-sided channel. Long side (bear channel): the bar's low breaks below the lowest low of the prior lookback bars and the ba
T15-55	trends	reference/brooks/mined/trends/15_channels.json	LastBreakoutTradeWonFilter	Entry	True	moderate	any	LastTradeCooldown	Trend-strength filter from trade history: the most recently closed position was a with-trend breakout entry and it closed profitably. When true, favour further 
T15-56	trends	reference/brooks/mined/trends/15_channels.json	CountertrendChannelIsFlag	Entry	False	hard	any		A channel against the larger trend is a flag. Long side: a bear channel (two lower swing highs with comparable legs) forming while the larger trend is up (close
T15-57	trends	reference/brooks/mined/trends/15_channels.json	ConsecutiveClimaxCount	Entry	True	moderate	daily-ok		Filter: the number of separate bull spikes (runs of >= spikeBars consecutive bull trend bars, separated by at least one non-spike bar) within the last windowBar
T15-58	trends	reference/brooks/mined/trends/15_channels.json	SpikeMeasuredMoveTarget	Exit	False	moderate	any		Profit target after a spike of >= spikeBars consecutive bull trend bars: exit when high[0] >= spikeHigh + multiple x (spikeHigh - spikeOpen), where spikeOpen is
T15-59	trends	reference/brooks/mined/trends/15_channels.json	MovingAverageGapBar	Entry	False	moderate	any		Long side: in a bull trend (close above EMA for most of the last trendBars), a bar forms entirely below the EMA (high[0] < ma): a moving average gap bar. Buy wh
T15-60	trends	reference/brooks/mined/trends/15_channels.json	IIPattern	Entry	False	trivial	any	InsideBar	Primitive: two consecutive inside bars (bar[1] inside bar[2], bar[0] inside bar[1]). The entry is a stop beyond the second inside bar; close-based: the next bar
T15-61	trends	reference/brooks/mined/trends/15_channels.json	LowerHighAfterSelloffShortSetup	Entry	False	hard	any		Countertrend entry only after structure changes. Long side (fading a bear channel): a rally of >= ralliesBars bull bars, then a pullback that forms a higher swi
T15-62	trends	reference/brooks/mined/trends/15_channels.json	FirstHourExtremeFilter	Entry	True	moderate	intraday-only		Intraday context: after the first hour, if the session high was set during the first firstHourBars bars and price is now near it, treat the level as a possible 
T15-63	trends	reference/brooks/mined/trends/15_channels.json	PullbackStaysAboveMovingAverageForLongs	Entry	True	moderate	any		Trend-side filter: the fraction of the last windowBars closing above the EMA is at least minFraction; when true trade the long side only (mirror for shorts).
T16-01	trends	reference/brooks/mined/trends/16_micro_channels.json	MicroChannelBarBull	Entry	False	trivial	any		Shared primitive, the simple-counter mechanization of a micro channel: a bar that does not pull back -- its low is at or above the prior bar's low (no overlap o
T16-02	trends	reference/brooks/mined/trends/16_micro_channels.json	MicroChannelRunLength	Entry	True	simple	any	ConsecutiveUpBars (counts a different per-bar test)	Counter: the number of consecutive bars satisfying T16-01, reset to 0 on the first bar that violates it. A confirmed micro channel exists once the count reaches
T16-03	trends	reference/brooks/mined/trends/16_micro_channels.json	MicroChannelBreakoutBar	Entry	False	trivial	any		The first bar after a confirmed micro channel whose low breaks below the prior bar's low (violating T16-01).
T16-04	trends	reference/brooks/mined/trends/16_micro_channels.json	High1BuyOnFailedMicroChannelBreakout	Entry	False	moderate	any		After a bull micro channel breaks (T16-03), buy when a later bar within maxWaitBars closes above the breakout bar's high -- the failed-breakout / high 1 buy.
T16-05	trends	reference/brooks/mined/trends/16_micro_channels.json	ShallowPullbackBuyDuringMicroChannel	Entry	False	simple	any	CloseNearPriorLow	While a bull micro channel is confirmed, buy when a bar dips below the prior bar's low by no more than dipTicks -- a pullback shallower than the channel's own h
T16-06	trends	reference/brooks/mined/trends/16_micro_channels.json	BuyCloseOfEveryBullBarInMicroChannel	Entry	False	trivial	any		While a bull micro channel is confirmed, buy at the close of every bull bar (aggressive continuous add-on).
T16-07	trends	reference/brooks/mined/trends/16_micro_channels.json	MicroChannelClimaxAge	Entry	True	simple	any		Once MicroChannelRunLength reaches climaxBars, expect an imminent breakout/reversal: favor the with-trend breakout-pullback entry (T16-04) over adding more (T16
T16-08	trends	reference/brooks/mined/trends/16_micro_channels.json	MicroTrendLine	Entry	False	hard	any		A short trend line drawn through two touch points within the last microLineBars bars, reusing the general swing-pivot/line-projection machinery at a short lookb
T16-09	trends	reference/brooks/mined/trends/16_micro_channels.json	FailedBreakoutOfMicroTrendLineEntry	Entry	False	hard	any		Bear form: a bar's high pokes above the projected bear micro trend line; sell when the market closes back below that bar's low. Mirrored for a bull micro trend 
T16-10	trends	reference/brooks/mined/trends/16_micro_channels.json	MajorTrendLineBreakSignalsTwoLeggedPullback	Entry	True	moderate	any		Distinguish a break of a 'major' (longer-duration) trend line from a micro trend line break by its age; a major-line break raises the odds of a genuine two-legg
T16-11	trends	reference/brooks/mined/trends/16_micro_channels.json	TwoSidedDojiCountInWindow	Entry	True	simple	any	BodyBelowAtrFraction	The count of doji bars in the last windowBars is at least minCount -- a sign the market is becoming two-sided; discount fresh trend-line-break countertrend sign
T16-12	trends	reference/brooks/mined/trends/16_micro_channels.json	ExitOnMicroChannelBreakout	Exit	False	trivial	any		Exit a with-trend position opened during a micro channel run once the channel breaks -- take the with-trend profit at the first sign the tight momentum has paus
T16-13	trends	reference/brooks/mined/trends/16_micro_channels.json	MicroChannelSpikeMeasuredMoveTarget	Exit	False	moderate	any	AtrProfitTarget	Treat the micro channel's own height (highest high minus lowest low over its run) as a spike height; target a further move of that height beyond the breakout.
T16-14	trends	reference/brooks/mined/trends/16_micro_channels.json	ReversalContextGatesMicroChannelFade	Entry	True	research	any		Whether a micro-channel breakout should be traded with the micro channel's own direction (T16-04 style) or against it (fading it as a flag in the larger trend) 
T16-15	trends	reference/brooks/mined/trends/16_micro_channels.json	SecondFailureIsHighOddsSecondEntry	Entry	False	hard	any		When a breakout-pullback long (T16-09's long form, itself following a failed breakout) triggers and then fails again within a bar or two, the resulting second f
T17-01	trends	reference/brooks/mined/trends/17_horizontal_lines_swing_points_and_other_key.json	SwingPivot	Entry	False	hard	any		Primitive: a swing low is a bar whose low is below the lows of the pivotStrength bars on each side; a swing high is the mirror. Confirmed pivotStrength bars aft
T17-02	trends	reference/brooks/mined/trends/17_horizontal_lines_swing_points_and_other_key.json	FailedSwingExtremeBreakoutReversal	Entry	False	hard	any		Long form (mirror of the book's short): the bar's low breaks below the most recent confirmed swing low but the bar closes back above that swing low; buy at the 
T17-03	trends	reference/brooks/mined/trends/17_horizontal_lines_swing_points_and_other_key.json	SecondMoreExtremeReversalIsStronger	Entry	True	moderate	any		Prefer T17-02 on the second occurrence of a failed swing-extreme breakout within lookback bars over the first.
T17-04	trends	reference/brooks/mined/trends/17_horizontal_lines_swing_points_and_other_key.json	TradingRangeDayContext	Entry	True	research	intraday-only		Gate T17-02/T17-03 on the day being a trading-range day rather than a trend day; on trend days horizontal lines should instead be used only for with-trend pullb
T17-05	trends	reference/brooks/mined/trends/17_horizontal_lines_swing_points_and_other_key.json	BreakoutLevelRetestBuy	Entry	False	hard	any		On a trend day, after an upside breakout of a trading range (close above its highest high), buy a pullback that retests the breakout level (within tolerance) wi
T17-06	trends	reference/brooks/mined/trends/17_horizontal_lines_swing_points_and_other_key.json	FadeSwingExtremeRequiresPriorTrendLineBreak	Entry	True	hard	any		On a trend day, only take the countertrend fade at a swing extreme against the trend if a trend line has already broken and the current bar is a strong reversal
T17-07	trends	reference/brooks/mined/trends/17_horizontal_lines_swing_points_and_other_key.json	ScalpOnlyCountertrendOnMinimalMomentum	Exit	False	moderate	any		When the trend-line break preceding a countertrend fade (T17-06) was itself small/slow, cap the trade's target to a scalp distance instead of a swing target.
T17-08	trends	reference/brooks/mined/trends/17_horizontal_lines_swing_points_and_other_key.json	TwentyGapBarPullbackSetup	Entry	False	moderate	any		Shared primitive: a run of at least gapBarsThreshold consecutive bars all staying on one side of the EMA (never touching it), followed by the first bar to touch
T17-09	trends	reference/brooks/mined/trends/17_horizontal_lines_swing_points_and_other_key.json	MiddayCountertrendTrapWithTrendReentry	Entry	False	moderate	intraday-only	TimeWindow	Intraday: after cutoffTime (late morning), a countertrend move that closes through the EMA (trapping with-trend traders out) but then resumes in the original tr
TP3-01	trends	reference/brooks/mined/trends/18-part_iii_trends.json	BullTrendBar	Entry	False	trivial	any	BodyBelowAtrFraction (inverse idea), CloseRangePosition	Shared primitive for this chapter: the current bar is a bull trend bar, closing up with a body that is at least a fraction of its range.
TP3-02	trends	reference/brooks/mined/trends/18-part_iii_trends.json	SwingPivot	Entry	False	hard	any		Shared primitive: a swing low is a bar whose low is below the lows of the pivotStrength bars on each side; a swing high is the mirror. Provides lastSwingLow / p
TP3-03	trends	reference/brooks/mined/trends/18-part_iii_trends.json	AlwaysInLong	Entry	True	research	any		Shared primitive / context filter: the market is 'always-in long', meaning a trader forced to hold a position would hold a long. Brooks ties the flip to a stron
TP3-04	trends	reference/brooks/mined/trends/18-part_iii_trends.json	BullSpike	Entry	False	simple	any	ConsecutiveUpBars	Shared primitive: a bull spike is spikeBars consecutive bull trend bars with small tails and little overlap. Used as the 'strong trend / always-in flip' trigger
TP3-05	trends	reference/brooks/mined/trends/18-part_iii_trends.json	LittleOverlap	Entry	False	trivial	any		Shared primitive: the current bar overlaps the prior bar by no more than a fraction of its own range (bull form: the low is at or near the prior bar's close/hig
TP3-06	trends	reference/brooks/mined/trends/18-part_iii_trends.json	SmallTails	Entry	False	trivial	any		Shared primitive: the combined upper and lower tails of the bar are at most a fraction of the bar's range.
TP3-07	trends	reference/brooks/mined/trends/18-part_iii_trends.json	HigherLowFormingBeforeBuy	Entry	True	hard	any	LaggedHigherHigh (single-bar analogue)	Context filter: allow longs only when the most recent swing low is above the swing low before it (a higher low has formed).
TP3-08	trends	reference/brooks/mined/trends/18-part_iii_trends.json	TrendingSwings	Entry	True	hard	any		Context filter: bull trend structure = the last swing high is above the prior swing high AND the last swing low is above the prior swing low. Brooks calls the m
TP3-09	trends	reference/brooks/mined/trends/18-part_iii_trends.json	PriorTrendLineBreakRequired	Entry	True	hard	any		Context filter for reversal/new-trend longs: within the last N bars a close occurred above the bear trend line drawn through the two most recent swing highs of 
TP3-10	trends	reference/brooks/mined/trends/18-part_iii_trends.json	FirstPullbackAfterTrendLineBreak	Entry	False	hard	any		Buy the first pullback that follows a break of the prior bear trend line: after the break (TP3-09 within N bars), the first bar with low below the prior bar's l
TP3-11	trends	reference/brooks/mined/trends/18-part_iii_trends.json	WithTrendOnly	Entry	True	research	any		Context filter: take entries only in the direction of the established trend (long side allowed when always-in long). Blocks all countertrend entries.
TP3-12	trends	reference/brooks/mined/trends/18-part_iii_trends.json	StrongTrendDayFollowThrough	Entry	False	simple	daily-ok	BarRangeAboveStd, CloseRangePosition	On daily bars: yesterday was a huge bull trend bar (range at least rangeMultiple times the average range, closing in the top closeFraction of its range) -> buy 
TP3-13	trends	reference/brooks/mined/trends/18-part_iii_trends.json	OpeningSelloffToHigherTimeframeEMA	Entry	False	moderate	intraday-only		Day after a strong bull trend day: buy the early sell-off when a bar's low touches the higher-time-frame moving average (approximated on the trading chart by a 
TP3-14	trends	reference/brooks/mined/trends/18-part_iii_trends.json	InsideBarIsPullback	Entry	False	simple	any	InsideBar, CloseAbovePriorHigh	In a bull spike, a single inside bar counts as a pullback (a pause bar): buy when the bar after the inside bar closes above the inside bar's high.
TP3-15	trends	reference/brooks/mined/trends/18-part_iii_trends.json	PullbackBar	Entry	False	trivial	any	LaggedHigherHigh (mirror)	Shared primitive: a bull-trend pullback bar is a bar whose low is below the prior bar's low.
TP3-16	trends	reference/brooks/mined/trends/18-part_iii_trends.json	High1InBullSpike	Entry	False	moderate	any		After a bull spike of spikeBars consecutive bull trend bars, the first pullback bar (low below prior low) is the High 1 signal bar; buy when a bar within the ne
TP3-17	trends	reference/brooks/mined/trends/18-part_iii_trends.json	ShallowPullbackLimitBuy	Entry	False	simple	any	CloseNearPriorLow	During a bull spike, a bar dips below the prior bar's low by no more than dipTicks (a shallow pullback that a limit order at/below the prior low would have caug
TP3-18	trends	reference/brooks/mined/trends/18-part_iii_trends.json	BuyAbovePriorBarHighInSpike	Entry	False	trivial	any	CloseAbovePriorHigh	In an always-in-long market, buy when the bar closes above the prior bar's high (the close-based form of a buy stop above the prior bar).
TP3-19	trends	reference/brooks/mined/trends/18-part_iii_trends.json	BreakoutAbovePriorSwingHigh	Entry	False	hard	any	CloseAbovePriorHighestHigh, Breakout, HighestHighBreakout	In a strong bull trend, buy when the bar closes above the most recent swing high. Cheap proxy: close above the highest high of the last N bars ending one bar ag
TP3-20	trends	reference/brooks/mined/trends/18-part_iii_trends.json	BuyCloseOfAnyTrendBarInStrongBull	Entry	False	trivial	any		In a strong bull trend (always-in long), buy at the close of any trend bar, bull or bear (bear form is direction-agnostic: any bar whose body is at least bodyFr
TP3-21	trends	reference/brooks/mined/trends/18-part_iii_trends.json	ExitSpikeOnFirstNonTrendBar	Exit	False	trivial	any		Exit (partial in the book) a long entered in a spike when the current bar closes and is not another bull trend bar.
TP3-22	trends	reference/brooks/mined/trends/18-part_iii_trends.json	FinalHourWithTrendEntry	Entry	False	moderate	intraday-only	TimeWindow, TimeOfDayExit	Intraday: when the daily-chart trend is up (proxy: today's session close so far above the session open, or prior daily closes rising), allow/take long entries o
TP3-23	trends	reference/brooks/mined/trends/18-part_iii_trends.json	FailedNewHighExpectsTenBarCorrection	Entry	True	hard	any		Context filter / short setup: after a breakout above the prior swing high, if within failBars a bear trend bar closes back below the old high, block new longs f
TP3-24	trends	reference/brooks/mined/trends/18-part_iii_trends.json	NewHighAfterTwoSidedRallyIsShort	Entry	False	hard	any		Countertrend setup (written as the mirrored short-to-long form): when the rally into a new high shows two-sided signs (bear bodies, overlap, upper tails, weak b
TP3-25	trends	reference/brooks/mined/trends/18-part_iii_trends.json	BearBodyCountInWindow	Entry	True	simple	any	TailBarCountDominance, ConsecutiveUpBars	Two-sidedness sign: the number of bars closing below their open in the last windowBars is at least minBearBodies. As a long filter, require the count to be BELO
TP3-26	trends	reference/brooks/mined/trends/18-part_iii_trends.json	AverageUpperTailFraction	Entry	True	simple	any		Two-sidedness sign: the average upper-tail fraction (high minus the higher of open/close, over range) across the last windowBars exceeds tailFraction. As a long
TP3-27	trends	reference/brooks/mined/trends/18-part_iii_trends.json	AverageBarOverlapFraction	Entry	True	simple	any		Two-sidedness sign: the average range overlap between consecutive bars over the last windowBars exceeds overlapFraction of the bar range. Long filter: require i
TP3-28	trends	reference/brooks/mined/trends/18-part_iii_trends.json	LargerBearBarsAppearing	Entry	True	simple	any		Two-sidedness sign: the largest bear body in the last windowBars is at least bodyMultiple times the average bull body in the same window. Long filter: require t
TP3-29	trends	reference/brooks/mined/trends/18-part_iii_trends.json	FadeBreakoutOfFirstLegInPullback	Entry	False	hard	any		Long form: in a bull trend, a pullback (minor bear trend) makes two legs down; when the second leg breaks below the first leg's swing low, buy the failed breako
TP3-30	trends	reference/brooks/mined/trends/18-part_iii_trends.json	TrendAgeBars	Entry	True	moderate	any		Shared primitive / filter: the bull trend is mature, i.e. it has lasted at least minTrendBars bars. Proxy: bars since the close last crossed above the EMA, or b
TP3-31	trends	reference/brooks/mined/trends/18-part_iii_trends.json	ExceptionallyLargeTrendBar	Entry	False	simple	any	BarRangeAboveStd	Shared primitive: the current bar is a bull trend bar whose range is at least rangeMultiple times the average range of the prior rangeLookback bars (a possible 
TP3-32	trends	reference/brooks/mined/trends/18-part_iii_trends.json	ExitOnClimaxBarInMatureTrend	Exit	False	moderate	any		Exit a long at the close of an exceptionally large bull trend bar once the trend has lasted at least minTrendBars bars (the second or third consecutive buy clim
TP3-33	trends	reference/brooks/mined/trends/18-part_iii_trends.json	ConsecutiveClimaxCount	Entry	True	simple	any		Filter: the number of exceptionally large bull trend bars (buy climaxes) in the last windowBars, with no bear climax between, is at least climaxCount -> block n
TP3-34	trends	reference/brooks/mined/trends/18-part_iii_trends.json	NoBuyUntilTenBarCorrectionAfterClimax	Entry	True	moderate	any	LastTradeCooldown (structure only)	Filter: after a climax bar in a mature trend, block new longs until at least blockBars bars have passed (Brooks also wants two legs down, which is TP3-29's stru
TP3-35	trends	reference/brooks/mined/trends/18-part_iii_trends.json	LargePullbacksMeanTradingRange	Entry	True	hard	any		Filter: the depth of the most recent pullback (last swing high minus the subsequent lowest low) relative to the preceding leg's height is below maxPullbackFract
TP3-36	trends	reference/brooks/mined/trends/18-part_iii_trends.json	PullbackClosedWellBelowEMA	Entry	True	moderate	any		Filter (tipping point): within the last lookbackBars a bar closed below the EMA by at least depthMultiple times the average range. When true, new highs are shor
TP3-37	trends	reference/brooks/mined/trends/18-part_iii_trends.json	MeasuredMoveTarget	Exit	False	hard	any	AtrProfitTarget (dollar analogue)	Profit target: exit the long when price reaches the breakout level plus the height of the pattern that preceded the breakout (wedge / trading range / prior leg)
TP3-38	trends	reference/brooks/mined/trends/18-part_iii_trends.json	TrendDayIdentifiedInFirstHour	Entry	True	moderate	intraday-only		Intraday filter: after the first firstHourBars of the session, if the close is beyond the opening range by at least breakMultiple times the opening-range height
TP3-39	trends	reference/brooks/mined/trends/18-part_iii_trends.json	RangeDayReversalTargetsMidpoint	Exit	False	moderate	intraday-only		Intraday profit target for a countertrend (fade) long taken near the day's low on a trading-range day: exit when the high reaches the midpoint of the session's 
TP3-40	trends	reference/brooks/mined/trends/18-part_iii_trends.json	VolatilityExtremeNearBearEnd	Entry	True	simple	daily-ok	AtrAboveAverage, AtrFastAboveSlow	Filter (daily): when the ATR is at its highest of the last extremeLookback bars (or above atrMultiple times its long average), block new shorts / look for long 
TP3-41	trends	reference/brooks/mined/trends/18-part_iii_trends.json	AddOnFirstPullbackNotFade	Entry	True	moderate	any		Filter: within blockBars after a bull spike, block short entries (do not fade the spike for a scalp). Long form: within blockBars after a bear spike, block long
T18-01	trends	reference/brooks/mined/trends/18_example_of_how_to_trade_a_trend.json	MovingAverageTouch	Entry	False	moderate	any		Primitive: the current bar's range includes (touches or crosses) the moving average.
T18-02	trends	reference/brooks/mined/trends/18_example_of_how_to_trade_a_trend.json	SecondPullbackSignal	Entry	False	hard	any		Primitive: a high 2 (H2) buy setup -- the second distinct pullback leg against a bull trend, triggered by a break of the first pullback's high after the market 
T18-03	trends	reference/brooks/mined/trends/18_example_of_how_to_trade_a_trend.json	WedgeFlagPattern	Entry	False	hard	any		Primitive: a three-push wedge-shaped flag against the trend, where each push makes a new (or equal) extreme but with less momentum, converging toward a point --
T18-04	trends	reference/brooks/mined/trends/18_example_of_how_to_trade_a_trend.json	BreakoutPullbackEntry	Entry	False	hard	any		Primitive: after price breaks out above a bull flag's high, a shallow pullback that does not erase the breakout, followed by a resumption above the pullback bar
T18-05	trends	reference/brooks/mined/trends/18_example_of_how_to_trade_a_trend.json	BullSpikeClassification	Entry	False	moderate	any		Primitive: an active bull spike -- a short run of consecutive bull trend bars with high body fraction and little overlap, following a breakout.
T18-06	trends	reference/brooks/mined/trends/18_example_of_how_to_trade_a_trend.json	BuyClimaxBar	Entry	False	research	any		Primitive: an exceptionally large, extended bull trend bar occurring late in a mature bull move -- a buy climax that warrants a larger correction rather than an
T18-07	trends	reference/brooks/mined/trends/18_example_of_how_to_trade_a_trend.json	HighOnePullbackInSpikeNotAfterClimax	Entry	False	hard	any		Buy the first pullback (H1) within an active bull spike (T18-05), unless a buy climax (T18-06) has just occurred.
T18-08	trends	reference/brooks/mined/trends/18_example_of_how_to_trade_a_trend.json	BuyStopAboveSwingHighVeryStrongTrend	Entry	False	hard	any		In a very strong bull trend, place a buy stop above the most recent swing high rather than waiting for a pullback.
T18-09	trends	reference/brooks/mined/trends/18_example_of_how_to_trade_a_trend.json	BuySpikeAtCloseOfEachTrendBar	Entry	False	moderate	any		While an active bull spike (T18-05) is in progress, buy at the close of every bull trend bar within it.
T18-10	trends	reference/brooks/mined/trends/18_example_of_how_to_trade_a_trend.json	BuySpikeLimitBelowPriorBarLow	Entry	False	moderate	any		While an active bull spike is in progress, place a limit buy at or below the low of the prior bar.
T18-11	trends	reference/brooks/mined/trends/18_example_of_how_to_trade_a_trend.json	BuyCloseFirstBearBarInBullSpike	Entry	False	moderate	any		Buy at the close of the first bar that closes down (a bear bar) after an active bull spike has been running -- traders expect the countertrend bar to fail immed
T18-12	trends	reference/brooks/mined/trends/18_example_of_how_to_trade_a_trend.json	BuyAtBullTrendLineOrPriorSwingLow	Entry	False	hard	any		In a bull trend, buy on a limit order at the bull trend line, or at a prior swing low forming a potential double bottom.
T18-13	trends	reference/brooks/mined/trends/18_example_of_how_to_trade_a_trend.json	BuyWeakSignalBarLimitNewBullTrend	Entry	False	hard	any		After a strong reversal up, or at the bottom of a trading range, buy at or below a weak (small-bodied, poor-looking) low 1 or low 2 signal bar on a limit order,
T18-14	trends	reference/brooks/mined/trends/18_example_of_how_to_trade_a_trend.json	BuyPriorBarLimitQuietFlagAtMA	Entry	False	moderate	any		In a quiet (small-range, low-volatility) bull flag sitting at the moving average (T18-01), place a limit buy at or below the prior bar's low.
T18-15	trends	reference/brooks/mined/trends/18_example_of_how_to_trade_a_trend.json	BuyBelowBullBarBreakoutAboveFlag	Entry	False	hard	any		As soon as a bull bar closes above a bull flag's high (the breakout bar itself), place a limit buy below that breakout bar, anticipating the breakout-pullback e
T18-16	trends	reference/brooks/mined/trends/18_example_of_how_to_trade_a_trend.json	BuyBreakoutTestToAddForSwing	Entry	False	moderate	any		While holding (or after) an earlier with-trend long, add to the position when price retests (a 'breakout test' of) the level where earlier longs placed breakeve
T18-17	trends	reference/brooks/mined/trends/18_example_of_how_to_trade_a_trend.json	BuyFixedTicksDownFromHigh	Entry	False	simple	any		Place a limit buy a fixed distance below the most recent swing/trend high.
T18-18	trends	reference/brooks/mined/trends/18_example_of_how_to_trade_a_trend.json	BuyAtMovingAverageAfterGapBarStreakLimit	Entry	False	moderate	any		Once the trend has gone at least N consecutive bars without the moving average touch of T18-01, place a limit buy one tick above the moving average (the '20 gap
T18-19	trends	reference/brooks/mined/trends/18_example_of_how_to_trade_a_trend.json	BuyCloseFirstBearTrendBarBelowMaInStrongTrend	Entry	False	moderate	any		In a strong bull trend, buy at the close of the first bear trend bar whose close falls below the moving average (the prior bar's close having been at/above it).
T18-20	trends	reference/brooks/mined/trends/18_example_of_how_to_trade_a_trend.json	BuyFailedBreakoutBelowSwingLowInPullback	Entry	False	hard	any		Within a pullback (a small countertrend move) inside a strong bull trend, place a limit buy at/below the prior swing low reached during that pullback, anticipat
T18-21	trends	reference/brooks/mined/trends/18_example_of_how_to_trade_a_trend.json	AlwaysInLongBlocksShorts	Switch	True	research	any		While the market is classified 'always-in long' (a bull trend is in effect), block new short entries and prefer flat over short.
T18-22	trends	reference/brooks/mined/trends/18_example_of_how_to_trade_a_trend.json	TrailStopBelowRecentHigherLowOnNewHigh	Exit	False	moderate	any	TrailingStop	Each time price makes a new swing high while long, move the protective stop to one tick below the most recently confirmed swing low.
T18-23	trends	reference/brooks/mined/trends/18_example_of_how_to_trade_a_trend.json	PartialProfitAboveMostRecentHigh	Exit	False	moderate	any		Once open profit is sufficiently large, take a partial profit as price trades above the most recent swing high.
T18-24	trends	reference/brooks/mined/trends/18_example_of_how_to_trade_a_trend.json	MoveStopToBreakevenAfterRetestAndNewHigh	Exit	False	moderate	any		Once price has pulled back to retest the original entry price and then gone on to make a new high, move the protective stop to breakeven.
T18-25	trends	reference/brooks/mined/trends/18_example_of_how_to_trade_a_trend.json	StopBeyondFractionOfAverageDailyRange	Exit	False	moderate	any	AtrTrailingStop	Treat the trend (and the open long) as still intact, and hold the position, until the pullback from the recent high exceeds a fraction of the average daily rang
T18-26	trends	reference/brooks/mined/trends/18_example_of_how_to_trade_a_trend.json	ProfitTargetAtInitialRiskMultiple	Exit	False	moderate	any	AtrProfitTarget	Do not take any profit until open profit reaches at least N times the position's own initial risk (entry price minus the initial protective stop price); take a 
T18-27	trends	reference/brooks/mined/trends/18_example_of_how_to_trade_a_trend.json	TieredRiskMultipleScaleOut	Exit	False	hard	intraday-only	TieredProfitProtector	Scale out in quarters as open profit reaches successive multiples (1x, 2x, 3x) of the initial risk, holding the final quarter until a strong reversal signal or 
T18-28	trends	reference/brooks/mined/trends/18_example_of_how_to_trade_a_trend.json	EnterAtMarketOnceInTrend	Entry	False	research	any		As soon as the market is classified as being in a trend (any trend, not necessarily a strong one), enter at the market rather than waiting for a specific setup.
T19-01	trends	reference/brooks/mined/trends/19_signs_of_strength_in_a_trend.json	TrendBarClassification	Entry	False	trivial	any		Primitive: the current bar is a bull trend bar -- its body covers most of the bar's high-low range and it closed up.
T19-02	trends	reference/brooks/mined/trends/19_signs_of_strength_in_a_trend.json	SmallOrNoTailBar	Entry	False	trivial	any		Primitive: both wicks of the current bar are small relative to its range -- neither the top tail nor the bottom tail exceeds a fraction of the bar's high-low ra
T19-03	trends	reference/brooks/mined/trends/19_signs_of_strength_in_a_trend.json	FractionOfBarsAreTrendBars	Entry	True	simple	any		Sign-of-strength context filter: over the last N bars, at least a fraction F of them are bull trend bars (T19-01) -- a sign the up move is strong and should be 
T19-04	trends	reference/brooks/mined/trends/19_signs_of_strength_in_a_trend.json	LittleBodyOverlapBetweenBars	Entry	True	trivial	any		This bar's low sits at or only a small number of ticks below the prior bar's close (bull trend) -- almost no give-back into the prior bar's body, a sign traders
T19-05	trends	reference/brooks/mined/trends/19_signs_of_strength_in_a_trend.json	BodyGapBetweenBars	Entry	True	trivial	any		This bar's open trades beyond (above, in a bull trend) the prior bar's close -- a body gap, a strong sign of urgency.
T19-06	trends	reference/brooks/mined/trends/19_signs_of_strength_in_a_trend.json	MicroMeasuringGap	Entry	True	simple	any		Across three consecutive bars where the middle bar is a strong bull trend bar, the bar after it never trades back into the range of the bar before it -- a micro
T19-07	trends	reference/brooks/mined/trends/19_signs_of_strength_in_a_trend.json	MeasuringGapHoldsBreakout	Entry	True	hard	any		Since a designated breakout bar, no later pullback low has traded back below that breakout bar's high (bull case) -- confirms the breakout is holding and the tr
T19-08	trends	reference/brooks/mined/trends/19_signs_of_strength_in_a_trend.json	FewLargeBars	Entry	True	simple	any	BarRangeAboveStd	This bar's range is not much larger than the recent average bar range -- the trend lacks big or climactic bars, a sign of an orderly, strong trend.
T19-09	trends	reference/brooks/mined/trends/19_signs_of_strength_in_a_trend.json	SmallSidewaysPullbacks	Entry	True	moderate	any		The depth of the current pullback (retracement from the most recent swing high, in a bull trend) stays below a fraction of the average bar range -- a sign the t
T19-10	trends	reference/brooks/mined/trends/19_signs_of_strength_in_a_trend.json	NoPullbackForNBars	Entry	True	simple	any	ConsecutiveUpBars	None of the last N bars was a countertrend (bear) bar in a bull trend -- the trend has run N straight bars with no pullback at all.
T19-11	trends	reference/brooks/mined/trends/19_signs_of_strength_in_a_trend.json	NoConsecutiveCloseAcrossEma	Entry	True	moderate	any		The last two closes are not BOTH on the wrong side of the moving average for the trend direction (e.g., in a bull trend, not two closes in a row below the EMA) 
T19-12	trends	reference/brooks/mined/trends/19_signs_of_strength_in_a_trend.json	MovingAverageGapBar	Entry	False	moderate	any		Primitive: this bar's entire range stays clear of the moving average -- in a bull trend, the bar's low is above the EMA.
T19-13	trends	reference/brooks/mined/trends/19_signs_of_strength_in_a_trend.json	MovingAverageGapBarStreak	Entry	True	moderate	any		At least N consecutive bars have not touched the moving average -- a strong-trend sign that also sets up buying the eventual first pullback into the EMA (the '2
T19-14	trends	reference/brooks/mined/trends/19_signs_of_strength_in_a_trend.json	BigGapOpen	Entry	True	moderate	intraday-only		The session's opening price gaps beyond a threshold distance from the prior session's close -- a sign the day may become a strong trend day.
T19-15	trends	reference/brooks/mined/trends/19_signs_of_strength_in_a_trend.json	GapDoesNotReverseEarly	Entry	True	moderate	intraday-only		After a big gap up (T19-14), price has not traded back down through the prior session's close within the first N bars of the session -- confirms the gap is hold
T19-16	trends	reference/brooks/mined/trends/19_signs_of_strength_in_a_trend.json	OpenNearSessionExtreme	Entry	True	moderate	intraday-only		The session's open still sits within a small distance of the session's running low (bull case) -- a sign this is a trend-from-the-open bull day likely to close 
T19-17	trends	reference/brooks/mined/trends/19_signs_of_strength_in_a_trend.json	NoClimaxBar	Entry	True	research	any		Absence of a climax bar (an exceptionally large, extended trend bar signaling exhaustion) in the recent window -- a sign of an orderly, strong trend.
T19-18	trends	reference/brooks/mined/trends/19_signs_of_strength_in_a_trend.json	FailedWedgeOrReversal	Entry	True	hard	any		A wedge or other reversal pattern forms against the trend and then fails to reverse it (price breaks back through in the trend direction) -- a sign of trend str
T19-19	trends	reference/brooks/mined/trends/19_signs_of_strength_in_a_trend.json	NoTrendChannelOvershoot	Entry	True	hard	any		Price does not significantly overshoot the projected trend channel line, and any minor overshoot is followed by a sideways (not countertrend) correction.
T19-20	trends	reference/brooks/mined/trends/19_signs_of_strength_in_a_trend.json	SidewaysCorrectionAfterTrendLineBreak	Entry	True	hard	any		After a trend-line break, the ensuing correction stays roughly flat rather than reversing hard against the trend -- a sign of strength.
T19-21	trends	reference/brooks/mined/trends/19_signs_of_strength_in_a_trend.json	TwoLeggedPullbackRepeats	Entry	True	hard	any		Successive pullbacks against the trend each complete in exactly two legs before the trend resumes -- a recurring pattern that signals strength and sets up relia
T19-22	trends	reference/brooks/mined/trends/19_signs_of_strength_in_a_trend.json	TrendBreaksManyResistanceLevels	Entry	True	research	any		Price decisively breaks multiple distinct resistance references (moving average, prior swing high, trend line) by more than a minimal margin -- a composite stru
T19-23	trends	reference/brooks/mined/trends/19_signs_of_strength_in_a_trend.json	FailedCountertrendSpikeBecomesFlag	Entry	True	hard	any		A strong countertrend spike fails to follow through (does not make a new extreme beyond a short window) and instead consolidates into a flag that resolves back 
T19-24	trends	reference/brooks/mined/trends/19_signs_of_strength_in_a_trend.json	StrongTrendComposite	Entry	True	research	any		When a majority of the mechanizable signs-of-strength conditions above hold concurrently, classify the market as in a strong trend; in that state, permit setup-
T20-01	trends	reference/brooks/mined/trends/20_two_legs.json	LegDefinition	Entry	False	research	any		Primitive: a 'leg' is a run of price movement in one direction that ends when a direction-change criterion fires (e.g., a swing pivot, a minimum retracement, or
T20-02	trends	reference/brooks/mined/trends/20_two_legs.json	TwoLeggedPullbackComplete	Entry	True	hard	any		A pullback against the trend has completed exactly two legs (a countertrend leg, a small with-trend leg that stays inside the trend's extreme, and a second coun
T20-03	trends	reference/brooks/mined/trends/20_two_legs.json	ABCPullbackPattern	Entry	False	hard	any		The classic three-step ABC pullback: leg A countertrend, leg B a small with-trend bounce that fails to exceed the trend's prior extreme, leg C a second countert
T20-04	trends	reference/brooks/mined/trends/20_two_legs.json	SecondLegExceedsFirstLegExtreme	Entry	True	hard	any		In a two-legged countertrend move within a trend, once leg 2 trades beyond leg 1's extreme (e.g., a rally's leg 2 high exceeds leg 1's high within a bear trend)
T20-05	trends	reference/brooks/mined/trends/20_two_legs.json	TrendLineBreakStartsNewLeg	Entry	True	hard	any		A break of the current trend line marks the start of a new leg against the trend -- the first leg of a potential two-legged pullback or reversal.
T20-06	trends	reference/brooks/mined/trends/20_two_legs.json	SecondPushFailsAtPriorExtreme	Entry	False	hard	any		A second push (leg 2) tests the extreme set by an earlier leg and fails to exceed it by more than a small tolerance -- a double top/bottom test that signals a r
TP4-01	trends	reference/brooks/mined/trends/21-part_iv_common_trend_patterns.json	OpeningRangeHeight	Entry	True	moderate	intraday-only		Primitive: the opening range of the session is the highest high minus the lowest low of the first N bars of the session. Exposed as a local for the other TP4 ca
TP4-02	trends	reference/brooks/mined/trends/21-part_iv_common_trend_patterns.json	AverageDailyRange	Entry	True	moderate	intraday-only		Primitive: the average of the full-session high-low range over the last D completed sessions, computed on the intraday series by tracking each session's running
TP4-03	trends	reference/brooks/mined/trends/21-part_iv_common_trend_patterns.json	SmallOpeningRangeBreakoutMode	Entry	True	moderate	intraday-only		Filter: the session's opening range is smaller than a fraction of the average daily range, so the day is in breakout mode and breakout entries in either directi
TP4-04	trends	reference/brooks/mined/trends/21-part_iv_common_trend_patterns.json	HalfOpeningRangeTrendingRangeDay	Entry	True	moderate	intraday-only		Filter: the opening range is between a lower and an upper fraction of the average daily range (around one half), so a breakout is expected to travel about one o
TP4-05	trends	reference/brooks/mined/trends/21-part_iv_common_trend_patterns.json	OpeningRangeMeasuredMoveTarget	Exit	False	moderate	intraday-only		Exit: after an upside breakout of the opening range, take profit when the high reaches the opening-range high plus a multiple of the opening-range height (the m
TP4-06	trends	reference/brooks/mined/trends/21-part_iv_common_trend_patterns.json	LargeOpeningRangeSpikeDay	Entry	True	moderate	intraday-only		Filter: the opening range already exceeds a large fraction of the average daily range, so the opening move is a spike; with-trend entries only (direction of the
TP4-07	trends	reference/brooks/mined/trends/21-part_iv_common_trend_patterns.json	DayTrendDirection	Entry	True	research	intraday-only	CloseAboveAverage	Research primitive: the direction of the day's trend, needed by every 'with-trend only' filter in Part IV. Simplest mechanization: sign of (close minus session 
TP4-08	trends	reference/brooks/mined/trends/21-part_iv_common_trend_patterns.json	WithTrendOnlyOnTrendDay	Entry	True	research	intraday-only		Filter: when a trend-day pattern has been recognized (opening range small or large, per TP4-03/TP4-06), only allow entries in the day's trend direction. Long si
TP4-09	trends	reference/brooks/mined/trends/21-part_iv_common_trend_patterns.json	BullReversalBar	Entry	False	trivial	any	CloseRangePosition	Primitive: a bull reversal bar opens near its low, closes near its high with a bull body, and has a lower tail; a 'good' one has a body of at least a fraction o
TP4-10	trends	reference/brooks/mined/trends/21-part_iv_common_trend_patterns.json	TrendLineBreakOccurred	Entry	True	hard	any		Filter for countertrend entries: within the last N bars, a bar closed beyond the trend line drawn through the two most recent swing lows of the bull trend (long
TP4-11	trends	reference/brooks/mined/trends/21-part_iv_common_trend_patterns.json	CountertrendEntryRequiresReversalBar	Entry	True	hard	intraday-only		Composite filter: a long taken against the day's trend is allowed only if a trend line break has occurred and the signal bar is a good bull reversal bar; enter 
TP4-12	trends	reference/brooks/mined/trends/21-part_iv_common_trend_patterns.json	CountertrendScalpTarget	Exit	False	moderate	intraday-only	TakeProfit	Exit: a position taken against the day's trend is closed as soon as open profit reaches a scalp target measured in ticks (or points); with-trend positions are n
TP4-13	trends	reference/brooks/mined/trends/21-part_iv_common_trend_patterns.json	MaxCountertrendTradesPerSession	Entry	True	moderate	intraday-only		Filter: block a countertrend entry once the number of countertrend entries taken this session has reached the maximum.
TP4-14	trends	reference/brooks/mined/trends/21-part_iv_common_trend_patterns.json	VeryStrongTrendNoCountertrend	Entry	True	moderate	any	MomentumConsecutiveBars	Filter: when the trend is very strong (proxy: the close has stayed above the EMA for at least N consecutive bars), block any short entry; long side of the mirro
TP4-15	trends	reference/brooks/mined/trends/21-part_iv_common_trend_patterns.json	PatternRecognitionWindow	Entry	True	trivial	intraday-only	TimeWindow	Filter: the day-type classification (TP4-03/04/06) is only trusted once the session is at least M minutes old; before that, treat the day as undecided (both dir
TP4-16	trends	reference/brooks/mined/trends/21-part_iv_common_trend_patterns.json	SwingPartOfPositionOnTrendDay	Exit	False	moderate	intraday-only	TimeOfDayExit	Exit management: on a recognized trend day, scalp out part of a with-trend position at the scalp target and hold the remainder to the session close (or until an
T21-01	trends	reference/brooks/mined/trends/21_spike_and_channel_trend.json	BullTrendBar	Entry	False	trivial	any	CloseRangePosition	Primitive: the bar is a bull trend bar, closing up with a body that is at least a fraction of its range (small tails).
T21-02	trends	reference/brooks/mined/trends/21_spike_and_channel_trend.json	LargeTrendBarClimax	Entry	False	simple	any	BarRangeAboveStd	Primitive: a large bull trend bar, i.e. a bull trend bar whose range is at least a multiple of the recent average bar range (or ATR).
T21-03	trends	reference/brooks/mined/trends/21_spike_and_channel_trend.json	BarOverlapFraction	Entry	False	trivial	any		Primitive: the fraction of the current bar's range that overlaps the prior bar's range; 'little overlap' is this fraction below a threshold. Used by spike, tigh
T21-04	trends	reference/brooks/mined/trends/21_spike_and_channel_trend.json	DojiBar	Entry	False	trivial	any	BodyBelowAtrFraction	Primitive: a doji is a bar whose body is a small fraction of its range.
T21-05	trends	reference/brooks/mined/trends/21_spike_and_channel_trend.json	BullSpike	Entry	False	simple	any	ConsecutiveUpBars	Primitive: the last N bars are all bull trend bars with rising closes and little overlap between consecutive bars. A single large bull trend bar (T21-02) also c
T21-06	trends	reference/brooks/mined/trends/21_spike_and_channel_trend.json	PauseBar	Entry	False	trivial	any	InsideBar	Primitive: in a bull move, a pause bar is the first bar that fails to make a higher high, or has a bear body, or is an inside bar. It marks the end of a spike.
T21-07	trends	reference/brooks/mined/trends/21_spike_and_channel_trend.json	SpikeState	Entry	False	moderate	any		Primitive with state: once a bull spike is detected, remember spikeStart (open or low of its first bar), spikeEnd (close or high of its last bar, fixed at the f
T21-08	trends	reference/brooks/mined/trends/21_spike_and_channel_trend.json	AlwaysInLong	Entry	True	research	any	CloseAboveAverage	Research primitive: the market is always-in long. Proxy candidates: a bull spike has occurred and the close has not fallen below the spike start since; or close
T21-09	trends	reference/brooks/mined/trends/21_spike_and_channel_trend.json	SpikeInFirstHour	Entry	True	moderate	intraday-only		Filter: a bull spike completed within the first N bars of the session, which makes a spike-and-channel bull day likely; long entries are favored for the rest of
T21-10	trends	reference/brooks/mined/trends/21_spike_and_channel_trend.json	BuySpikeBarClose	Entry	False	simple	any	ConsecutiveUpBars	Entry: the current bar completes (or extends) a bull spike of at least N bars; enter at the next open. Brooks: enter at the market as the spike is forming when 
T21-11	trends	reference/brooks/mined/trends/21_spike_and_channel_trend.json	StopBelowSpikeBottom	Exit	False	moderate	any		Exit: a long entered on a spike is stopped out when a bar closes below the low of the first bar of the spike (spikeStart, low-based).
T21-12	trends	reference/brooks/mined/trends/21_spike_and_channel_trend.json	PullbackAfterSpikeResumption	Entry	False	moderate	any	CloseAbovePriorHighestHigh	Entry: after a bull spike ended at a pause bar, a pullback of between minPullbackBars and maxPullbackBars bars formed, and the current bar closes above the high
T21-13	trends	reference/brooks/mined/trends/21_spike_and_channel_trend.json	ChannelStartLevel	Entry	False	moderate	any		Primitive with state: the start (bottom) of the bull channel is the lowest low of the pullback that followed the spike; remembered as channelStart when T21-12 f
T21-14	trends	reference/brooks/mined/trends/21_spike_and_channel_trend.json	PullbackOverTenBarsIsTradingRange	Entry	True	moderate	any		Filter: after a spike, if the pullback has lasted more than N bars without a new extreme, the spike-and-channel expectation is off and the pullback is treated a
T21-15	trends	reference/brooks/mined/trends/21_spike_and_channel_trend.json	TradingRangeAfterSpikeWithTrendBreakout	Entry	False	moderate	any	CloseAbovePriorHighestHigh	Entry (trend resumption): after a bull spike and a pullback that grew into a trading range of more than N bars, buy when a bar closes above the high of that ran
T21-16	trends	reference/brooks/mined/trends/21_spike_and_channel_trend.json	ChannelBuyBelowPriorBarLow	Entry	False	trivial	any		Entry: in a bull channel (always-in long), the current bar traded below the prior bar's low; buy at the next open (Brooks buys with a limit order at or below th
T21-17	trends	reference/brooks/mined/trends/21_spike_and_channel_trend.json	ChannelBuyAbovePullbackBarHigh	Entry	False	trivial	any	CloseAbovePriorHigh	Entry (mirrored to the long side): in a bull channel, the prior bar was a pullback bar (bear body or lower high) and the current bar closes above its high; buy 
T21-18	trends	reference/brooks/mined/trends/21_spike_and_channel_trend.json	ChannelBuyBelowSwingLow	Entry	False	hard	any		Entry (mirrored from the bears' version): in a bull channel, the current bar traded below the most recent swing low; buy at the next open (the bulls' scale-in l
T21-19	trends	reference/brooks/mined/trends/21_spike_and_channel_trend.json	PullbackToEmaInTrend	Entry	False	moderate	any	CloseAboveAverage	Entry: in a bull trend, the bar's low touched or penetrated the EMA while the close held above it; buy at the next open.
T21-20	trends	reference/brooks/mined/trends/21_spike_and_channel_trend.json	PullbackToTrendLine	Entry	False	hard	any		Entry (long side): in a bull channel, the bar's low reaches (or slightly breaks) the bull trend line drawn through the last two swing lows while the close stays
T21-21	trends	reference/brooks/mined/trends/21_spike_and_channel_trend.json	BuyFixedIncrementLower	Entry	False	moderate	any		Entry (scale-in): in a bull channel, buy each time price falls a fixed increment below the last entry price (or below the last swing high). Needs pyramiding; si
T21-22	trends	reference/brooks/mined/trends/21_spike_and_channel_trend.json	CountertrendScalpAboveSwingHighInChannel	Entry	False	hard	any		Entry (countertrend, long side mirrored): in a bear channel, buy when the bar trades below the prior swing low or prior bar low; scalp only (pair with a scalp e
T21-23	trends	reference/brooks/mined/trends/21_spike_and_channel_trend.json	ChannelWithTrendBreakoutFailsWithinFiveBars	Entry	False	hard	any		Entry (fade, long side mirrored): a bar closed below the lower trend-channel line of a bear channel (with-trend breakout); within failBars a bar closes back abo
T21-24	trends	reference/brooks/mined/trends/21_spike_and_channel_trend.json	TakeProfitOnChannelLineOvershoot	Exit	False	hard	any		Exit: a long in a bull channel is closed when a bar's high overshoots the bull trend-channel line (parallel of the trend line through the swing lows, anchored a
T21-25	trends	reference/brooks/mined/trends/21_spike_and_channel_trend.json	ThreePushesInChannel	Entry	False	hard	any		Primitive: three consecutive higher swing highs (pushes) since the channel started, each separated by a pullback. 'Most three-push patterns function exactly lik
T21-26	trends	reference/brooks/mined/trends/21_spike_and_channel_trend.json	ExitAfterThirdPush	Exit	False	hard	any		Exit: close a channel long once the third push has completed and the current bar turns down (close below the prior bar's low, or a bear body after the third swi
T21-27	trends	reference/brooks/mined/trends/21_spike_and_channel_trend.json	WedgeOvershootReversalEntry	Entry	False	hard	any		Entry (countertrend, long side mirrored): three pushes down in a bear channel, the third overshooting the bear trend-channel line, followed by a strong bull rev
T21-28	trends	reference/brooks/mined/trends/21_spike_and_channel_trend.json	SecondEntrySignal	Entry	True	moderate	any		Primitive/filter: the current buy signal is the second one at this level - an earlier signal bar's high was exceeded within the last N bars, that entry would ha
T21-29	trends	reference/brooks/mined/trends/21_spike_and_channel_trend.json	ChannelBreakoutPullbackEntry	Entry	False	hard	any		Entry (long side mirrored): after a bar closes above the upper line of a bear channel (countertrend breakout), do not buy the breakout; wait for a pullback that
T21-30	trends	reference/brooks/mined/trends/21_spike_and_channel_trend.json	TightChannelNoCountertrend	Entry	True	moderate	any		Filter: the channel is tight (over the last N bars the deepest pullback from the running high is below a fraction of ATR, or no close below the EMA) - block cou
T21-31	trends	reference/brooks/mined/trends/21_spike_and_channel_trend.json	OppositeBodyCount	Entry	True	simple	any	TailBarCountDominance	Primitive/filter: the number of bars with a body against the trend in the last N bars. In a bull channel, a count at or above a threshold is a sign of two-sided
T21-32	trends	reference/brooks/mined/trends/21_spike_and_channel_trend.json	AverageOverlapInWindow	Entry	True	simple	any		Primitive/filter: the mean bar-overlap fraction over the last N bars; below the threshold the move is a strong channel/spike, above it the channel is weak and t
T21-33	trends	reference/brooks/mined/trends/21_spike_and_channel_trend.json	DojiCountInWindow	Entry	True	simple	any		Primitive/filter: number of doji bars in the last N bars is at most a threshold (strong trend); its negation flags two-sided trading.
T21-34	trends	reference/brooks/mined/trends/21_spike_and_channel_trend.json	WeakChannelPermitsBothDirections	Entry	True	moderate	any		Composite filter: at least K of the two-sidedness signs (opposite bodies above threshold, average overlap above threshold, dojis above threshold, a pullback lon
T21-35	trends	reference/brooks/mined/trends/21_spike_and_channel_trend.json	NoCountertrendScaleInLateSession	Entry	True	trivial	intraday-only	TimeWindow	Filter: countertrend entries are blocked once the session time is past a cutoff (the second half / final couple of hours of the day).
T21-36	trends	reference/brooks/mined/trends/21_spike_and_channel_trend.json	FailedCountertrendScalpWithTrendEntry	Entry	False	trivial	any		Entry: in a bull channel, a countertrend short was triggered (a bar fell below the low of a bear signal bar) and now a bar closes above that bear signal bar's h
T21-37	trends	reference/brooks/mined/trends/21_spike_and_channel_trend.json	FadeLargeTrendBarLateInTrend	Entry	False	hard	any		Entry (countertrend, long side mirrored): after a bear trend has run at least N bars (or a bear channel is in its later part), a large bear trend bar breaks bel
T21-38	trends	reference/brooks/mined/trends/21_spike_and_channel_trend.json	ConsecutiveClimaxes	Entry	False	simple	any		Primitive: two large bull trend bars (climaxes) within M bars of each other, separated by at least one non-trend or pause bar. The second climax completes the s
T21-39	trends	reference/brooks/mined/trends/21_spike_and_channel_trend.json	ExitAfterSecondClimax	Exit	False	moderate	any		Exit: close a long once a second consecutive buy climax has printed (take profits into the climax) or, more conservatively, on the first bear-body bar after it.
T21-40	trends	reference/brooks/mined/trends/21_spike_and_channel_trend.json	NoWithTrendEntriesAfterConsecutiveClimaxes	Entry	True	moderate	any		Filter: for N bars after consecutive buy climaxes, block new long entries (expect a two-legged, 10-bar correction). Long side reads 'no consecutive buy climaxes
T21-41	trends	reference/brooks/mined/trends/21_spike_and_channel_trend.json	ThirdConsecutiveClimaxReversal	Entry	False	moderate	any		Entry (countertrend, long side): after three consecutive sell climaxes (three large bear trend bars each separated by a pause within the window), buy on the fir
T21-42	trends	reference/brooks/mined/trends/21_spike_and_channel_trend.json	CorrectionToChannelStartTarget	Exit	False	moderate	any		Exit for a countertrend short taken after a bull channel breaks down: cover when the low reaches the channel start (bottom of the pullback after the spike) with
T21-43	trends	reference/brooks/mined/trends/21_spike_and_channel_trend.json	DoubleBottomBullFlag	Entry	False	hard	any		Primitive: in a bull trend, the current pullback low is within a tolerance of an earlier swing low (the two tests), both above the trend's start; a bull reversa
T21-44	trends	reference/brooks/mined/trends/21_spike_and_channel_trend.json	DoubleBottomAtChannelStartEntry	Entry	False	hard	any		Entry: after a bull spike-and-channel broke down, the correction reaches the channel start (within tolerance) and a bar closes above the prior bar's high there;
T21-45	trends	reference/brooks/mined/trends/21_spike_and_channel_trend.json	BounceTwentyFivePercentTarget	Exit	False	moderate	any		Exit: a long taken at the channel-start double bottom takes profit when the high reaches the channel start plus a fraction of the channel height (channel high m
T21-46	trends	reference/brooks/mined/trends/21_spike_and_channel_trend.json	SpikeHeightMeasuredMoveTarget	Exit	False	moderate	any		Exit: take profit on a long when the high reaches the spike end plus a multiple of the spike height (projected from the spike top).
T21-47	trends	reference/brooks/mined/trends/21_spike_and_channel_trend.json	LegOneEqualsLegTwoTarget	Exit	False	moderate	any		Exit: take profit when the high reaches the channel start plus the spike height (leg 2, starting at the pullback low, equals leg 1, the spike).
T21-48	trends	reference/brooks/mined/trends/21_spike_and_channel_trend.json	MeasuringGapMeasuredMove	Exit	False	hard	any		Exit: after a breakout, the gap between the breakout point (prior swing extreme) and the first pullback's extreme is a measuring gap; the target is the trend st
T21-49	trends	reference/brooks/mined/trends/21_spike_and_channel_trend.json	GapOpenAsSpike	Entry	True	moderate	intraday-only		Filter/primitive: the session opened with a gap up of at least a multiple of ATR above the prior session's close (or high); treat it as a bull spike whose start
T21-50	trends	reference/brooks/mined/trends/21_spike_and_channel_trend.json	OppositeSpikesWithinFewBars	Entry	True	simple	any		Filter: a large bull trend bar and a large bear trend bar both occurred within the last N bars - expect a trading range; block trend (swing) entries and allow f
T21-51	trends	reference/brooks/mined/trends/21_spike_and_channel_trend.json	SecondSpikeFailsWithinTwoBars	Entry	False	simple	any		Entry (long side): after opposite spikes, a second large bear trend bar prints (bears 'winning'), but within failBars a bar closes back above that bear bar's op
T21-52	trends	reference/brooks/mined/trends/21_spike_and_channel_trend.json	StrongBullTrendAboveEmaTwentyBars	Entry	True	moderate	any	MomentumConsecutiveBars	Filter: every one of the last N bars has its low above the EMA (or close above) and the current high is the highest of those N bars - a very strong bull trend.
T21-53	trends	reference/brooks/mined/trends/21_spike_and_channel_trend.json	FirstBearSpikeInStrongBullIsFlag	Entry	False	moderate	any		Entry: in a very strong bull trend (T21-52), the first bear trend bar in at least N bars printed; buy when a subsequent bar (within flagBars) closes above that 
T21-54	trends	reference/brooks/mined/trends/21_spike_and_channel_trend.json	OppositeSpikeCountInWindow	Entry	True	simple	any	TailBarCountDominance	Filter: the number of bear trend bars (spikes) in the last N bars is below a threshold (bull trend still one-sided). Its negation (count >= threshold) flags a t
T21-55	trends	reference/brooks/mined/trends/21_spike_and_channel_trend.json	ThirdOppositeSpikeAtNewExtreme	Entry	False	moderate	any		Entry (countertrend, long side mirrored): in a bear trend, the third bull trend bar within the window prints at a new trend low (the bar before it made the lowe
T21-56	trends	reference/brooks/mined/trends/21_spike_and_channel_trend.json	FirstEmaPullbackThenTestOfHigh	Exit	False	hard	any		Exit: a long entered on the first pullback to the EMA after a very strong bull run takes profit when the high reaches the prior trend high (within tolerance); t
T21-57	trends	reference/brooks/mined/trends/21_spike_and_channel_trend.json	MovingAverageGapBarEntry	Entry	False	moderate	any		Entry: in a bull trend that has held above the EMA for at least N bars, the first bar whose high is entirely below the EMA (a gap between bar and average) is th
T21-58	trends	reference/brooks/mined/trends/21_spike_and_channel_trend.json	SevenOfEightBullBodiesTrendingHLC	Entry	True	simple	any	ConsecutiveUpBars	Filter/entry: at least K of the last N bars have bull bodies and the majority of consecutive bar pairs show higher highs, higher lows and higher closes - a stro
T21-59	trends	reference/brooks/mined/trends/21_spike_and_channel_trend.json	RepeatedTrendLineTestsBreakThrough	Entry	False	hard	any		Entry (long side): the bear trend line through the last swing highs has been touched at least K times in the last N bars without price falling more than a fract
T21-60	trends	reference/brooks/mined/trends/21_spike_and_channel_trend.json	ExhaustionBarSmallBodyLargeTail	Entry	False	simple	any		Entry (countertrend, long side): after a bear spike (prior bar a large bear trend bar), the current bar has a body smaller than a fraction of the prior body and
T21-61	trends	reference/brooks/mined/trends/21_spike_and_channel_trend.json	BounceOfFixedSizeFromLow	Entry	False	simple	any		Entry (countertrend, long side): after a decline, the close is at least a fixed distance (points or ATR multiple) above the lowest low of the last N bars.
T21-62	trends	reference/brooks/mined/trends/21_spike_and_channel_trend.json	FixedAmountBeyondChannelTest	Entry	False	hard	any		Entry (long side mirrored): in a bull channel, after a bar tests the channel's lower line, buy when price has moved a fixed amount above that test bar's low (mo
T21-63	trends	reference/brooks/mined/trends/21_spike_and_channel_trend.json	OpeningRangeUnderThirtyPercentBreakoutMode	Entry	True	moderate	intraday-only		Filter: opening range (first N bars of the session) height is under a fraction of the average daily range; breakout entries in either direction are enabled.
T21-64	trends	reference/brooks/mined/trends/21_spike_and_channel_trend.json	OpeningRangeBreakoutEntry	Entry	False	moderate	intraday-only		Entry: after the opening range is set (and is small), buy when a bar closes above the opening-range high.
T21-65	trends	reference/brooks/mined/trends/21_spike_and_channel_trend.json	SmallOpeningRangeWithLargeGapTrendDay	Entry	True	moderate	intraday-only		Filter: a large opening gap combined with a small opening range - expect a trend day, take breakout entries and swing them.
T21-66	trends	reference/brooks/mined/trends/21_spike_and_channel_trend.json	GapUpDoubleBottomThenTrend	Entry	False	hard	intraday-only		Entry: after a large gap up, the first N bars form a double bottom (two lows within tolerance) above the prior session's close; buy when a bar closes above the 
T21-67	trends	reference/brooks/mined/trends/21_spike_and_channel_trend.json	GapUpFirstBarBearReversalFailedBreakout	Entry	False	moderate	intraday-only		Entry (countertrend, long side mirrored): the session gapped down below the prior session's low and the first bar is a bull reversal bar; buy when the next bar 
T21-68	trends	reference/brooks/mined/trends/21_spike_and_channel_trend.json	OutsideUpBar	Entry	False	trivial	any	CloseAbovePriorHigh	Primitive/entry: an outside up bar takes out the prior bar's low and closes above the prior bar's high.
T21-69	trends	reference/brooks/mined/trends/21_spike_and_channel_trend.json	InsideBarBreakoutPullback	Entry	False	simple	any	EecQuickPullbackPattern	Entry: bar[2] broke out (closed above the highest high of the prior N bars), bar[1] is an inside bar, and the current bar closes above the inside bar's high.
T21-70	trends	reference/brooks/mined/trends/21_spike_and_channel_trend.json	TripleInsideBarFlag	Entry	False	simple	any	InsideBar	Entry: in a bull trend, three consecutive inside bars (each inside the one before) form a flag; buy when a bar closes above the high of the first (largest) insi
T21-71	trends	reference/brooks/mined/trends/21_spike_and_channel_trend.json	High1FailsAfterClimax	Entry	True	hard	any		Filter: for N bars after a buy climax (large bull trend bar) and the reversal down from it, do not take the first (high 1) pullback buy; long side reads 'no buy
T21-72	trends	reference/brooks/mined/trends/21_spike_and_channel_trend.json	High2Setup	Entry	False	hard	any		Primitive/entry: in a pullback within a bull trend, the second bar whose high exceeds the prior bar's high after an intervening lower high (second leg down comp
T21-73	trends	reference/brooks/mined/trends/21_spike_and_channel_trend.json	StopBeyondSignalBarUntilSecondLeg	Exit	False	moderate	any		Exit (long side): a long's protective stop stays below the signal bar's low (not trailed) until a second leg has begun; exit when a bar closes below the signal-
T21-74	trends	reference/brooks/mined/trends/21_spike_and_channel_trend.json	ExitBreakoutSpikeWithinFiveToTenBars	Exit	False	trivial	any	NumBars	Exit: a long entered on a breakout spike out of a flag/wedge is closed after N bars regardless of profit.
T21-75	trends	reference/brooks/mined/trends/21_spike_and_channel_trend.json	ParabolicAccelerationClimaxExit	Exit	False	trivial	any		Exit: the channel is accelerating - the net gain of the last K bars exceeds a multiple of the net gain of the K bars before that; take profits on the long (do n
T21-76	trends	reference/brooks/mined/trends/21_spike_and_channel_trend.json	ExitOnFirstOppositeBodyAfterRun	Exit	False	simple	any	ConsecutiveCloseExit	Exit: after a run of at least N consecutive bull-body bars, the first bear-body bar closes the long.
T21-77	trends	reference/brooks/mined/trends/21_spike_and_channel_trend.json	ShrinkingStairsWaningMomentum	Exit	False	hard	any		Exit (or negative filter): the increments between successive swing highs are shrinking (third increment less than a fraction of the second); take profits on lon
T21-78	trends	reference/brooks/mined/trends/21_spike_and_channel_trend.json	DoubleTopTestOfWedgeHigh	Entry	False	hard	any		Entry (countertrend, long side mirrored): after a three-push (wedge) bottom, a later low tests the wedge low within tolerance and the bar closes above the prior
T21-79	trends	reference/brooks/mined/trends/21_spike_and_channel_trend.json	FailedTradingRangeBreakoutFade	Entry	False	moderate	any		Entry (fade, long side): a bar closed below the lowest low of the prior N bars (downside breakout of the range) and within failBars a bar closes back above that
T21-80	trends	reference/brooks/mined/trends/21_spike_and_channel_trend.json	TwoBarReversalUp	Entry	False	trivial	any		Primitive/entry: a bear-body bar followed by a bull-body bar that closes above the bear bar's open (the pair acts as one reversal bar); buy at the next open.
T21-81	trends	reference/brooks/mined/trends/21_spike_and_channel_trend.json	TrendLineBreakBeforeCountertrend	Entry	True	hard	any		Filter: a countertrend long is permitted only if, within the last N bars, a bar closed above the bear trend line drawn through the two most recent swing highs.
T21-82	trends	reference/brooks/mined/trends/21_spike_and_channel_trend.json	ChannelIsFirstLegOfTradingRange	Entry	True	moderate	any		Filter for trading-range tactics: once a bull channel has run at least N bars after the spike, fades of new highs (shorts above prior swing highs) are permitted
T22-01	trends	reference/brooks/mined/trends/22_trending_trading_range_days.json	OpeningRangeHeightVsAverageDailyRange	Entry	False	hard	intraday-only		Primitive with state: track the current session's opening-range high/low over its first N bars, and the average of the last M completed sessions' full-day range
T22-02	trends	reference/brooks/mined/trends/22_trending_trading_range_days.json	SmallOpeningRangePredictsExpansion	Entry	True	moderate	intraday-only		Filter: the session's opening-range height is at or below a fraction of the recent average daily range, which favors a breakout later in the session and roughly
T22-03	trends	reference/brooks/mined/trends/22_trending_trading_range_days.json	OpeningRangeBreakoutEntry	Entry	False	moderate	intraday-only	HighestHighBreakout	Entry: with a small opening range in place, the current bar closes above the opening-range high; buy at the next open. Brooks prefers waiting for the breakout b
T22-04	trends	reference/brooks/mined/trends/22_trending_trading_range_days.json	BreakoutPullbackPreferredEntry	Entry	False	moderate	intraday-only	CloseAbovePriorHigh	Entry: after a close beyond the opening-range high, wait for a pullback that holds above the opening-range high, then buy when a bar closes above the pullback's
T22-05	trends	reference/brooks/mined/trends/22_trending_trading_range_days.json	MeasuredMoveFromOpeningRangeTarget	Exit	False	moderate	intraday-only		Exit: take profit on a long entered on the opening-range breakout when price reaches the opening-range high plus the opening-range height (a measured move up pr
T22-06	trends	reference/brooks/mined/trends/22_trending_trading_range_days.json	SecondRangeFormsNearMeasuredMoveTarget	Entry	True	research	intraday-only		Research filter: once price nears the opening-range measured-move target, the with-trend breakout expectation is spent and the market is expected to consolidate
T22-07	trends	reference/brooks/mined/trends/22_trending_trading_range_days.json	FadeLargeTrendBarNearMeasuredMoveTarget	Entry	False	hard	intraday-only		Entry (countertrend, long side mirrored): near the opening-range measured-move target, a large trend bar prints against the day's trend; fade it, expecting an e
T22-08	trends	reference/brooks/mined/trends/22_trending_trading_range_days.json	GapTestExitTarget	Exit	False	hard	intraday-only		Exit for the fade in T22-07: cover once price retests the breakout gap between the first and second trading ranges (the two or three trend bars that formed the 
T22-09	trends	reference/brooks/mined/trends/22_trending_trading_range_days.json	BreakoutTestHoldsAboveRangeIsStrength	Entry	True	hard	any		Filter: after a breakout above a prior trading range, a pullback that tests down but stays above (or barely touches) that prior range's top is a sign of relativ
T22-10	trends	reference/brooks/mined/trends/22_trending_trading_range_days.json	HigherSwingsWithinRangePredictsBreakout	Entry	True	hard	any		Filter: while price is still confined to a trading range, the last K swing highs are each higher than the one before and the last K swing lows are each higher t
T22-11	trends	reference/brooks/mined/trends/22_trending_trading_range_days.json	MultipleBreakoutsFavorWithTrendOnly	Entry	True	moderate	intraday-only		Filter: once the session has already produced at least N distinct trading-range-to-trading-range breakouts, treat the day as a strong trend day and block counte
T22-12	trends	reference/brooks/mined/trends/22_trending_trading_range_days.json	FailedOppositeSideBreakoutFade	Entry	False	hard	intraday-only		Entry (fade, long side mirrored): the session already broke and extended beyond one side of the day's range by only a small amount and has now reversed to break
T22-13	trends	reference/brooks/mined/trends/22_trending_trading_range_days.json	LateSessionReversalAfterTrendingRangeDay	Entry	True	research	intraday-only	TimeWindow	Filter/context: on a day already classified as a trending trading range day, a countertrend reversal attempt in the final N minutes of the session is a reliable
T22-14	trends	reference/brooks/mined/trends/22_trending_trading_range_days.json	SuppressSwingLowTrailingStopInRangeRegime	Exit	False	research	any		Exit-management rule: while the market is judged to be in a trending trading range, do not use a swing-low trailing stop for a long (it will typically be tagged
T22-15	trends	reference/brooks/mined/trends/22_trending_trading_range_days.json	TakeProfitOnStrengthNotWeakness	Exit	False	hard	any		Exit: in range regime, close a long into strength as it reaches the top of the forming upper range rather than waiting for weakness to trail it out. Practically
T22-16	trends	reference/brooks/mined/trends/22_trending_trading_range_days.json	PersistentSmallRangePredictsLateBreakout	Entry	True	research	intraday-only		Research filter: if the session's range so far, deep into the day, is still unusually small versus its own recent-day history (e.g. in the bottom couple of perc
T23-01	trends	reference/brooks/mined/trends/23_trend_from_the_open_and_small_pullback_trends.json	OpeningRangeHeightVsAverageDailyRange	Entry	False	hard	intraday-only		Primitive with state: track the current session's opening-range high/low over its first N bars, and the average of the last M completed sessions' full-day range
T23-02	trends	reference/brooks/mined/trends/23_trend_from_the_open_and_small_pullback_trends.json	QuarterOpeningRangePredictsDoubleBottomTrend	Entry	True	moderate	intraday-only		Filter: the opening-range height is below a small fraction of the recent average daily range (Brooks gives 25-33 percent), which favors a strong directional bre
T23-03	trends	reference/brooks/mined/trends/23_trend_from_the_open_and_small_pullback_trends.json	TrendFromOpenFlag	Entry	True	moderate	intraday-only		Primitive: a session flag, set long the first time a bar in the session closes above the high of the first bar (or of the prior bar early in the session), and c
T23-04	trends	reference/brooks/mined/trends/23_trend_from_the_open_and_small_pullback_trends.json	FirstPullbackAfterOpenSpikeEntry	Entry	False	moderate	intraday-only	CloseAbovePriorHigh	Entry: with the trend-from-open flag set and the opening spike at least N bars, buy on the first pullback that closes back above the pullback's signal-bar high 
T23-05	trends	reference/brooks/mined/trends/23_trend_from_the_open_and_small_pullback_trends.json	GapDirectionalBias	Entry	True	moderate	intraday-only		Soft filter: on a session that opens with a gap beyond a minimum size, prefer with-gap entries over against-gap entries (does not block the other side, just a b
T23-06	trends	reference/brooks/mined/trends/23_trend_from_the_open_and_small_pullback_trends.json	PullbackSizeSinceTrendStart	Entry	False	moderate	intraday-only		Primitive with state: since the trend-from-open flag was set, track the largest pullback so far (the running high minus the lowest low reached before a new high
T23-07	trends	reference/brooks/mined/trends/23_trend_from_the_open_and_small_pullback_trends.json	SmallPullbackTrendDayFlag	Entry	True	moderate	intraday-only		Filter: the day is a trend-from-open day and the largest pullback so far stays below a fraction of the average daily range -- the small pullback trend day varia
T23-08	trends	reference/brooks/mined/trends/23_trend_from_the_open_and_small_pullback_trends.json	ExpectLargerPullbackAfterElevenAM	Entry	True	moderate	intraday-only		Filter/context: on a confirmed small pullback trend day, once the session clock passes a cutoff time, a pullback of roughly 1.5-2x the day's largest prior pullb
T23-09	trends	reference/brooks/mined/trends/23_trend_from_the_open_and_small_pullback_trends.json	FadeClimaxOnSmallPullbackDayAfterEleven	Entry	False	hard	intraday-only		Entry (countertrend, long side mirrored): after 11:00 a.m. on a small pullback bull trend day, two consecutive large bull trend bars break to a new high; short 
T23-10	trends	reference/brooks/mined/trends/23_trend_from_the_open_and_small_pullback_trends.json	AllowWeakSignalBarsInConfirmedStrongTrend	Entry	True	research	intraday-only		Research filter: when the small-pullback-trend-day flag is set, relax (or bypass) any normal signal-bar quality veto (small body, doji, countertrend body, heavy
T23-11	trends	reference/brooks/mined/trends/23_trend_from_the_open_and_small_pullback_trends.json	TightenStopOnlyAfterNewExtremeFollowingPullback	Exit	False	hard	any		Exit-management rule: do not move a long's stop up to a new swing low's protection until price has both pulled back near the original signal bar's high AND then
T23-12	trends	reference/brooks/mined/trends/23_trend_from_the_open_and_small_pullback_trends.json	FixedStopPreferredInTightSmallPullbackChannel	Exit	False	moderate	any	AtrTrailingStop	Exit: on a small pullback trend day, use a fixed price/ATR-based stop rather than a swing-low/prior-bar-low price-action stop, since the many small sideways bar
T23-13	trends	reference/brooks/mined/trends/23_trend_from_the_open_and_small_pullback_trends.json	FirstBarBreakoutEntry	Entry	False	moderate	intraday-only		Entry: the session's first bar is a strong trend bar (large body relative to range, small tails) following a gap; buy the breakout of its high at the next open.
T23-14	trends	reference/brooks/mined/trends/23_trend_from_the_open_and_small_pullback_trends.json	ReverseAfterFirstBarStopOut	Entry	False	moderate	intraday-only	FlatOrOpenLossExceeds	Entry: after the first-bar breakout trade (T23-13) is stopped out by the very next bar trading back through the first bar's opposite extreme, reverse into a pos
T23-15	trends	reference/brooks/mined/trends/23_trend_from_the_open_and_small_pullback_trends.json	FirstTrendLineBreakEntry	Entry	False	hard	intraday-only		Entry (short side, mirrored for a bull trend): in a confirmed trend from the open, the current bar's close breaks below the trend line drawn through the first t
T23-16	trends	reference/brooks/mined/trends/23_trend_from_the_open_and_small_pullback_trends.json	NoPauseByFourthBarIncreasesReversalOdds	Entry	True	moderate	intraday-only		Filter/context: if the first N bars of the session all extended in the same direction with no pause (no inside bar, no bar failing to make a new extreme), weigh
T23-17	trends	reference/brooks/mined/trends/23_trend_from_the_open_and_small_pullback_trends.json	AvoidEntryAtScheduledReportTime	Entry	True	moderate	intraday-only	TimeWindow	Filter: block new entries within a short window of a known recurring report time (e.g. 7:00 a.m. PST economic data); wait for the bar containing the report to c
T23-18	trends	reference/brooks/mined/trends/23_trend_from_the_open_and_small_pullback_trends.json	InitialLegMeasuredMoveReversalTarget	Exit	False	moderate	intraday-only		Exit: for a countertrend long taken after a trend-from-open sell-off reverses, take profit around a measured move projected from the reversal point, using the h
T23-19	trends	reference/brooks/mined/trends/23_trend_from_the_open_and_small_pullback_trends.json	OppositeSpikeAtOpenBeforeRelease	Entry	True	hard	intraday-only		Primitive/filter: within the first few bars of the session, price spikes one way and then reverses and spikes the other way (an opening double top or double bot
T24-01	trends	reference/brooks/mined/trends/24_reversal_day.json	OpeningRangeHeightVsAverageDailyRange	Entry	False	hard	intraday-only		Primitive with state: track the current session's opening-range high/low over its first N bars, and the average of the last M completed sessions' full-day range
T24-02	trends	reference/brooks/mined/trends/24_reversal_day.json	LargeOpeningRangeWeakensBreakoutOdds	Entry	True	moderate	intraday-only		Filter: the opening-range height already exceeds a fraction of the recent average daily range, so a later breakout is unlikely to become a strong, relentless (t
T24-03	trends	reference/brooks/mined/trends/24_reversal_day.json	PartialProfitWhenTrendUnclear	Exit	False	moderate	intraday-only	AtrProfitTarget	Exit: when the large-opening-range filter (T24-02) is active, scale out part of a with-trend position at a modest fixed/ATR profit target instead of holding for
T24-04	trends	reference/brooks/mined/trends/24_reversal_day.json	RunawaySpikeAlwaysInFlipAnytime	Entry	True	moderate	any	ConsecutiveUpBars	Filter: a multi-bar run of large trend bars with little overlap and small tails, occurring at any point in the session (not just the open), flips the always-in 
T24-05	trends	reference/brooks/mined/trends/24_reversal_day.json	CountertrendSpikeWithinPullbackWarnsReversal	Entry	True	hard	any		Filter: while in an established trend, a pullback against it contains its own multi-bar spike (large trend bars against the prevailing direction with little ove
T24-06	trends	reference/brooks/mined/trends/24_reversal_day.json	PullbackExceedsPriorLegHeightBecomesReversal	Entry	True	moderate	any		Filter: once a warned pullback's move (from the trend extreme) exceeds the height of the trend leg that preceded it, treat the session as having flipped into an
T24-07	trends	reference/brooks/mined/trends/24_reversal_day.json	RestrictToPullbackDirectionOnCountertrendSpike	Entry	True	moderate	any		Filter: once T24-06 fires, block entries in the original trend direction for the rest of the session and trade only in the new (pullback) direction.
T24-08	trends	reference/brooks/mined/trends/24_reversal_day.json	PriorDayLateReversalFollowThroughBias	Entry	True	hard	intraday-only		Filter: if the prior session closed with a strong reversal that began in its final N hours (the session's close-to-open-of-that-window move exceeds a size thres
T24-09	trends	reference/brooks/mined/trends/24_reversal_day.json	WedgeCorrectionMinimumBarCount	Entry	True	hard	any		Filter/context: after a wedge-bottom reversal, treat the correction as still incomplete (likely to need a further, larger leg, and a full reversal reading as pr
T24-10	trends	reference/brooks/mined/trends/24_reversal_day.json	WedgeFailureMeasuredMoveDownWithExtensionLeg	Exit	False	hard	any		Exit/target: when a bull wedge flag breaks down instead of reversing up, project a measured-move-down target (wedge top minus wedge height) from the breakdown p
T24-11	trends	reference/brooks/mined/trends/24_reversal_day.json	NoPullbackAfterFirstLegSignOfStrength	Entry	True	moderate	any		Filter: after a first leg of a new move completes, if no bar closes back through a minimum retracement fraction of that leg before a new extreme is made, treat 
T24-12	trends	reference/brooks/mined/trends/24_reversal_day.json	SmallerTimeframeEntriesInRunawayTrend	Entry	True	research	intraday-only		Research idea: in a confirmed runaway trend, running entry logic on a faster secondary bar series (e.g. 3-minute alongside a 5-minute primary) surfaces addition
T25-01	trends	reference/brooks/mined/trends/25_trend_resumption_day.json	AverageDailyRangeHistory	Entry	False	hard	intraday-only		Primitive with state: maintain a rolling average of the last M completed sessions' full-day range (high-low), for use in judging whether the current session's m
T25-02	trends	reference/brooks/mined/trends/25_trend_resumption_day.json	MorningTrendLegFlag	Entry	True	moderate	intraday-only		Primitive with state: a session flag, set when the net move over the first N bars of the session (close of bar N minus session open) exceeds a size threshold; r
T25-03	trends	reference/brooks/mined/trends/25_trend_resumption_day.json	TightMiddayRangePredictsResumption	Entry	True	hard	intraday-only		Filter: after a qualifying morning trend leg (T25-02), the market has stayed inside a tight range for at least H hours; the tighter that midday range relative t
T25-04	trends	reference/brooks/mined/trends/25_trend_resumption_day.json	FailedReversalBreakoutTrapFade	Entry	False	hard	intraday-only		Entry (mirrored to the long side, for a morning bull trend that pulled into a tight range): a late-session breakout beyond the midday range in the direction OPP
T25-05	trends	reference/brooks/mined/trends/25_trend_resumption_day.json	MiddayThreePushCountertrendLikelyFails	Entry	True	hard	intraday-only		Filter: during the midday range following a morning trend leg, a developing three-push countertrend pattern (wedge or head-and-shoulders shaped) is more likely 
T25-06	trends	reference/brooks/mined/trends/25_trend_resumption_day.json	MultiDayTrendResumptionBreakout	Entry	True	hard	any		Filter: after a strong multi-session trend leg, price has since stayed inside that leg's range (has not retraced past a fraction of it) for up to K sessions; a 
T25-07	trends	reference/brooks/mined/trends/25_trend_resumption_day.json	SpikeHeightMeasuredMoveTarget	Exit	False	moderate	any		Exit/target: for a long entered on (or during) a breakout spike, project a measured-move target using the spike's own height -- from the open or low of the spik
T25-08	trends	reference/brooks/mined/trends/25_trend_resumption_day.json	RepeatedLevelTestHoldsIsStrength	Entry	True	hard	any		Filter: a support (or resistance) level is tested at least K times within a lookback window, each test holding at or within a small tolerance of the level witho
T26-01	trends	reference/brooks/mined/trends/26_stairs_broad_channel_trend.json	StairsPatternDetection	Entry	True	hard	any		Primitive: at least N consecutive swing legs with trending highs and lows (each swing low above the one before it and each swing high above the one before it, f
T26-02	trends	reference/brooks/mined/trends/26_stairs_broad_channel_trend.json	BreakoutOverlapIsNormalInStairs	Entry	True	moderate	any		Filter: once a stairs pattern is detected, a pullback that retraces past the most recent breakout point (but stays short of the prior opposite swing extreme) is
T26-03	trends	reference/brooks/mined/trends/26_stairs_broad_channel_trend.json	MinorSwingOvershootDoesNotFlipTrend	Entry	True	hard	any		Filter: within an established stairs pattern (bear variant), a swing high extends a little beyond the most recent prior swing high (within a tolerance), but thi
T26-04	trends	reference/brooks/mined/trends/26_stairs_broad_channel_trend.json	ShrinkingStairsMomentumWaning	Entry	True	hard	any		Filter: within a stairs pattern, each successive breakout leg's extension (swing extreme minus the prior swing extreme) is smaller than the one before it for at
T26-05	trends	reference/brooks/mined/trends/26_stairs_broad_channel_trend.json	FadeBreakoutUsingPriorExtensionSize	Entry	False	hard	any		Entry (mirrored, buy side shown for a bear stairs): in a detected stairs pattern, scale into longs once price trades a fraction of the prior leg's extension siz
T26-06	trends	reference/brooks/mined/trends/26_stairs_broad_channel_trend.json	ExitAtTypicalRetracementDistance	Exit	False	moderate	any		Exit: for the fade entry in T26-05, take profit once price rallies a fraction of the typical (most recent) pullback size above the entry/swing low.
T26-07	trends	reference/brooks/mined/trends/26_stairs_broad_channel_trend.json	ScalpFadeStrongBreakoutInEstablishedStairs	Entry	False	moderate	any		Entry (mirrored, long side shown): in an established bear stairs pattern, a strong bear trend bar closes below the low of the most recent stair (swing low); buy
T26-08	trends	reference/brooks/mined/trends/26_stairs_broad_channel_trend.json	StairAccelerationChannelMeasuredMove	Exit	False	hard	any		Exit/target: when one stair accelerates and breaks out of the channel in the with-trend direction, project a target using the channel's own width -- a line para
T26-09	trends	reference/brooks/mined/trends/26_stairs_broad_channel_trend.json	WedgeTopFailureAccelerationMeasuredMove	Exit	False	hard	any		Exit/target: when an apparent wedge-top reversal pattern instead fails and price accelerates through it in the prior trend's direction, project a target at the 
